1,0.0,0.0,0.0,-0.1692665070295334,-0.018807390704751015,-9.341671102447435e-05,-0.33226388692855835,-0.10657521337270737,-0.0001557412906549871,-0.3416675925254822,-0.21628499031066895,-0.00021361862309277058,-0.2664380371570587,-0.3228602111339569,-0.000267115596216172,-0.3228602111339569,-0.460781067609787,-9.237111225957051e-05,-0.4043588936328888,-0.6457204222679138,-0.0001764817425282672,-0.460781067609787,-0.7585647106170654,-0.00022775548859499395,-0.5015304088592529,-0.8651399612426758,-0.0002645328640937805,-0.15986281633377075,-0.4952612817287445,-9.73763017100282e-05,-0.2006121575832367,-0.573625385761261,-0.00022013254056219012,-0.16613194346427917,-0.351071298122406,-0.00023859953216742724,-0.13478629291057587,-0.2350923717021942,-0.0002221042668679729,0.0,-0.47958844900131226,-0.0001158616942120716,-0.025076519697904587,-0.5360106229782104,-0.00023762276396155357,-0.025076519697904587,-0.3228602111339569,-0.00020401010988280177,-0.021941956132650375,-0.2288232445716858,-0.00014955224469304085,0.15359368920326233,-0.4325699806213379,-0.00014254593406803906,0.13478629291057587,-0.504664957523346,-0.00022061636263970286,0.10030607879161835,-0.351071298122406,-0.00019077639444731176,0.07522956281900406,-0.27584171295166016,-0.00014935385843273252,-0.9808324846959381,-0.9988206258610652,-0.9951581598016725,-0.9860385860070444,0.9473901843617893,-0.9939278712041769,-0.9138102574455571,0.9138100444185804,-0.9994448879749126,-0.8273803229898715,0.8888295536264721,-0.9949117208492374,-0.9274413956034385,-0.5475610882877142,-0.7647339078418579,0.418602468795208,1.0,0.2709904318664963,0.229872893617351,0.2859163489740489,0.20693930979686453,0.6568184585780259,0.15476128069863454,0.15132001988183585,0.17164258219743456,1.0,0.0,0.0,0.0,1.0
1,0.0,0.0,0.0,-0.16815820336341858,-0.021798286586999893,-9.34963027248159e-05,-0.3269743025302887,-0.10899142920970917,-0.00015570824325550348,-0.33943045139312744,-0.21798285841941833,-0.00021344295237213373,-0.25535136461257935,-0.31451812386512756,-0.0002667226654011756,-0.32074621319770813,-0.46087804436683655,-9.271253657061607e-05,-0.40171128511428833,-0.6477205157279968,-0.00017670994566287845,-0.45464998483657837,-0.7598260045051575,-0.00022761107538826764,-0.4951325058937073,-0.8688173890113831,-0.000264156173216179,-0.15881608426570892,-0.492018461227417,-9.721857350086793e-05,-0.19929862022399902,-0.5729835033416748,-0.00021829380420967937,-0.16815820336341858,-0.3518866300582886,-0.00023568810138385743,-0.13701780140399933,-0.23666711151599884,-0.00021890108473598957,0.0031140409409999847,-0.47644826769828796,-0.00011515690857777372,-0.024912327527999878,-0.5356150269508362,-0.00023572116333525628,-0.024912327527999878,-0.3238602578639984,-0.0002011228643823415,-0.01868424564599991,-0.22732499241828918,-0.00014602304145228118,0.15258800983428955,-0.4235095679759979,-0.00014132953947409987,0.13701780140399933,-0.49824655055999756,-0.0002184817858505994,0.09964931011199951,-0.345658540725708,-0.00018810313486028463,0.07473698258399963,-0.2709215581417084,-0.00014632836973760277,-0.980246555005057,-0.999479337527464,-0.996343397638636,-0.9885570913622127,0.9480567379711805,-0.9923169954760759,-0.9009194674720682,0.9037366154595168,-0.9979252958642882,-0.8518906396281677,0.9023664242702459,-0.9966741254765779,-0.9311728139525716,-0.5776789353052436,-0.6746295578599276,0.4051247203416778,1.0,0.2734689187964034,0.22809159412323612,0.28104114719260204,0.19865151517743324,0.6583766541204117,0.15215021160995193,0.1504774647327834,0.1714431315003751,1.0,0.0,0.0,0.0,1.0
1,0.0,0.0,0.0,-0.16459864377975464,-0.021739443764090538,-0.00010073609882965684,-0.3198803961277008,-0.10559158027172089,-0.00016887376841623336,-0.3354085683822632,-0.21428880095481873,-0.00023151467030402273,-0.2577676773071289,-0.31677475571632385,-0.00028904707869514823,-0.3198803961277008,-0.45652830600738525,-9.873046656139195e-05,-0.3975212574005127,-0.6459720134735107,-0.00018551993707660586,-0.4534226953983307,-0.7608805298805237,-0.00023635919205844402,-0.4937959313392639,-0.8695777654647827,-0.00027182107442058623,-0.15528173744678497,-0.4937959313392639,-0.00010070772259496152,-0.1956549882888794,-0.5776480436325073,-0.00022200742387212813,-0.1677042841911316,-0.3571479916572571,-0.000236603882513009,-0.1397535651922226,-0.24534514546394348,-0.00021732835739385337,0.0031056348234415054,-0.4751621186733246,-0.00011697502486640587,-0.018633808940649033,-0.5372748374938965,-0.0002390743902651593,-0.021739443764090538,-0.3260916471481323,-0.00020192838564980775,-0.021739443764090538,-0.23292261362075806,-0.00014465261483564973,0.1521761119365692,-0.42236632108688354,-0.0001421702472725883,0.1397535651922226,-0.4937959313392639,-0.0002210459060734138,0.10248594731092453,-0.34472545981407166,-0.00018964457558467984,0.07453523576259613,-0.26708459854125977,-0.00014651335368398577,-0.9754092088991833,-0.9979640865574779,-0.995285382163583,-0.9896423165459189,0.9484023261949475,-0.992940851208231,-0.9416777880808577,0.9388974353892539,-0.9998917635943853,-0.86880765796811,0.9142390619256374,-0.9949464046773117,-0.9345451359866457,-0.5948109605963241,-0.7036827119311955,0.40839993274662917,1.0,0.2823567757202442,0.23393496477727913,0.2772899317837004,0.2008548077819808,0.6593575540244736,0.14551358127611566,0.1430265286873158,0.172304195165946,1.0,0.0,0.0,0.0,1.0
1,0.0,0.0,0.0,-0.16699707508087158,-0.018555231392383575,-9.698929352452978e-05,-0.32780909538269043,-0.10823884606361389,-0.00016140069055836648,-0.3370867073535919,-0.21647769212722778,-0.00022057040769141167,-0.2566806972026825,-0.3216240108013153,-0.00027503285673446953,-0.3216240108013153,-0.4607882499694824,-9.346350270789117e-05,-0.40203002095222473,-0.646340548992157,-0.00017648572975303978,-0.4546031653881073,-0.760764479637146,-0.00022771641670260578,-0.494806170463562,-0.8690032958984375,-0.0002645391214173287,-0.1577194631099701,-0.5009912252426147,-9.647749538999051e-05,-0.19482992589473724,-0.5783047080039978,-0.00021730281878262758,-0.16081200540065765,-0.35873445868492126,-0.00023698412405792624,-0.132979154586792,-0.24121800065040588,-0.00022184682893566787,0.0030925385653972626,-0.4855285584926605,-0.00011288392124697566,-0.018555231392383575,-0.5411942601203918,-0.0002346565597690642,-0.015462692826986313,-0.32780909538269043,-0.00020204571774229407,-0.015462692826986313,-0.2226627767086029,-0.0001479464553995058,0.15153439342975616,-0.43295538425445557,-0.000137618015287444,0.13607169687747955,-0.4978986978530884,-0.00021801910770591348,0.10205376893281937,-0.3463643193244934,-0.00018960422312375158,0.07731346040964127,-0.2628657817840576,-0.00014835427282378078,-0.9799739723856093,-0.9997627938154268,-0.9971846296400194,-0.9898593044192696,0.9571456653868934,-0.9968930276050042,-0.9296757879202081,0.9371574489614648,-0.9998950072458681,-0.8416750625231315,0.8984486317665666,-0.9977411460554619,-0.9218098821790077,-0.559875229394247,-0.7395788827468885,0.4114936862874117,1.0,0.2754444297216659,0.223199069142887,0.2739996626973678,0.19931317766071283,0.6540507554578567,0.15102745411259114,0.16117321811437824,0.18179184426018322,1.0,0.0,0.0,0.0,1.0
1,0.0,0.0,0.0,-0.16660557687282562,-0.021597018465399742,-9.546104411128908e-05,-0.32704058289527893,-0.11107038706541061,-0.00015932285168673843,-0.33321115374565125,-0.22214077413082123,-0.0002182415482820943,-0.252993643283844,-0.3239552974700928,-0.00027271639555692673,-0.31778469681739807,-0.4627932608127594,-9.361402771901339e-05,-0.3980022072792053,-0.6479105949401855,-0.00017833196034189314,-0.4473668336868286,-0.7651515603065491,-0.00023177391267381608,-0.48747557401657104,-0.8731366395950317,-0.000270317803369835,-0.15117913484573364,-0.4998167157173157,-9.736976062413305e-05,-0.18820258975028992,-0.5800341963768005,-0.00022016774164512753,-0.1542644202709198,-0.36097875237464905,-0.00024179453612305224,-0.12958210706710815,-0.24065250158309937,-0.00022796251869294792,0.009255865588784218,-0.4843902885913849,-0.00011419312068028376,-0.01542644202709198,-0.549181342124939,-0.00023677086574025452,-0.012341153807938099,-0.3362964391708374,-0.0002045267028734088,-0.01542644202709198,-0.22831134498119354,-0.00015060268924571574,0.15734970569610596,-0.43194037675857544,-0.00013916980242356658,0.14192326366901398,-0.5029020309448242,-0.00022062873176764697,0.10798509418964386,-0.3517228960990906,-0.00019240057736169547,0.08021749556064606,-0.26842010021209717,-0.00015107227955013514,-0.9814689787206309,-0.9999461213579734,-0.9990805561363125,-0.9903976669456053,0.9614127762720271,-0.9988185498970767,-0.9275148282527397,0.9395471699361856,-0.999073145388069,-0.8454413539303398,0.9069163389317962,-0.9949116890171588,-0.9287317564118305,-0.5347639657713549,-0.7499534805604307,0.41103879443258345,1.0,0.273322513293584,0.2288319535624922,0.28015034284382656,0.19937758486355686,0.6555059094365027,0.15178245835383178,0.1542026556567466,0.17697826654959994,1.0,0.0,0.0,0.0,1.0
1,0.0,0.0,0.0,-0.1649703085422516,-0.021385040134191513,-9.453979146201164e-05,-0.32383060455322266,-0.10692519694566727,-0.0001599169772816822,-0.3421606421470642,-0.2169054001569748,-0.00022058752074372023,-0.25662046670913696,-0.31772059202194214,-0.0002769197744783014,-0.3146655857563019,-0.4551958441734314,-9.60603283601813e-05,-0.3971507251262665,-0.6446061730384827,-0.00018151836411561817,-0.4490858316421509,-0.7606964111328125,-0.00023196896654553711,-0.4918559193611145,-0.8706766366958618,-0.000267692725174129,-0.15275028347969055,-0.48880091309547424,-0.00010035459854407236,-0.20468537509441376,-0.5743410587310791,-0.00022084327065385878,-0.1710803210735321,-0.35438066720962524,-0.0002351464208913967,-0.14053025841712952,-0.24134545028209686,-0.00021614374418277293,0.003055005567148328,-0.4704708755016327,-0.00011821398220490664,-0.03055005706846714,-0.5346260070800781,-0.000238705295487307,-0.02749505080282688,-0.32383060455322266,-0.00020072434563189745,-0.021385040134191513,-0.22912542521953583,-0.00014328898396342993,0.1558052897453308,-0.42159077525138855,-0.0001443741493858397,0.12831023335456848,-0.5010209083557129,-0.0002209378726547584,0.09776017814874649,-0.3482706546783447,-0.00018764920241665095,0.07943014800548553,-0.27189549803733826,-0.00014379726781044155,-0.9812159178449126,-0.9999505668728449,-0.998761677538787,-0.9706752441717349,0.9233610735560626,-0.9936943807683765,-0.8827990449929227,0.8924615895749695,-0.9987533710741319,-0.7729988057864947,0.8624832823535611,-0.9992723006165335,-0.9341128037962378,-0.6123977686473364,-0.6457719646937743,0.4084122016374599,1.0,0.27927840408025245,0.23012127630395032,0.28326017622780825,0.2010946202420417,0.6621944353362571,0.14850853575185463,0.14385416916254826,0.17031162493614815,1.0,0.0,0.0,0.0,1.0
1,0.0,0.0,0.0,-0.15995155274868011,-0.02153193950653076,-9.945017518475652e-05,-0.31990310549736023,-0.10458370298147202,-0.0001694542879704386,-0.3445110321044922,-0.21224339306354523,-0.00023401468934025615,-0.25838327407836914,-0.31990310549736023,-0.0002937403041869402,-0.31375110149383545,-0.452170729637146,-0.00010152631875826046,-0.3937268853187561,-0.6428821682929993,-0.0001921696384670213,-0.4490947425365448,-0.759769856929779,-0.0002457094378769398,-0.49215859174728394,-0.8705055117607117,-0.00028325634775683284,-0.15379956364631653,-0.48600661754608154,-0.00010488148109288886,-0.20916740596294403,-0.5752103924751282,-0.0002291726559633389,-0.1753315031528473,-0.3506630063056946,-0.00024344831763301045,-0.14149560034275055,-0.23685133457183838,-0.000223819850361906,0.006151982583105564,-0.47062668204307556,-0.00012260067160241306,-0.030759911984205246,-0.5321465134620667,-0.0002460992836859077,-0.02768392115831375,-0.31990310549736023,-0.0002060258702840656,-0.018455946817994118,-0.2276233583688736,-0.0001466587564209476,0.15995155274868011,-0.41833481192588806,-0.00014912031474523246,0.12919163703918457,-0.4983105957508087,-0.00022690813057124615,0.09843172132968903,-0.3475870192050934,-0.00019223196431994438,0.07997577637434006,-0.2706872224807739,-0.0001471388095524162,-0.9781296611181606,-0.9989743481687943,-0.9974461514813784,-0.9691566497562133,0.9187332958146726,-0.9902974269842847,-0.8506940164140931,0.8648576243993397,-0.9963745190680782,-0.743588298790722,0.842714192753868,-0.9994141202447342,-0.9410407508599995,-0.6469858702789703,-0.6220391637826677,0.41121769002891817,1.0,0.27589782279368874,0.22837038735073678,0.28225470405693287,0.2032578022019697,0.6645409396530085,0.15207354367751805,0.14401416816533003,0.16926331332174205,1.0,0.0,0.0,0.0,1.0
1,0.0,0.0,0.0,-0.16509437561035156,-0.018343819305300713,-9.148834215011448e-05,-0.33324605226516724,-0.10089100897312164,-0.0001574079506099224,-0.3485325872898102,-0.21095393598079681,-0.00021929363720119,-0.25681349635124207,-0.31490224599838257,-0.0002770704450085759,-0.31184494495391846,-0.4433089792728424,-0.00010088732233271003,-0.39744943380355835,-0.6359190940856934,-0.00019033046555705369,-0.45553821325302124,-0.7551539540290833,-0.00024256668984889984,-0.5013977289199829,-0.865216851234436,-0.00027969814254902303,-0.149807870388031,-0.47693932056427,-0.00010835995635716245,-0.21095393598079681,-0.5564292073249817,-0.00023093180789146572,-0.1803808957338333,-0.33324605226516724,-0.00024275414762087166,-0.1436932533979416,-0.22318314015865326,-0.00022267622989602387,0.009171909652650356,-0.45859551429748535,-0.00012935011181980371,-0.033630337566137314,-0.5197415947914124,-0.00025099480990320444,-0.033630337566137314,-0.30573034286499023,-0.00020918832160532475,-0.024458426982164383,-0.21706853806972504,-0.0001500277139712125,0.16203707456588745,-0.4066213369369507,-0.00015865924069657922,0.12534943222999573,-0.47693932056427,-0.00023589844931848347,0.0886617973446846,-0.3240741491317749,-0.00020094827050343156,0.07031797617673874,-0.25375616550445557,-0.00015638128388673067,-0.9810839796700059,-0.9993836165101322,-0.998286656220473,-0.9389080287721837,0.8680386202268485,-0.9828236067826773,-0.8076005659542647,0.8192311234350649,-0.9946916912178881,-0.6523642468976433,0.7541533242312557,-0.9998070414789728,-0.9408414364536276,-0.5599741438955779,-0.6516904654639262,0.40634549991033725,1.0,0.26544023096971414,0.21844219254032163,0.2633188815539401,0.20315413630713808,0.674323904719768,0.15893392826719907,0.14400642399445715,0.16482351509272955,1.0,0.0,0.0,0.0,1.0
1,0.0,0.0,0.0,-0.16624510288238525,-0.01511319074779749,-7.682949944864959e-05,-0.3415580987930298,-0.10276969522237778,-0.00013261183630675077,-0.3596939444541931,-0.21158467233181,-0.00018651667051017284,-0.2659921646118164,-0.29621854424476624,-0.00023730592511128634,-0.31133171916007996,-0.44130516052246094,-8.709934627404436e-05,-0.40503349900245667,-0.6347540020942688,-0.00016644432616885751,-0.47153154015541077,-0.7496142387390137,-0.00021300348453223705,-0.5229163765907288,-0.8523839712142944,-0.0002473259810358286,-0.14810927212238312,-0.46850889921188354,-9.966124343918636e-05,-0.21762993931770325,-0.5440748929977417,-0.0002176660782424733,-0.19344884157180786,-0.32342228293418884,-0.00022898164752405137,-0.15415453910827637,-0.21460731327533722,-0.0002088786131935194,0.009067914448678493,-0.4473504424095154,-0.00012426932516973466,-0.05138484761118889,-0.4926900267601013,-0.00023622407752554864,-0.05440748482942581,-0.2901732623577118,-0.00019582052482292056,-0.036271657794713974,-0.21158467233181,-0.0001399011380271986,0.16322246193885803,-0.3959656059741974,-0.00015631929272785783,0.10881496965885162,-0.45944100618362427,-0.0002227782824775204,0.07254331558942795,-0.3173770010471344,-0.00018720181833487004,0.06347540020942688,-0.25692424178123474,-0.0001447873073630035,-0.9866922213033156,-0.9972835145495037,-0.9981309729858773,-0.905784550752796,0.805307060259621,-0.971956141959375,-0.583663635612189,0.5879938724811914,-0.9709268410076802,-0.45393735259320395,0.574662296305091,-0.9948948035263236,-0.9312427202317328,-0.5881716966822538,-0.5391654023029503,0.39811717906907945,1.0,0.26423468578741116,0.2146712101557247,0.26464922850685013,0.21554192051719878,0.6844257112050417,0.16690332529860866,0.14064203479778958,0.15296461461870972,1.0,0.0,0.0,0.0,1.0
1,0.0,0.0,0.0,-0.15559926629066467,-0.011743341572582722,-7.779806765029207e-05,-0.3288135528564453,-0.09101089835166931,-0.00013665319420397282,-0.37285107374191284,-0.1908292919397354,-0.0001938534842338413,-0.2759685218334198,-0.2759685218334198,-0.0002478837559465319,-0.30239105224609375,-0.43450361490249634,-9.050701191881672e-05,-0.4080811142921448,-0.6282687783241272,-0.00017680253949947655,-0.4814769923686981,-0.739830493927002,-0.00022930432169232517,-0.5431295037269592,-0.8396489024162292,-0.0002671190013643354,-0.14972759783267975,-0.46973365545272827,-0.0001021428033709526,-0.237802654504776,-0.525514543056488,-0.00022331961372401565,-0.20550847053527832,-0.31119853258132935,-0.00023764208890497684,-0.15853510797023773,-0.20550847053527832,-0.00021998616284690797,0.0029358353931456804,-0.45505446195602417,-0.00012592536222655326,-0.07046005129814148,-0.47854116559028625,-0.00023781367053743452,-0.06458837538957596,-0.2818402051925659,-0.00019650939793791622,-0.041101694107055664,-0.20844431221485138,-0.0001404709037160501,0.15559926629066467,-0.41101694107055664,-0.00015784078277647495,0.09394673258066177,-0.4521186351776123,-0.00022257094678934664,0.061652541160583496,-0.31119853258132935,-0.00018649788398761302,0.058716706931591034,-0.25541767477989197,-0.00014373431622516364,-0.9941029945850134,-0.9965939587621133,-0.9995908249973257,-0.7663483837775701,0.654959103635058,-0.9641262630125319,-0.298624907661034,0.3330579077008225,-0.9610936947305544,-0.22418309227602065,0.35482406801109423,-0.9851253082733819,-0.9380457333583774,-0.7477525167553468,-0.30075040376729195,0.3902785307455909,1.0,0.25955183534952503,0.21245798797981147,0.262079880918047,0.23086127542011126,0.6858940674856866,0.17897431941490435,0.1466790110083969,0.1533664403238701,1.0,0.0,0.0,0.0,1.0
1,0.0,0.0,0.0,-0.1608232855796814,-0.011487377807497978,-7.664475560886785e-05,-0.3360058069229126,-0.08615533262491226,-0.00013699010014533997,-0.4020582139492035,-0.18092618882656097,-0.00019641895778477192,-0.31015920639038086,-0.26708152890205383,-0.0002531336504034698,-0.3245184123516083,-0.4365203380584717,-8.446758874924853e-05,-0.43939217925071716,-0.6117028594017029,-0.00016992086602840573,-0.5255475044250488,-0.7150892615318298,-0.00022222330153454095,-0.59447181224823,-0.804116427898407,-0.0002593110839370638,-0.17518250644207,-0.4767261743545532,-9.626754763303325e-05,-0.2756970524787903,-0.5083164572715759,-0.0002128490450559184,-0.23549124598503113,-0.29292812943458557,-0.0002252458070870489,-0.18379804491996765,-0.1924135684967041,-0.00020688575750682503,-0.022974755614995956,-0.4652387797832489,-0.0001204726067953743,-0.112001933157444,-0.47385433316230774,-0.00023020646767690778,-0.09764271229505539,-0.2756970524787903,-0.00018788508896250278,-0.06605242192745209,-0.19815726578235626,-0.00013122738164383918,0.12636114656925201,-0.4164174497127533,-0.00015290826559066772,0.04594951122999191,-0.44226402044296265,-0.00021890702191740274,0.020102910697460175,-0.29867181181907654,-0.00018313754117116332,0.02584659866988659,-0.23549124598503113,-0.00013954052701592445,-0.9982671173210702,-0.9934703155903821,-0.9993545607291322,-0.6104774816125783,0.46979040116587084,-0.958109958569215,-0.14530041690754034,0.1680106059470914,-0.9509391939209829,-0.016380475493732387,0.13251456062112518,-0.964102783013126,-0.9455212718272383,-0.8476822243613333,-0.14396022067428646,0.4093059221536309,1.0,0.26609161418460453,0.20887613146575806,0.2369054483273531,0.24851274166222542,0.6808716829465572,0.19665243189601764,0.1613649442173501,0.16216536523071817,1.0,0.0,0.0,0.0,1.0
1,0.0,0.0,0.0,-0.1626369059085846,-0.01141311600804329,-8.108783367788419e-05,-0.336686909198761,-0.07703853398561478,-0.00014628712960984558,-0.4165787398815155,-0.16549018025398254,-0.000211041173315607,-0.336686909198761,-0.25679510831832886,-0.00027248155674897134,-0.32812708616256714,-0.4394049644470215,-8.626969065517187e-05,-0.44796478748321533,-0.6077483892440796,-0.00017473954358138144,-0.542123019695282,-0.7047598958015442,-0.00022661653929390013,-0.6163082718849182,-0.7875049710273743,-0.00026214588433504105,-0.18260985612869263,-0.4822041392326355,-9.676100307842717e-05,-0.29959428310394287,-0.4993238151073456,-0.00021631084382534027,-0.2539418339729309,-0.27962133288383484,-0.00022616727801505476,-0.19687624275684357,-0.17975658178329468,-0.0002039032697211951,-0.03138606995344162,-0.47364431619644165,-0.00012082583270967007,-0.13695739209651947,-0.46223118901252747,-0.00023314861755352467,-0.12269099801778793,-0.2596483826637268,-0.00018898989947047085,-0.08559837192296982,-0.18260985612869263,-0.00012953918485436589,0.11698443442583084,-0.42513856291770935,-0.00015383811842184514,0.02282623201608658,-0.43084511160850525,-0.00022043987701181322,-0.008559837006032467,-0.2824746072292328,-0.00018486342742107809,-0.005706558004021645,-0.21970248222351074,-0.00014064705464988947,-0.9997406984887809,-0.9884959628439183,-0.9992173501429903,-0.48583565888866903,0.3430730311660774,-0.9510225801561344,0.041509322372463055,-0.03737444351889124,-0.9292506170407455,0.2064935187407441,-0.14739400491399246,-0.9679430334845087,-0.9580992747041853,-0.8890017473005778,-0.11710280744903812,0.4234405556579656,1.0,0.26659467582395524,0.20167661485897612,0.21977662434146142,0.27357287943024283,0.6793740967584442,0.21560300290891998,0.18146946260953295,0.16473085154024208,1.0,0.0,0.0,0.0,1.0
1,0.0,0.0,0.0,-0.15979430079460144,-0.011213635094463825,-7.947339327074587e-05,-0.33921247720718384,-0.08129885792732239,-0.00014319336332846433,-0.4261181354522705,-0.16540111601352692,-0.00020642382150981575,-0.3448192775249481,-0.2607170343399048,-0.00026634824462234974,-0.33080223202705383,-0.44574201107025146,-8.436090138275176e-05,-0.4485453963279724,-0.6083397269248962,-0.00017285333888139576,-0.5466647148132324,-0.7008522152900696,-0.00022593405446968973,-0.6195533275604248,-0.7849544882774353,-0.0002630485105328262,-0.18502497673034668,-0.4877931475639343,-9.51980400714092e-05,-0.3139818012714386,-0.5018101930618286,-0.000214089042856358,-0.2747340500354767,-0.2831442952156067,-0.00022586493287235498,-0.2158624827861786,-0.18502497673034668,-0.00020628438505809754,-0.03644431382417679,-0.4793829023838043,-0.00011940445256186649,-0.15418748557567596,-0.4625624418258667,-0.00023351631534751505,-0.13736702501773834,-0.2607170343399048,-0.0001915899192681536,-0.09251248836517334,-0.18502497673034668,-0.0001336193672614172,0.1121363490819931,-0.42892155051231384,-0.0001520166697446257,0.008410226553678513,-0.43733176589012146,-0.00022109440760686994,-0.02242727018892765,-0.28875109553337097,-0.00018708541756495833,-0.008410226553678513,-0.22707611322402954,-0.0001437930332031101,-0.9999314703038796,-0.9823689954215121,-0.994932968013857,-0.4536126078232627,0.28198899524649884,-0.9348985137071549,0.06597140244801139,-0.05872179933603837,-0.8996567109639727,0.1739211033676655,-0.12342200726790938,-0.9097484861169274,-0.9546430753223892,-0.9223767201261543,-0.06276603914211082,0.43228901050568214,1.0,0.284307750602359,0.20686426643608355,0.22723184254232767,0.27844382406932827,0.675325510857691,0.22350954906850906,0.18339778059476106,0.1621795913241136,1.0,0.0,0.0,0.0,1.0
1,0.0,0.0,0.0,-0.15853652358055115,-0.00834402721375227,-7.905048551037908e-05,-0.33654242753982544,-0.0750962495803833,-0.00014231800741981715,-0.4255453944206238,-0.1557551771402359,-0.00020442162349354476,-0.35601183772087097,-0.2531021535396576,-0.0002629983937367797,-0.3281984031200409,-0.4450148046016693,-8.641507884021848e-05,-0.4561401605606079,-0.6035513281822205,-0.00017561824643053114,-0.5562685132026672,-0.6925542950630188,-0.00022963415540289134,-0.6341460943222046,-0.7732132077217102,-0.0002668957458809018,-0.18634994328022003,-0.4895162880420685,-9.619476622901857e-05,-0.3170730471611023,-0.4950789511203766,-0.0002168455976061523,-0.28091558814048767,-0.2781342566013336,-0.00023083270934876055,-0.2197260558605194,-0.17800591886043549,-0.00021230094716884196,-0.038938794285058975,-0.48117226362228394,-0.00011884367995662615,-0.16409920156002045,-0.45335882902145386,-0.00023415221949107945,-0.1446298062801361,-0.2531021535396576,-0.00019460805924609303,-0.10012833029031754,-0.1724432408809662,-0.00013776660489384085,0.10569101572036743,-0.4338894188404083,-0.00014962990826461464,-0.005562684964388609,-0.4311080873012543,-0.00022023393830750138,-0.03337610885500908,-0.2781342566013336,-0.00018800249381456524,-0.01668805442750454,-0.2141633778810501,-0.00014535037917084992,-0.9990516583588903,-0.9863939460344295,-0.9970907179573576,-0.39518587654253173,0.20618645127357144,-0.9273979001609627,0.13748293816799742,-0.12145052231988479,-0.918214218260999,0.2608773926973627,-0.20341845008663126,-0.9068547843885798,-0.9534896423021904,-0.9295938919743816,-0.11574814673788342,0.436812563506033,1.0,0.28278205718337635,0.1994050390273246,0.21481261799888823,0.2909348291763575,0.6776588035966303,0.23189192657792254,0.19775796701246995,0.17195898461985842,1.0,0.0,0.0,0.0,1.0
1,0.0,0.0,0.0,-0.16422121226787567,-0.011133641935884953,-8.12173675512895e-05,-0.3395760655403137,-0.07793549448251724,-0.00014723125786986202,-0.42864519357681274,-0.15865439176559448,-0.00021221087081357837,-0.3534931242465973,-0.2477235347032547,-0.0002733594737946987,-0.3395760655403137,-0.4509125053882599,-8.963786967797205e-05,-0.4592627286911011,-0.6012166738510132,-0.00018044415628537536,-0.5594655275344849,-0.687502384185791,-0.00023357254394795746,-0.6401844024658203,-0.7682212591171265,-0.00026994390645995736,-0.19205531477928162,-0.4926636517047882,-9.981641051126644e-05,-0.32009220123291016,-0.4954470694065094,-0.00021791986364405602,-0.27834105491638184,-0.26720741391181946,-0.00022646952129434794,-0.21432259678840637,-0.17813827097415924,-0.00020477383804973215,-0.03896774724125862,-0.48153001070022583,-0.00012340494140516967,-0.15587098896503448,-0.4564793109893799,-0.0002364127867622301,-0.13917052745819092,-0.2505069375038147,-0.00019149694708175957,-0.09463595598936081,-0.18370509147644043,-0.00013207159645389766,0.11133641749620438,-0.43142861127853394,-0.00015578424790874124,0.005566820967942476,-0.42864519357681274,-0.0002219909365521744,-0.0250506941229105,-0.28112444281578064,-0.00018529145745560527,-0.008350231684744358,-0.22545625269412994,-0.00014062356785871089,-0.9996353700457126,-0.9824904676039538,-0.9972269830476238,-0.3833721685099349,0.201277609398707,-0.9037812626469013,0.12997536829695133,-0.12982150682430527,-0.8741571895981272,0.2752633836685696,-0.22890366625863434,-0.8794461960031144,-0.9564275139917927,-0.9315010480046171,-0.03539590072567989,0.43165312223086,1.0,0.2786888427780828,0.20664834843732163,0.22561086294557672,0.2893590782942913,0.6769112672400203,0.22872049676673173,0.18762248772744322,0.16806267566201133,1.0,0.0,0.0,0.0,1.0
1,0.0,0.0,0.0,-0.16775469481945038,-0.01375038456171751,-7.976170309120789e-05,-0.3437596261501312,-0.07975222915410995,-0.00014670492964796722,-0.4235118627548218,-0.16775469481945038,-0.00021384109277278185,-0.3410095274448395,-0.25300708413124084,-0.0002770963474176824,-0.3437596261501312,-0.4400123059749603,-8.865411655278876e-05,-0.46201291680336,-0.6022668480873108,-0.00018062118033412844,-0.5610157251358032,-0.6930193901062012,-0.0002333328011445701,-0.6380178332328796,-0.7700215578079224,-0.00026879116194322705,-0.1980055421590805,-0.4812634587287903,-0.00010029359691543505,-0.31625884771347046,-0.4922637641429901,-0.000219049965380691,-0.2750076949596405,-0.27225762605667114,-0.0002256846200907603,-0.2117559313774109,-0.18700523674488068,-0.0002020970277953893,-0.04675130918622017,-0.47026315331459045,-0.00012551511463243514,-0.15400430560112,-0.4537626802921295,-0.0002372090530116111,-0.13750384747982025,-0.25300708413124084,-0.00019053426512982696,-0.09350261837244034,-0.1925053894519806,-0.00012987927766516805,0.10450292378664017,-0.4235118627548218,-0.00015981774777173996,0.008250230923295021,-0.4290120005607605,-0.00022290408378466964,-0.01925053820014,-0.2887580692768097,-0.0001846699306042865,-0.0027500770520418882,-0.23925669491291046,-0.00013928096450399607,-0.9994422566727479,-0.9802556402345265,-0.9990561731817571,-0.4645052680571189,0.2745330844188447,-0.8991504178841883,0.05353380389980814,-0.07058286380882633,-0.854198421690833,0.18378877189141235,-0.13611713057148306,-0.8701090125277425,-0.9618838587468246,-0.88894103157587,-0.06548609151445635,0.4246176534495178,1.0,0.28250941247570455,0.21401186776366493,0.2392725346556441,0.2678388875213664,0.6771795060520073,0.21021888826494803,0.17053670393442785,0.1554375285294885,1.0,0.0,0.0,0.0,1.0
1,0.0,0.0,0.0,-0.1610136181116104,-0.01388048380613327,-7.947179256007075e-05,-0.3359076976776123,-0.08328290283679962,-0.00014237905270420015,-0.40253403782844543,-0.16934190690517426,-0.0002044950524577871,-0.3164750337600708,-0.2554008960723877,-0.000262334942817688,-0.3386838138103485,-0.4358471930027008,-8.86615744093433e-05,-0.4525037705898285,-0.6079651713371277,-0.00017711141845211387,-0.5413388609886169,-0.7051286101341248,-0.0002267581148771569,-0.6079651713371277,-0.7939636707305908,-0.0002608188951853663,-0.18877458572387695,-0.47748863697052,-0.00010082817607326433,-0.28593796491622925,-0.5135778784751892,-0.00022541471116710454,-0.24152041971683502,-0.28871408104896545,-0.000237288826610893,-0.18599848449230194,-0.18877458572387695,-0.0002149666688637808,-0.03608926013112068,-0.46638426184654236,-0.00012556675937958062,-0.11659606546163559,-0.4691603481769562,-0.0002440976822981611,-0.0999394878745079,-0.26650530099868774,-0.00020342646166682243,-0.06662632524967194,-0.19155067205429077,-0.0001439837069483474,0.11937215924263,-0.4191906154155731,-0.00015825245645828545,0.04719364643096924,-0.4358471930027008,-0.00022540087229572237,0.022208774462342262,-0.2914901673793793,-0.00018946282216347754,0.02776096761226654,-0.2359682321548462,-0.00014454375195782632,-0.9970881603413475,-0.9877973833882976,-0.995284615583639,-0.668452280221563,0.5232460632766831,-0.9516975296867938,-0.11146432919285429,0.11621351804672085,-0.9440094733554785,0.050603938236114594,0.05539155270819448,-0.963490703705252,-0.9577356140659765,-0.8606642458084004,-0.12625452468511422,0.40667695842200313,1.0,0.26501193743649726,0.2028071804733174,0.23759565177573022,0.25043046105420347,0.6767641172545074,0.19668331918089896,0.1696910876431753,0.1700721464926489,1.0,0.0,0.0,0.0,1.0
1,0.0,0.0,0.0,-0.16370204091072083,-0.011098443530499935,-8.546961180400103e-05,-0.33850252628326416,-0.08323832601308823,-0.00015448909834958613,-0.385670930147171,-0.17480048537254333,-0.00022198363149072975,-0.2913341522216797,-0.2524895966053009,-0.0002856265928130597,-0.33017870783805847,-0.4356139302253723,-9.809876064537093e-05,-0.44116315245628357,-0.6104143857955933,-0.00019073668227065355,-0.5299506783485413,-0.7130750417709351,-0.0002427019499009475,-0.5937667489051819,-0.8046371936798096,-0.0002782497613225132,-0.17757509648799896,-0.46890926361083984,-0.0001097337735700421,-0.26913726329803467,-0.5133030414581299,-0.00023706594947725534,-0.23029270768165588,-0.28855952620506287,-0.0002465485013090074,-0.1803497076034546,-0.19699737429618835,-0.0002220309543190524,-0.019422275945544243,-0.4550361931324005,-0.0001348673686152324,-0.09711138159036636,-0.466134637594223,-0.00025490589905530214,-0.08323832601308823,-0.2635880410671234,-0.00021021460997872055,-0.049942996352910995,-0.19699737429618835,-0.0001481666404288262,0.13595592975616455,-0.40786781907081604,-0.000168810278410092,0.06659065932035446,-0.4328393042087555,-0.00023670204973313957,0.04161916300654411,-0.28855952620506287,-0.0001981148379854858,0.049942996352910995,-0.2413911521434784,-0.00015160610200837255,-0.9965677568414538,-0.9891623001866412,-0.9945582552777548,-0.7266696366436524,0.5831501733157395,-0.9466246784316271,-0.1835084369933957,0.2087371294120174,-0.9228958115624223,-0.023803127982476576,0.1732972798614802,-0.9407191992413768,-0.9480611435403792,-0.7624559841275659,-0.21161730747070484,0.38552130306460386,1.0,0.26708433164458695,0.20322964698223803,0.24650358206609616,0.2358125914906963,0.6850559155911323,0.1868531087022936,0.15902660080352624,0.17028520626346746,1.0,0.0,0.0,0.0,1.0
1,0.0,0.0,0.0,-0.16607694327831268,-0.016335437074303627,-8.087296009762213e-05,-0.3375990390777588,-0.10890291631221771,-0.00014121299318503588,-0.3430441915988922,-0.22052840888500214,-0.00019874682766385376,-0.22869612276554108,-0.2994830310344696,-0.0002528591430746019,-0.3212636113166809,-0.4301665127277374,-9.672986197983846e-05,-0.41927623748779297,-0.6261917948722839,-0.00018265197286382318,-0.4846179783344269,-0.7405398488044739,-0.0002316902973689139,-0.5363468527793884,-0.843997597694397,-0.00026713343686424196,-0.15790922939777374,-0.45739224553108215,-0.00010968949209200218,-0.20419296622276306,-0.539069414138794,-0.00023445159604307264,-0.1715220957994461,-0.32670876383781433,-0.00024715514155104756,-0.13612864911556244,-0.22597354650497437,-0.00022663800336886197,-0.0027225730009377003,-0.43833422660827637,-0.0001347263460047543,-0.03811601921916008,-0.47917282581329346,-0.00025048578390851617,-0.032670874148607254,-0.28314757347106934,-0.0002088390610879287,-0.016335437074303627,-0.2150832563638687,-0.00015178350440692157,0.15246407687664032,-0.39205050468444824,-0.00016780609439592808,0.11434806138277054,-0.4492245316505432,-0.00023385020904242992,0.08984490483999252,-0.30492815375328064,-0.00019532600708771497,0.0843997597694397,-0.2531992793083191,-0.00015121926844585687,-0.9842307538128399,-0.9984603572889821,-0.9984603142177193,-0.983279255644378,0.9348704412288394,-0.9828941358662329,-0.7597412853588014,0.7735819200078496,-0.9784923471573505,-0.5744258023168215,0.7274421377019464,-0.997995166416608,-0.9222860698415435,-0.517245527372016,-0.5274223817247681,0.3768183235936766,1.0,0.26380884444028646,0.21570275166974445,0.2668955224277427,0.16867831830606245,0.6868349043019942,0.1369939170004106,0.1377277977951214,0.17537432884938559,1.0,0.0,0.0,0.0,1.0
1,0.0,0.0,0.0,-0.1673845499753952,-0.023912079632282257,-9.146158117800951e-05,-0.3267984092235565,-0.11690349876880646,-0.0001572949404362589,-0.33211222290992737,-0.22849319875240326,-0.00021920666040387005,-0.22052250802516937,-0.31882771849632263,-0.0002763467491604388,-0.2975725531578064,-0.44104501605033875,-0.00010138077050214633,-0.38525015115737915,-0.6429692506790161,-0.0001877042668638751,-0.4357312321662903,-0.7651865482330322,-0.00023724221682641655,-0.4808984696865082,-0.8767762184143066,-0.00027286502881906927,-0.14612936973571777,-0.4649570882320404,-0.00010867972014239058,-0.1753552407026291,-0.5552915930747986,-0.0002365504769841209,-0.14081557095050812,-0.3427397906780243,-0.0002532387152314186,-0.12221729010343552,-0.23646388947963715,-0.0002347276167711243,0.007970692589879036,-0.44370192289352417,-0.0001285375765291974,-0.013284488581120968,-0.5074674487113953,-0.000250865617999807,-0.007970692589879036,-0.3082001209259033,-0.00021402911806944758,-0.01062759105116129,-0.22583630681037903,-0.000157464062795043,0.15675696730613708,-0.39587774872779846,-0.00015668597188778222,0.14347247779369354,-0.4808984696865082,-0.00022969937708694488,0.11424659937620163,-0.33742600679397583,-0.00019567426352296025,0.08767762035131454,-0.2683466672897339,-0.00015272412565536797,-0.9831385751607988,-0.9998389627740905,-0.9999747741354884,-0.9999642459877519,0.9884980547526592,-0.999926117564001,-0.9428493723131385,0.9567746118304274,-0.9982653381421146,-0.86178059087199,0.9373153605321316,-0.9862172626543518,-0.9263555241823602,-0.5443865299501494,-0.5915163309932624,0.3876614232775794,1.0,0.26618094309975665,0.22608627895755362,0.28230713552326847,0.16748920047471938,0.6775972881610998,0.1307766524305449,0.13129376354729572,0.16464535791698834,1.0,0.0,0.0,0.0,1.0
1,0.0,0.0,0.0,-0.1636698693037033,-0.02903820388019085,-8.848511788528413e-05,-0.31414055824279785,-0.13199183344841003,-0.00014938671665731817,-0.306221067905426,-0.24814465641975403,-0.00020686851348727942,-0.19798775017261505,-0.33525925874710083,-0.0002599458384793252,-0.29302188754081726,-0.4540519118309021,-9.385225712321699e-05,-0.3748567998409271,-0.6573193669319153,-0.00017928643501363695,-0.41973403096199036,-0.7787518501281738,-0.00022950077254790813,-0.4566917419433594,-0.8896249532699585,-0.00026495911879464984,-0.13727150857448578,-0.4751706123352051,-9.934858098858967e-05,-0.1557503640651703,-0.5622852444648743,-0.00022283909493125975,-0.12407232820987701,-0.35109826922416687,-0.00023954985954333097,-0.10823330283164978,-0.24550481140613556,-0.0002221392933279276,0.013199183158576488,-0.4540519118309021,-0.000117517527542077,0.01055934652686119,-0.517408013343811,-0.0002352015144424513,0.007919509895145893,-0.3167804181575775,-0.00020024916739203036,0.0026398366317152977,-0.23494546115398407,-0.00014600163558498025,0.1557503640651703,-0.40125519037246704,-0.0001439118932466954,0.15839020907878876,-0.48045027256011963,-0.0002154712419724092,0.1267121583223343,-0.3378990888595581,-0.00018404274305794388,0.09767396003007889,-0.2719031870365143,-0.00014282672782428563,-0.9819371909216118,-0.9995869494520286,-0.9994801491953766,-0.9973934544002363,0.998191490956509,-0.9999999250792767,-0.9975001973353222,0.9984975081939534,-0.9986858751329876,-0.9437721332274421,0.9828719754404034,-0.9808849148918287,-0.9112620368221972,-0.5072353503506914,-0.6785484836394752,0.38935585422539426,1.0,0.26830413935063785,0.23496033034694824,0.28891445013324457,0.1473181625969587,0.6688404689673774,0.12466862065712503,0.13375094428057804,0.17236090244583674,1.0,0.0,0.0,0.0,1.0
1,0.0,0.0,0.0,-0.16790449619293213,-0.03198181092739105,-8.631656965008005e-05,-0.3198181092739105,-0.1385878473520279,-0.00014139099221210927,-0.3011620342731476,-0.2531893253326416,-0.00019284118025097996,-0.19722115993499756,-0.33580899238586426,-0.00023965338186826557,-0.29583173990249634,-0.46373623609542847,-8.787419938016683e-05,-0.37312111258506775,-0.6662877202033997,-0.00016602831601630896,-0.41309836506843567,-0.7835543155670166,-0.00021137829753570259,-0.4450801908969879,-0.8954906463623047,-0.000244444003328681,-0.13592268526554108,-0.48772260546684265,-9.168576070806012e-05,-0.14924845099449158,-0.5650119781494141,-0.00020653795218095183,-0.11993178725242615,-0.3544650673866272,-0.0002213172847405076,-0.101275734603405,-0.2505241632461548,-0.0002048042370006442,0.015990905463695526,-0.4664013981819153,-0.0001078953209798783,0.013325754553079605,-0.5197044014930725,-0.00022010794782545418,0.007995452731847763,-0.3198181092739105,-0.00018743435794021934,0.005330301821231842,-0.23719842731952667,-0.00013650109758600593,0.15457874536514282,-0.41309836506843567,-0.0001320553128607571,0.15724389255046844,-0.48505744338035583,-0.0002015812206082046,0.12259693443775177,-0.3411393165588379,-0.00017282870248891413,0.09594543278217316,-0.2771756947040558,-0.00013460562331601977,-0.9794019781465557,-0.9993530809222254,-0.998737553746725,-0.9948972879074776,0.9994745304978687,-0.9992299807361742,-0.9964529540496282,0.9970642885745543,-0.9999842623491354,-0.948906575099676,0.980219954409622,-0.9874578285323519,-0.9115818342191122,-0.43544035024205024,-0.7399401558859544,0.3894405273563075,1.0,0.270220615894817,0.2372583456561043,0.29331195416278943,0.14813362175435862,0.6591534567456709,0.12563359145746286,0.14125597225015818,0.17286367641321193,1.0,0.0,0.0,0.0,1.0
1,0.0,0.0,0.0,-0.16393287479877472,-0.024186817929148674,-8.54522586450912e-05,-0.31980347633361816,-0.13168378174304962,-0.00014093014760874212,-0.3036789298057556,-0.24455560743808746,-0.0001930107391672209,-0.19618196785449982,-0.32786574959754944,-0.00024112714163493365,-0.29830408096313477,-0.4541746973991394,-8.998250996228307e-05,-0.38161423802375793,-0.6584189534187317,-0.00016979950305540115,-0.42461302876472473,-0.7766656279563904,-0.00021724005637224764,-0.45686212182044983,-0.8895373940467834,-0.0002523187722545117,-0.13705863058567047,-0.48104894161224365,-9.546809451421723e-05,-0.15855802595615387,-0.5616716742515564,-0.0002126198378391564,-0.12362151592969894,-0.35205256938934326,-0.0002298210747539997,-0.10212212055921555,-0.2499304562807083,-0.00021536446001846343,0.01343712117522955,-0.45954954624176025,-0.000112881840323098,0.005374848376959562,-0.5213602781295776,-0.00022669907775707543,0.005374848376959562,-0.31980347633361816,-0.0001933862513396889,0.002687424188479781,-0.23380590975284576,-0.00014240338350646198,0.15318317711353302,-0.4084884822368622,-0.0001382179034408182,0.1504957526922226,-0.48104894161224365,-0.00020963493443559855,0.12093409150838852,-0.3359280228614807,-0.00018041282601188868,0.0967472717165947,-0.2714298367500305,-0.00014195556286722422,-0.9812697265867423,-0.9992580834383951,-0.9975179757107828,-0.9998555138308413,0.9954466862013971,-0.9991034203430307,-0.9873953713619869,0.9915990710691986,-0.9995120583115746,-0.9226917977411374,0.9718171346844752,-0.9875727255640666,-0.8972632537802354,-0.44560714345189323,-0.718196601189938,0.38207769844685774,1.0,0.26998927589139027,0.23382138716623713,0.2881565769065228,0.14615841163452606,0.6649962667373516,0.12082784115065848,0.138834569634862,0.17495608987649397,1.0,0.0,0.0,0.0,1.0
1,0.0,0.0,0.0,-0.16492390632629395,-0.024333035573363304,-8.967279427452013e-05,-0.32173678278923035,-0.12977617979049683,-0.00014700819156132638,-0.3028110861778259,-0.24333034455776215,-0.00019982394587714225,-0.19196060299873352,-0.32444044947624207,-0.0002487093734089285,-0.3001074194908142,-0.4542166590690613,-9.521704487269744e-05,-0.3812175393104553,-0.6569919586181641,-0.00017718978051561862,-0.4244762659072876,-0.7732497453689575,-0.0002254867140436545,-0.456920325756073,-0.8895075917243958,-0.0002612426469568163,-0.13788719475269318,-0.48125335574150085,-9.8871358204633e-05,-0.15951655805110931,-0.5596597790718079,-0.00021870304772164673,-0.12436884641647339,-0.3433661460876465,-0.00023454490292351693,-0.10273948311805725,-0.24062667787075043,-0.00021829600154887885,0.01351835299283266,-0.4596239924430847,-0.00011505971633596346,0.005407340824604034,-0.5164010524749756,-0.0002312023425474763,0.008111011236906052,-0.30821844935417175,-0.00019684516882989556,0.002703670412302017,-0.22710832953453064,-0.00014458342047873884,0.15410922467708588,-0.410957932472229,-0.00013964816753286868,0.15140554308891296,-0.4758460223674774,-0.00021394208306446671,0.12166517227888107,-0.32444044947624207,-0.00018591133994050324,0.0946284681558609,-0.26225602626800537,-0.00014781084610149264,-0.9793926323527212,-0.9997050094271213,-0.9964678756978568,-0.9999504728599358,0.9941643038506824,-0.9989234157743481,-0.9853623685451921,0.9917007818931316,-0.9968371591014681,-0.9208997763874123,0.9723735695283386,-0.9767264082721805,-0.9024011196522902,-0.4139802137292335,-0.7151504693100197,0.3769755243889761,1.0,0.26164221085791706,0.22712445399354117,0.27880601774613817,0.1427057497553594,0.6643670450551246,0.13003398565325228,0.1456262551754069,0.17861752484772875,1.0,0.0,0.0,0.0,1.0
1,0.0,0.0,0.0,-0.16521655023097992,-0.02478248067200184,-9.142026829067618e-05,-0.32217225432395935,-0.12666600942611694,-0.00015171378618106246,-0.30014339089393616,-0.2368103712797165,-0.00020751731062773615,-0.1872454136610031,-0.31391143798828125,-0.0002600281732156873,-0.29738977551460266,-0.4570991098880768,-0.00010000514157582074,-0.3772444427013397,-0.6581125855445862,-0.00018340062524657696,-0.4213021993637085,-0.7737641334533691,-0.000232390477322042,-0.4570991098880768,-0.8894157409667969,-0.0002690479450393468,-0.13217324018478394,-0.4873887896537781,-0.00010490729619050398,-0.15695571899414062,-0.5589826107025146,-0.00022814283147454262,-0.12666600942611694,-0.33869391679763794,-0.00024533821851946414,-0.10739075392484665,-0.2285495549440384,-0.00022938175243325531,0.02202887274324894,-0.4681135416030884,-0.00012214733578730375,0.01101443637162447,-0.5149248838424683,-0.00024161982582882047,0.008260827511548996,-0.30014339089393616,-0.0002076778037007898,0.0027536090929061174,-0.2092742919921875,-0.0001549345179228112,0.16521655023097992,-0.413041353225708,-0.00014784364611841738,0.15695571899414062,-0.4653599262237549,-0.00022431285469792783,0.12666600942611694,-0.31391143798828125,-0.00019683972641360015,0.09912992268800735,-0.2505784332752228,-0.00015869589697103947,-0.9803325810082383,-0.9998995870983625,-0.997964919366501,-0.9976587572676879,0.9807346992846565,-0.999330235256378,-0.9615722685141196,0.9703983474158765,-0.9988620049030675,-0.8591914677728939,0.9379938278345944,-0.9774577295120848,-0.9102667042959693,-0.3693996309872625,-0.714962867083482,0.3655151306901275,1.0,0.2525227270645534,0.2092924599532152,0.26947412857071906,0.14793125540387791,0.6647255773289101,0.14874903771162046,0.16405410781276905,0.18683026892646137,1.0,0.0,0.0,0.0,1.0
1,0.0,0.0,0.0,-0.17894694209098816,-0.022723421454429626,-9.670000872574747e-05,-0.3465321660041809,-0.12213838845491409,-0.00015746793360449374,-0.31812790036201477,-0.2187129259109497,-0.00021124596241861582,-0.20167036354541779,-0.2868832051753998,-0.0002619065053295344,-0.3152874708175659,-0.4800322651863098,-0.00010792882676469162,-0.38629814982414246,-0.6589792370796204,-0.00018736656056717038,-0.4317449927330017,-0.7725962996482849,-0.00023647832858841866,-0.4686705768108368,-0.8833730220794678,-0.00027490302454680204,-0.14202138781547546,-0.5283195376396179,-0.00010918411135207862,-0.16190437972545624,-0.5425216555595398,-0.00022229230671655387,-0.1391809582710266,-0.31812790036201477,-0.0002372117160120979,-0.12213838845491409,-0.2187129259109497,-0.0002228930388810113,0.022723421454429626,-0.5055961012840271,-0.00012274963955860585,0.01704256609082222,-0.48855355381965637,-0.0002333600277779624,0.005680855363607407,-0.2783619165420532,-0.0001997044455492869,0.0,-0.21019165217876434,-0.0001507346605649218,0.1761065125465393,-0.44594714045524597,-0.00014585860481020063,0.1647448092699051,-0.44594714045524597,-0.00021807977464050055,0.1335000991821289,-0.2925640344619751,-0.00019083717779722065,0.11361710727214813,-0.24427677690982819,-0.0001540272933198139,-0.9793899634276463,-0.9999962372311832,-0.9982743895970274,-0.7725496963828163,0.6602573635512475,-0.997630269641637,0.9619049364284402,-0.9643495035799137,-0.9995753287033903,0.3672920456856075,-0.19959935618311186,-0.982069637430037,-0.9174745516441486,-0.24679178925718806,-0.7281652186370825,0.3506750349830808,1.0,0.2505058601590407,0.21019171153016164,0.26940677900722165,0.1831325163347561,0.644465712593415,0.1870382560564743,0.1889949941449986,0.22168518027154482,1.0,0.0,0.0,0.0,0.0
1,0.0,0.0,0.0,-0.18865957856178284,-0.026122095063328743,-9.85716178547591e-05,-0.36280688643455505,-0.11900065839290619,-0.0001633129722904414,-0.33668479323387146,-0.21478167176246643,-0.0002216877182945609,-0.20897676050662994,-0.27573323249816895,-0.0002762080985121429,-0.33668479323387146,-0.5137345194816589,-0.0001039773051161319,-0.3976363241672516,-0.6646621823310852,-0.00018152195843867958,-0.44117316603660583,-0.7749555110931396,-0.00023072809563018382,-0.47600263357162476,-0.879443883895874,-0.00027032088837586343,-0.1596350222826004,-0.5833934545516968,-0.00010652430501068011,-0.1654399335384369,-0.5340517163276672,-0.00021252398437354714,-0.14802519977092743,-0.30766022205352783,-0.00022661279945168644,-0.1335129290819168,-0.22348903119564056,-0.00021347934671211988,0.01160981971770525,-0.5630762577056885,-0.0001219510959344916,0.020317185670137405,-0.4701977074146271,-0.0002248322416562587,-0.0029024549294263124,-0.2670258581638336,-0.00019520400383044034,-0.014512275345623493,-0.21768411993980408,-0.0001518159988336265,0.1654399335384369,-0.4905149042606354,-0.00014862087846267968,0.17124484479427338,-0.41505107283592224,-0.00021822324197273701,0.13061048090457916,-0.2670258581638336,-0.0001972541504073888,0.10158592462539673,-0.22929394245147705,-0.00016542457160539925,-0.9807906945452993,-0.9999690966485605,-0.9985309297784454,0.9270951231277872,-0.9812617217436985,-0.9955886913389773,0.9934977260021911,-0.9785959703775161,-0.9931281993759747,0.9202527611576866,-0.9411823794792076,-0.9257485942862618,-0.9385573440251255,-0.22184423413058255,-0.6530108679817811,0.3459771219086901,1.0,0.2603326662682523,0.21816739480482877,0.25078963197866244,0.2119039716812228,0.6097023557557016,0.2180793282191382,0.21811407211477524,0.26021350954267997,1.0,0.0,0.0,0.0,0.0
1,0.0,0.0,0.0,-0.193805992603302,-0.03181889280676842,-8.967635949375108e-05,-0.3644709587097168,-0.13595345616340637,-0.00014525935694109648,-0.3239741921424866,-0.22273226082324982,-0.00019565477850846946,-0.1966986209154129,-0.28637003898620605,-0.00024280176148749888,-0.33265209197998047,-0.5322433114051819,-9.296817006543279e-05,-0.3905046284198761,-0.6768746376037598,-0.00016680118278600276,-0.42810875177383423,-0.7867944836616516,-0.0002181580348405987,-0.45414239168167114,-0.8909290432929993,-0.00025934792938642204,-0.15330922603607178,-0.6103442311286926,-9.61433324846439e-05,-0.14752396941184998,-0.5235654711723328,-0.0001996014325413853,-0.13884608447551727,-0.30372580885887146,-0.00022158284264151007,-0.12727557122707367,-0.2111617475748062,-0.00021515117259696126,0.01735576055943966,-0.5872032046318054,-0.00011083158460678533,0.03760414943099022,-0.46860554814338684,-0.00020950262842234224,0.011570506729185581,-0.26901429891586304,-0.00018598116002976894,-0.0028926266822963953,-0.2111617475748062,-0.00014727031521033496,0.170664981007576,-0.5177801847457886,-0.00013603219122160226,0.1851281076669693,-0.4223234951496124,-0.0002036586229223758,0.13884608447551727,-0.27479955554008484,-0.00018618098692968488,0.10991981625556946,-0.23141014575958252,-0.00015611550770699978,-0.9841832833100544,-0.998705810138216,-0.9964197226579583,0.9839277216257133,-0.9996317883306941,-0.9963979618132391,0.980333543047385,-0.9556888847796375,-0.9933629439353961,0.8921259732921192,-0.8985364452092544,-0.9599417280515965,-0.926747269115436,-0.111007250734624,-0.7834977128106024,0.34741647593173514,1.0,0.24655304432018327,0.21118161614221329,0.256189469171915,0.21310874662962373,0.5920475097703837,0.2477771008973075,0.24500256529949563,0.276228708720394,1.0,0.0,0.0,0.0,0.0
1,0.0,0.0,0.0,-0.2016313374042511,-0.026686498895287514,-9.648912964621559e-05,-0.3795413374900818,-0.13046732544898987,-0.00015839988191146404,-0.3291334807872772,-0.21052682399749756,-0.00021503822063095868,-0.1838403344154358,-0.26686498522758484,-0.00026831155992113054,-0.3498896658420563,-0.5426254868507385,-9.62394115049392e-05,-0.40622782707214355,-0.6790231466293335,-0.0001770286326063797,-0.43587949872016907,-0.782804012298584,-0.00023253394465427846,-0.46256598830223083,-0.8865848183631897,-0.0002763184311334044,-0.17197966575622559,-0.6315804719924927,-9.951997344614938e-05,-0.15715382993221283,-0.5189041495323181,-0.0002130657812813297,-0.14232799410820007,-0.28465598821640015,-0.00023721501929685473,-0.13343249261379242,-0.195701003074646,-0.00022947147954255342,0.002965166699141264,-0.6137894988059998,-0.00011573732626857236,0.03558199852705002,-0.4655311703681946,-0.0002227963850600645,0.011860666796565056,-0.2520391643047333,-0.00019925717788282782,-0.008895499631762505,-0.195701003074646,-0.00015837443061172962,0.16011899709701538,-0.5426254868507385,-0.0001436026650480926,0.18680550158023834,-0.40622782707214355,-0.0002182271855417639,0.14232799410820007,-0.24907399713993073,-0.0002035983925452456,0.1097111627459526,-0.21645715832710266,-0.00017378958000335842,-0.9836610403000273,-0.9935770848706217,-0.999645888765409,0.9908970179635056,-0.9977140899584263,-0.9993352736932349,0.9755948660609268,-0.9469432319331132,-0.9707805702603177,0.8869253002947063,-0.8920126218051072,-0.8729433856009815,-0.9224235462323509,0.033840462839228695,-0.8027112452616489,0.32405903602585145,1.0,0.23686105333092147,0.1959031284190969,0.24267318439874253,0.22861963566854382,0.5740372280071787,0.2773672762626232,0.27763340648219376,0.30864927285640975,1.0,0.0,0.0,0.0,0.0
1,0.0,0.0,0.0,-0.19828040897846222,-0.02135327458381653,-0.00010277476394549012,-0.3813084661960602,-0.1220187097787857,-0.00016795391275081784,-0.33250099420547485,-0.20743180811405182,-0.00022677557717543095,-0.17082619667053223,-0.26539069414138794,-0.0002818743814714253,-0.3447028696537018,-0.5399327874183655,-0.00010604744602460414,-0.4026617407798767,-0.680254340171814,-0.00019407169020269066,-0.43316641449928284,-0.7839702367782593,-0.00025497080059722066,-0.45451968908309937,-0.8907365798950195,-0.000302898115478456,-0.16167479753494263,-0.6344972848892212,-0.00010826339712366462,-0.15252338349819183,-0.5246804356575012,-0.00023013616737443954,-0.13727104663848877,-0.28369349241256714,-0.0002568064664956182,-0.12811964750289917,-0.19217947125434875,-0.0002503397990949452,0.018302807584404945,-0.616194486618042,-0.0001242879225173965,0.04880748316645622,-0.46367111802101135,-0.0002390681329416111,0.018302807584404945,-0.24708789587020874,-0.00021708020358346403,-0.003050467697903514,-0.18912900984287262,-0.0001763451291481033,0.18302807211875916,-0.5429832935333252,-0.00015242666995618492,0.20743180811405182,-0.39656081795692444,-0.0002333410084247589,0.1586243212223053,-0.24098695814609528,-0.0002217120782006532,0.1220187097787857,-0.20743180811405182,-0.00019366048218216747,-0.984465975778956,-0.9944245179348166,-0.9960728066756261,0.9861937124479111,-0.9998007304577511,-0.9993352736932349,0.974325226464708,-0.9436446216776799,-0.9773871082872014,0.8822072127653349,-0.8919529075111126,-0.8653999533965975,-0.9227791148527512,0.016301990988477285,-0.7600336872352514,0.3156166859322401,1.0,0.2309711152314024,0.18915368463052223,0.24065859402367856,0.22933358803547846,0.5784800519160425,0.28262552016815556,0.28357869826164855,0.31738063327182686,1.0,0.0,0.0,0.0,0.0
1,0.0,0.0,0.0,-0.19323879480361938,-0.02147097699344158,-0.00010278007539454848,-0.3772757351398468,-0.11655673384666443,-0.0001706080511212349,-0.3343338072299957,-0.21164248883724213,-0.0002312732976861298,-0.16563326120376587,-0.2760554254055023,-0.0002872937184292823,-0.3496702015399933,-0.5429090261459351,-0.00010784564801724628,-0.4018140137195587,-0.677869439125061,-0.0001987274590646848,-0.42941954731941223,-0.7821570634841919,-0.0002611132222227752,-0.45089054107666016,-0.892579197883606,-0.00031008850783109665,-0.1594986915588379,-0.6379947662353516,-0.00011086723679909483,-0.1564314067363739,-0.5306398868560791,-0.00022838420409243554,-0.13802771270275116,-0.2852572798728943,-0.00024870765628293157,-0.11655673384666443,-0.19630607962608337,-0.00023902211978565902,0.024538259953260422,-0.6195910573005676,-0.00012837880058214068,0.049076519906520844,-0.4631596505641937,-0.0002397990901954472,0.02147097699344158,-0.2484498769044876,-0.00021109070803504437,0.0061345649883151054,-0.19937336444854736,-0.00016709344345144928,0.1901715099811554,-0.5459762811660767,-0.0001584183337399736,0.20857520401477814,-0.39567944407463074,-0.00023563076683785766,0.16256597638130188,-0.23924803733825684,-0.00021919564460404217,0.13496042788028717,-0.21164248883724213,-0.00018847340834327042,-0.9793655625154637,-0.9939643753269212,-0.9977748787787492,0.9766727284907798,-0.9989279234443198,-0.9869084131592818,0.9810127055135714,-0.9600918583386733,-0.9847235822285237,0.8973734003314028,-0.917958110357267,-0.8778953692668386,-0.9336823618089912,-0.052673250200679415,-0.7095992377224036,0.32193331187883034,1.0,0.22830155970117957,0.1994677888532437,0.2510117408176225,0.2207600491693775,0.5769169673292476,0.2790121605470786,0.2776431488994926,0.3224331446984538,1.0,0.0,0.0,0.0,0.0
1,0.0,0.0,0.0,-0.18912900984287262,-0.02135327458381653,-0.00010450124682392925,-0.36910659074783325,-0.10981684178113937,-0.00017726802616380155,-0.33250099420547485,-0.20743180811405182,-0.00024317171482834965,-0.17387665808200836,-0.2714916467666626,-0.0003045611083507538,-0.3386019170284271,-0.5216299891471863,-0.00011295254080323502,-0.3935103416442871,-0.6680524349212646,-0.00019743145094253123,-0.4301159679889679,-0.7809197306632996,-0.000251089601079002,-0.45451968908309937,-0.8907365798950195,-0.00029367298702709377,-0.15252338349819183,-0.613144040107727,-0.00011589942005230114,-0.14642246067523956,-0.5277309417724609,-0.00022623292170464993,-0.12811964750289917,-0.2897944450378418,-0.0002404368424322456,-0.1128673106431961,-0.20438134670257568,-0.00022704519506078213,0.030504677444696426,-0.5948412418365479,-0.0001325983030255884,0.051857952028512955,-0.46367111802101135,-0.00023936573415994644,0.02440374158322811,-0.253188818693161,-0.00020684037008322775,0.012201870791614056,-0.20438134670257568,-0.00016111487639136612,0.19828040897846222,-0.5185795426368713,-0.00016167126887012273,0.21353274583816528,-0.4026617407798767,-0.00023498393420595676,0.1677757352590561,-0.2440374195575714,-0.00021273436141200364,0.13727104663848877,-0.20743180811405182,-0.00017838168423622847,-0.976550334281733,-0.9989809065817012,-0.9954954043366194,0.9851576447418843,-0.9999843240962397,-0.9950104334788459,0.977482523966677,-0.9579347398985399,-0.9933627114459278,0.879478993450484,-0.9164556041349924,-0.915558913125009,-0.9412722153749016,-0.09791738333697318,-0.6761970930311513,0.32239866582994775,1.0,0.23347550013922042,0.20474531228428633,0.24873947573249908,0.21558418720458716,0.5968355492699237,0.2525853757215048,0.25364049052877596,0.3076771657758143,1.0,0.0,0.0,0.0,0.0
1,0.0,0.0,0.0,-0.18040074408054352,-0.020701725035905838,-0.00010138451762031764,-0.3578440845012665,-0.10646601021289825,-0.00017284030036535114,-0.3312276005744934,-0.20701724290847778,-0.00023816016619093716,-0.17744335532188416,-0.2779946029186249,-0.00029902259120717645,-0.3341849744319916,-0.5057135820388794,-0.00011117591930087656,-0.3962901532649994,-0.6594977974891663,-0.00019555911421775818,-0.4347362220287323,-0.774836003780365,-0.00024840558762662113,-0.46135273575782776,-0.8872167468070984,-0.00028960470808669925,-0.15969902276992798,-0.5914778709411621,-0.00011348714906489477,-0.1419546902179718,-0.5057135820388794,-0.00022256799275055528,-0.1271677315235138,-0.2779946029186249,-0.0002342022053198889,-0.1182955726981163,-0.20110246539115906,-0.00021947776258457452,0.014786946587264538,-0.5766909122467041,-0.0001294837420573458,0.0473182275891304,-0.4524805545806885,-0.00023419191711582243,0.0236591137945652,-0.24842070043087006,-0.00019936631724704057,0.008872168138623238,-0.20405985414981842,-0.00015302821702789515,0.1744859665632248,-0.5086709260940552,-0.00015768728917464614,0.1981450766324997,-0.3933327794075012,-0.0002296940510859713,0.15969902276992798,-0.24250592291355133,-0.00020720095199067146,0.13012512028217316,-0.20997463166713715,-0.00017315249715466052,-0.9800415911194305,-0.9980743570702751,-0.9960248754221308,0.998217813250663,-0.9903301962084917,-0.9987486067772168,0.9605596615025153,-0.9317551500131858,-0.9787903601421492,0.861404250702649,-0.8996149725709979,-0.8831651269172994,-0.9440904972714022,-0.19028740990869908,-0.6374458364964459,0.3297987652213985,1.0,0.2333154302740522,0.20425268205186567,0.24702616226308868,0.19673479606532213,0.6028935988786325,0.24229887916499962,0.242702758464024,0.29634041131428823,1.0,0.0,0.0,0.0,0.0
1,0.0,0.0,0.0,-0.17597696185112,-0.024746760725975037,-9.337582014268264e-05,-0.3327064514160156,-0.12923309206962585,-0.00015237118350341916,-0.29146185517311096,-0.23646904528141022,-0.0002045094734057784,-0.1622287631034851,-0.3107093274593353,-0.0002528924960643053,-0.30521005392074585,-0.48943594098091125,-0.0001013062137644738,-0.3657021224498749,-0.6654129028320312,-0.00018031199579127133,-0.3986978232860565,-0.7863970398902893,-0.0002322928048670292,-0.4261942207813263,-0.9046316146850586,-0.0002729293773882091,-0.13473236560821533,-0.5389294624328613,-0.00010298444976797327,-0.11823452264070511,-0.5306805372238159,-0.00021366917644627392,-0.09898704290390015,-0.3107093274593353,-0.0002317166654393077,-0.09623740613460541,-0.21447192132472992,-0.00022118096239864826,0.027496401220560074,-0.5169323682785034,-0.00011684730998240411,0.05224316194653511,-0.48118701577186584,-0.00022455626458395272,0.035745322704315186,-0.2804632782936096,-0.00019445935322437435,0.01924748159945011,-0.21447192132472992,-0.00014984520385041833,0.17597696185112,-0.456440269947052,-0.00014029481098987162,0.19522444903850555,-0.44544169306755066,-0.0002150458749383688,0.15947912633419037,-0.29146185517311096,-0.0001919434143928811,0.12923309206962585,-0.23921868205070496,-0.00015772078768350184,-0.9744599753050533,-0.9978983171599972,-0.9992873187393837,0.6507785065664207,-0.5234669412945784,-0.9982768554199041,0.7907941723826252,-0.7727991091393573,-0.9867494498053049,0.1505882923840696,-0.28694985873509954,-0.9563084952198255,-0.9011879237005092,-0.21903846036302704,-0.776195077597276,0.35051181502762896,1.0,0.23507423642272898,0.21533391747521816,0.2718948106584804,0.14575692763633324,0.6307676738722766,0.19221149001828955,0.19742725134335293,0.23900689390356591,1.0,0.0,0.0,0.0,0.0
1,0.0,0.0,0.0,-0.16880667209625244,-0.026376042515039444,-9.908533684210852e-05,-0.3165125250816345,-0.13188020884990692,-0.00016632734332233667,-0.2795860469341278,-0.24529719352722168,-0.00022759799321647733,-0.15825626254081726,-0.3270629346370697,-0.00028447926160879433,-0.2848612666130066,-0.4589431583881378,-0.00010890552948694676,-0.35343897342681885,-0.664676308631897,-0.00019306744798086584,-0.3850902318954468,-0.7912812829017639,-0.00024337020295206457,-0.4088286757469177,-0.9126110672950745,-0.000280286418274045,-0.12132979929447174,-0.48795679211616516,-0.00011082792480010539,-0.10814177244901657,-0.5459840893745422,-0.00022968559642322361,-0.0923161506652832,-0.3323381543159485,-0.00024491321528330445,-0.0923161506652832,-0.2347467839717865,-0.00022922336938790977,0.03165125101804733,-0.461580753326416,-0.00012570225226227194,0.05275208503007889,-0.49850720167160034,-0.00024004488659556955,0.034288857132196426,-0.30068689584732056,-0.00020480640523601323,0.010550417006015778,-0.2321091741323471,-0.00015407025057356805,0.17408187687397003,-0.40355345606803894,-0.00015019850980024785,0.1925451159477234,-0.45366793870925903,-0.00022398804139811546,0.15825626254081726,-0.30596208572387695,-0.00019332475494593382,0.12396740168333054,-0.24793480336666107,-0.00015364043065346777,-0.9728062226092528,-0.9970545157845607,-0.9986603936167052,-0.8928391886410041,0.9560950095572095,-0.9972677663338673,-0.9001476617451154,0.9105891000488395,-0.971294948101971,-0.9985274727515604,0.9922110209356113,-0.953664839093583,-0.8937082833362507,-0.30076241447924623,-0.788127104911246,0.36333908726237873,1.0,0.25224666848313204,0.2323488869185919,0.27719956984383093,0.12333737074286055,0.6623381128910415,0.13792933614362257,0.1397930376519462,0.20004801425053298,1.0,0.0,0.0,0.0,1.0
1,0.0,0.0,0.0,-0.16940298676490784,-0.03127439692616463,-9.652608423493803e-05,-0.31535017490386963,-0.13552239537239075,-0.00016072967264335603,-0.2788633704185486,-0.2449827790260315,-0.00021941987506579608,-0.15376578271389008,-0.32056257128715515,-0.0002744765661191195,-0.2788633704185486,-0.4612973630428314,-0.00010670824121916667,-0.34662458300590515,-0.6697933673858643,-0.00018937859567813575,-0.3778989613056183,-0.7922847270965576,-0.00024032723740674555,-0.4039609730243683,-0.9147761464118958,-0.0002786268596537411,-0.11727899312973022,-0.48475316166877747,-0.00010919943451881409,-0.1120665892958641,-0.5473019480705261,-0.0002286233357153833,-0.09382319450378418,-0.3388059735298157,-0.0002496301312930882,-0.09382319450378418,-0.23977038264274597,-0.00023918763326946646,0.03388059884309769,-0.4560849666595459,-0.00012366888404358178,0.04951779544353485,-0.500390350818634,-0.00023894703190308064,0.03648679703474045,-0.30231916904449463,-0.00020873098401352763,0.015637198463082314,-0.22673937678337097,-0.00016157940262928605,0.1720091849565506,-0.40135475993156433,-0.00014709026436321437,0.18764638900756836,-0.4560849666595459,-0.00022200842795427889,0.1589781790971756,-0.3101377785205841,-0.0001948119606822729,0.1250975877046585,-0.250195175409317,-0.00015786694712005556,-0.973779271231596,-0.9979364464541426,-0.9991863709142558,-0.9490718425969967,0.9855118424604049,-0.9961937418451863,-0.9650527808428163,0.9628024300801612,-0.979370661281549,-0.9919973624954268,0.9964447328386193,-0.9490804333449537,-0.9057334391603317,-0.29408599599062807,-0.7612432579471134,0.35553391145665314,1.0,0.25747365644865833,0.22727801092109692,0.2797267673769452,0.12247826629177094,0.6639977933835867,0.13316950733534524,0.14431663251437832,0.1970486425936778,1.0,0.0,0.0,0.0,1.0
1,0.0,0.0,0.0,-0.1666209101676941,-0.028637968003749847,-9.849386697169393e-05,-0.3124141991138458,-0.13277603685855865,-0.000162114534759894,-0.2733624279499054,-0.23951755464076996,-0.00021918982383795083,-0.1614139974117279,-0.3202245533466339,-0.000272300821961835,-0.2837762236595154,-0.46341440081596375,-0.0001102510213968344,-0.35406941175460815,-0.6664836406707764,-0.00019143655663356185,-0.3827073872089386,-0.7914493083953857,-0.00024108280194923282,-0.40613844990730286,-0.9138115048408508,-0.0002787487755995244,-0.11975877732038498,-0.4920523464679718,-0.00010998111974913627,-0.11455187201499939,-0.5363110303878784,-0.00022665374854113907,-0.09372425824403763,-0.328034907579422,-0.0002457409573253244,-0.09632770717144012,-0.22910374402999878,-0.0002350251452298835,0.028637968003749847,-0.46601784229278564,-0.00012171352136647329,0.04425867646932602,-0.486845463514328,-0.0002343978121643886,0.03384486958384514,-0.29158657789230347,-0.000203063347726129,0.013017257675528526,-0.2186899334192276,-0.00015641727077309042,0.1666209101676941,-0.40874189138412476,-0.00014278123853728175,0.18224161863327026,-0.4477936625480652,-0.00021712059970013797,0.15100018680095673,-0.30200037360191345,-0.0001910962164402008,0.11975877732038498,-0.24732790887355804,-0.00015548670489806682,-0.9767168536621471,-0.9941771463049501,-0.9993492780219666,-0.9373469541165016,0.976592044044898,-0.9920751870194645,-0.835289092260093,0.8308121857888989,-0.9747902410173181,-0.9999772707517238,0.9856826707655434,-0.9529256472649499,-0.9004307802982212,-0.2662704343736105,-0.8279058370574865,0.3586060728559661,1.0,0.24853089072240697,0.21907706019719111,0.27479680794332406,0.12822533474311254,0.65794822620791,0.14745200918962484,0.1571708971166265,0.20037043251873773,1.0,0.0,0.0,0.0,1.0
1,0.0,0.0,0.0,-0.16644443571567535,-0.026006944477558136,-9.61109617492184e-05,-0.31208333373069763,-0.13003471493721008,-0.0001573287881910801,-0.2704722285270691,-0.2392638772726059,-0.00021179229952394962,-0.15864235162734985,-0.32248610258102417,-0.0002621053426992148,-0.28347569704055786,-0.46032291650772095,-0.00011117565736640245,-0.35369443893432617,-0.6657777428627014,-0.000192950974451378,-0.3849027752876282,-0.7906110882759094,-0.0002427458530291915,-0.4083090126514435,-0.9128437042236328,-0.00028040382312610745,-0.11963193863630295,-0.4863298535346985,-0.00010980091610690579,-0.11703124642372131,-0.5331423282623291,-0.00022542662918567657,-0.09622569382190704,-0.32248610258102417,-0.00024298483913298696,-0.09622569382190704,-0.2236597090959549,-0.00023189294734038413,0.02860763855278492,-0.4629235863685608,-0.00012031005462631583,0.04161110892891884,-0.481128454208374,-0.0002319946652278304,0.031208332628011703,-0.28347569704055786,-0.0002011147589655593,0.01040277723222971,-0.21325694024562836,-0.0001552180910948664,0.16644443571567535,-0.4109097123146057,-0.0001398574822815135,0.18204860389232635,-0.4473194181919098,-0.00021388987079262733,0.14823958277702332,-0.3016805350780487,-0.00018937131972052157,0.11182985454797745,-0.24446527659893036,-0.000155142683070153,-0.9753171229961313,-0.9964447678311892,-0.9984447349409974,-0.9563044711052283,0.9881707160291431,-0.9951580371607981,-0.8480256268646257,0.8431481941474005,-0.972404141117941,-0.9997982200432394,0.9844120360577209,-0.9432118114702521,-0.8937082833362507,-0.2534747674545283,-0.8434905156085476,0.3593949607737066,1.0,0.2434812200469344,0.21351057468615156,0.2688293391150528,0.1242088013599041,0.6599925061779189,0.15068331522180825,0.15955637517746438,0.19456601468351023,1.0,0.0,0.0,0.0,1.0
1,0.0,0.0,0.0,-0.16302379965782166,-0.02846447192132473,-9.158380998997018e-05,-0.30793383717536926,-0.13455931842327118,-0.00015035185788292438,-0.26653096079826355,-0.24324184656143188,-0.00020295759895816445,-0.15008540451526642,-0.3182845413684845,-0.0002516812819521874,-0.27688169479370117,-0.4580192267894745,-0.00010920063505182043,-0.3467490077018738,-0.6676212549209595,-0.00019123120000585914,-0.37521350383758545,-0.7944175601005554,-0.00024141943140421063,-0.4010902941226959,-0.916038453578949,-0.0002795790496747941,-0.11385788768529892,-0.47872066497802734,-0.00010949635179713368,-0.11903324723243713,-0.5356495976448059,-0.0002229721430921927,-0.09833180904388428,-0.3234599232673645,-0.0002372864109929651,-0.09056877344846725,-0.22771577537059784,-0.00022457758313976228,0.0362275093793869,-0.45284387469291687,-0.00012147949746577069,0.03881518915295601,-0.48389601707458496,-0.00023076774959918112,0.02846447192132473,-0.2846447229385376,-0.00019648030865937471,0.015526075847446918,-0.2121897041797638,-0.00014896312495693564,0.17078682780265808,-0.3985026180744171,-0.00014228219515644014,0.1785498708486557,-0.43990546464920044,-0.00021534660481847823,0.1423223614692688,-0.29499542713165283,-0.00018962324247695506,0.11385788768529892,-0.24065417051315308,-0.00015494381659664214,-0.9754622342263413,-0.9949116613018463,-0.9999372736521291,-0.989814276236271,0.9999761895962066,-0.9998663708982829,-0.9999892593125506,0.9995064369555172,-0.9922215517215083,-0.9759958305459981,0.9982214364036026,-0.971920934022807,-0.8964455995106099,-0.2647989043092898,-0.8054525997145588,0.35189595204454144,1.0,0.24506577544617092,0.21275701874835545,0.2662293600832151,0.11997131780852122,0.6667695641914718,0.14061085948730973,0.15453629818770845,0.1906872567535681,1.0,0.0,0.0,0.0,1.0
1,0.0,0.0,0.0,-0.16850407421588898,-0.023331332951784134,-8.658064325572923e-05,-0.31886157393455505,-0.12961852550506592,-0.00014003991964273155,-0.27738362550735474,-0.23849807679653168,-0.00018775174976326525,-0.16072696447372437,-0.3084920644760132,-0.00023191820946522057,-0.2877531051635742,-0.46144193410873413,-0.00010469237895449623,-0.3577471077442169,-0.6662392020225525,-0.00018185749650001526,-0.38885554671287537,-0.7906729578971863,-0.00022980493668001145,-0.41477927565574646,-0.9099220037460327,-0.0002671914699021727,-0.12443377822637558,-0.4899580180644989,-0.00010638965613907203,-0.13480326533317566,-0.5184741020202637,-0.00021615954756271094,-0.1140642985701561,-0.31108444929122925,-0.00023138349934015423,-0.10628718882799149,-0.21516674757003784,-0.00022001260367687792,0.023331332951784134,-0.46144193410873413,-0.00011866311251651496,0.020738963037729263,-0.46921902894973755,-0.00022370681108441204,0.007777111139148474,-0.272198885679245,-0.00019122257072012872,0.0,-0.20479726791381836,-0.00014610345533583313,0.16072696447372437,-0.404409795999527,-0.00013959048374090344,0.1581345945596695,-0.41477927565574646,-0.00021092206588946283,0.12443377822637558,-0.272198885679245,-0.0001871381391538307,0.09851007163524628,-0.22294385731220245,-0.00015393442299682647,-0.9740610861872075,-0.9964448856192152,-0.9995221193757052,-0.9949923189312077,0.9691275275886134,-0.9998239614156159,-0.9314310745724224,0.9258033249169098,-0.9987906931061027,-0.8119565774045066,0.8883196982419062,-0.9683222946857367,-0.8880303203476697,-0.24872207999387833,-0.7860534654818282,0.34785136179745696,1.0,0.23998696140850648,0.20479732114341193,0.24373801885085555,0.12754897699548162,0.65947381716178,0.1602119500933888,0.16508333472440123,0.20128882374911286,1.0,0.0,0.0,0.0,1.0
1,0.0,0.0,0.0,-0.17140543460845947,-0.023373467847704887,-8.425630949204788e-05,-0.32982560992240906,-0.11686734110116959,-0.00014065290451981127,-0.3116462528705597,-0.22074942290782928,-0.00019351954688318074,-0.18958479166030884,-0.28827276825904846,-0.00024328632571268827,-0.29346686601638794,-0.45448410511016846,-0.00010045760427601635,-0.37137845158576965,-0.6492630243301392,-0.00017841503722593188,-0.4155283272266388,-0.7739214897155762,-0.00022578790958505124,-0.449290007352829,-0.8933858871459961,-0.0002617943682707846,-0.1324496567249298,-0.5012310147285461,-0.00010472858411958441,-0.15582312643527985,-0.49603694677352905,-0.00021399062825366855,-0.14024080336093903,-0.29606392979621887,-0.00022879874450154603,-0.1246584951877594,-0.21036121249198914,-0.0002168251376133412,0.018179364502429962,-0.48045462369918823,-0.00011983389413217083,0.0025970519054681063,-0.44669294357299805,-0.000223200157051906,-0.012985260225832462,-0.25970521569252014,-0.00019119441276416183,-0.015582311898469925,-0.199973002076149,-0.00014570287021342665,0.15842017531394958,-0.42072242498397827,-0.00014412772725336254,0.14283786714076996,-0.4077371656894684,-0.0002095740201184526,0.1038820818066597,-0.27269047498703003,-0.00018398826068732888,0.08570271730422974,-0.22594352066516876,-0.00014930432371329516,-0.9814619040635276,-0.9991951622802409,-0.9978911174410089,-0.0396647550276589,-0.14043708132757635,-0.9947934319047317,0.923150634354959,-0.9396199015756505,-0.9992123047846413,0.8698262035163649,-0.8280200880542624,-0.9959478277948319,-0.9219820581649012,-0.35219012305434344,-0.6276539084837807,0.3450270155070984,1.0,0.244523269999809,0.20057923263484986,0.24165151759283204,0.1625688643199624,0.657292482918209,0.17754115492887868,0.17479993672221886,0.19882027041582237,1.0,0.0,0.0,0.0,0.0
1,0.0,0.0,0.0,-0.16164204478263855,-0.013035648502409458,-8.05178060545586e-05,-0.32849836349487305,-0.10167805850505829,-0.00013929911074228585,-0.33110547065734863,-0.20857037603855133,-0.00019510718993842602,-0.21378463506698608,-0.2789628803730011,-0.0002483186835888773,-0.29460567235946655,-0.4458191990852356,-0.00010264146840199828,-0.38324809074401855,-0.6413539052009583,-0.00018636883760336787,-0.4379977881908417,-0.7638890147209167,-0.00023875758051872253,-0.4823189973831177,-0.8759955763816833,-0.00027900675195269287,-0.12774935364723206,-0.4901404082775116,-0.00011051476758439094,-0.18771333992481232,-0.5005689263343811,-0.00022165317204780877,-0.16424918174743652,-0.2919985353946686,-0.00023273831175174564,-0.13557074964046478,-0.20335611701011658,-0.00021873156947549433,0.033892687410116196,-0.4666762351989746,-0.00012960909225512296,-0.02346416749060154,-0.4458191990852356,-0.0002306073292857036,-0.03128555789589882,-0.2581058442592621,-0.00018892671505454928,-0.020857037976384163,-0.2007489949464798,-0.00013857953308615834,0.18249908089637756,-0.40671223402023315,-0.00015789922326803207,0.13035649061203003,-0.40931937098503113,-0.00021861215645913035,0.09385666996240616,-0.27374863624572754,-0.00018525162886362523,0.08603528141975403,-0.2346416860818863,-0.00014687383372802287,-0.9874934921624183,-0.9999852559397776,-0.9990449860412645,-0.41428430312178194,0.28040804808544006,-0.9798928299912776,0.40891813097041035,-0.38056997564966843,-0.9755697472051144,0.36331922019993573,-0.21142813687579315,-0.9978488778170433,-0.9179705311509613,-0.49054879707669496,-0.49343464065541653,0.35146015737140723,1.0,0.24440373721487602,0.20182962142753882,0.24991759232583458,0.19147205287839683,0.6774349210107624,0.18448241814469396,0.16239883229737956,0.17992741998300368,1.0,0.0,0.0,0.0,1.0
1,0.0,0.0,0.0,-0.1504378765821457,-0.007781269494444132,-8.734003495192155e-05,-0.311250776052475,-0.07781269401311874,-0.0001505594700574875,-0.35793840885162354,-0.17118793725967407,-0.00020983906870242208,-0.2697506844997406,-0.259375661611557,-0.0002652399998623878,-0.3086570203304291,-0.4357511103153229,-0.00010422070772619918,-0.4046260118484497,-0.6276890635490417,-0.00019433113629929721,-0.46946993470191956,-0.7470018863677979,-0.00024986951029859483,-0.5213450789451599,-0.8533458709716797,-0.00028961224597878754,-0.1478441208600998,-0.48503246903419495,-0.00010859668691409752,-0.21787555515766144,-0.49281373620033264,-0.00022703653667122126,-0.18415671586990356,-0.2801257073879242,-0.00023938047525007278,-0.1478441208600998,-0.18934422731399536,-0.00022230106696952134,0.007781269494444132,-0.47206369042396545,-0.0001253583759535104,-0.049281373620033264,-0.433157354593277,-0.00023427585256285965,-0.046687617897987366,-0.24121935665607452,-0.0001924127573147416,-0.02853132225573063,-0.18415671586990356,-0.00013756161206401885,0.1556253880262375,-0.4150010347366333,-0.0001516155753051862,0.10375025868415833,-0.4046260118484497,-0.00021661704522557557,0.07781269401311874,-0.2671569287776947,-0.00018264846585225314,0.07521893829107285,-0.22565682232379913,-0.00014076744264457375,-0.9883717676318872,-0.9994161855698575,-0.9990330704195077,-0.39541845326601777,0.2646922593060858,-0.9751767013361807,0.5768764210534618,-0.5521201194470549,-0.9569355788865378,0.5279332785063201,-0.3745225393588534,-0.9923129919037806,-0.9362349267379411,-0.7671361178638151,-0.3162279323532203,0.374220816320909,1.0,0.24022734472249543,0.1863538232816561,0.2378632173377679,0.23456404974933934,0.6752477200541358,0.19396587889860967,0.1799461135366893,0.1907481223998517,1.0,0.0,0.0,0.0,1.0
1,0.0,0.0,0.0,-0.1533728688955307,-0.0100572369992733,-9.255510667571798e-05,-0.311774343252182,-0.0804578959941864,-0.0001652754726819694,-0.3821750283241272,-0.1659444123506546,-0.0002356046752538532,-0.2966884970664978,-0.2514309287071228,-0.0003028392093256116,-0.3142886757850647,-0.4274325668811798,-0.00010498716437723488,-0.4249182641506195,-0.6109771728515625,-0.00020180537831038237,-0.5028618574142456,-0.7291496992111206,-0.0002594680117908865,-0.5581766366958618,-0.8297220468521118,-0.00029828387778252363,-0.1659444123506546,-0.4752044677734375,-0.0001089179131668061,-0.2539452314376831,-0.4877760112285614,-0.0002313220320502296,-0.2162306010723114,-0.27154541015625,-0.00023894904006738216,-0.1709730327129364,-0.1885731965303421,-0.00021505527547560632,-0.012571546249091625,-0.4651472270488739,-0.0001269677304662764,-0.0930294468998909,-0.4450327455997467,-0.00023843826784286648,-0.0854865163564682,-0.2489166259765625,-0.00019031540432479233,-0.0553148053586483,-0.1885731965303421,-0.00012878002598881721,0.1307440847158432,-0.4148610234260559,-0.00015559501480311155,0.0628577321767807,-0.407318115234375,-0.0002211278915638104,0.0326860211789608,-0.266516774892807,-0.00018399342661723495,0.0377146378159523,-0.2212592214345932,-0.00013836666767019778,-0.9958084464494394,-0.99917411766126,-0.9967829996271002,-0.4598839445514656,0.309415391033008,-0.9471176202100134,0.2162360218601746,-0.20507031857860436,-0.910953997680263,0.40406391811608033,-0.31622734377581285,-0.9486831058123777,-0.938428178382468,-0.8944272135712696,-0.09632451744836308,0.3888979985198661,1.0,0.254542088860976,0.1965186929244,0.22445056072826577,0.2476803754890139,0.6781437786229231,0.1947394055140933,0.1688238076731398,0.17442997773660754,1.0,0.0,0.0,0.0,1.0
1,0.0,0.0,0.0,-0.15288567543029785,-0.009863592684268951,-9.37704899115488e-05,-0.31563496589660645,-0.07644283771514893,-0.00016776476695667952,-0.39207780361175537,-0.16768106818199158,-0.00023864128161221743,-0.303305447101593,-0.2613852024078369,-0.0003056087880395353,-0.31810083985328674,-0.41920265555381775,-0.00011018587974831462,-0.4315321743488312,-0.6041450500488281,-0.00020583535660989583,-0.5129067897796631,-0.7200422286987305,-0.00026022939709946513,-0.5671565532684326,-0.8236099481582642,-0.0002974070084746927,-0.17014697194099426,-0.4685206413269043,-0.00011315745359752327,-0.2663169801235199,-0.48331600427627563,-0.00023230894294101745,-0.22686262428760529,-0.2687828838825226,-0.00023690811940468848,-0.17507876455783844,-0.18987415730953217,-0.00021271611331030726,-0.017261287197470665,-0.46112293004989624,-0.00013001362094655633,-0.10356771945953369,-0.43646395206451416,-0.0002406552230240777,-0.09370412677526474,-0.2465898096561432,-0.0001920029753819108,-0.05918155238032341,-0.19480594992637634,-0.0001313717511948198,0.12576079368591309,-0.41673678159713745,-0.0001573143235873431,0.04931795969605446,-0.4068731665611267,-0.00022339678253047168,0.02465897984802723,-0.27124878764152527,-0.00018725538393482566,0.03698847070336342,-0.22686262428760529,-0.0001431089622201398,-0.9951075812507462,-0.9980794243062805,-0.9916085560247192,-0.48030072765494175,0.3283203099332933,-0.9214963092416609,0.23856063215728993,-0.22446866191877599,-0.8597064946384648,0.40904500517926606,-0.30332141549592445,-0.9000983725634452,-0.9480038479648095,-0.8846345130406817,-0.1147746052536876,0.40039545575805785,1.0,0.258272757613464,0.20359721758683189,0.2298582454783152,0.2451639636331209,0.6801825493012172,0.1909835146497357,0.15919622770575834,0.16939625833382563,1.0,0.0,0.0,0.0,1.0
1,0.0,0.0,0.0,-0.15273252129554749,-0.012317138724029064,-9.523083281237632e-05,-0.3128553032875061,-0.07390283048152924,-0.000171759762451984,-0.39168500900268555,-0.1601227968931198,-0.0002453445049468428,-0.3079284727573395,-0.2537330389022827,-0.00031499998294748366,-0.3177821636199951,-0.41878271102905273,-0.00011224301852053031,-0.4335632622241974,-0.598612904548645,-0.00021052687952760607,-0.5222466588020325,-0.7143940329551697,-0.0002675496507436037,-0.5789055228233337,-0.8153945803642273,-0.000306200236082077,-0.17243993282318115,-0.4655878245830536,-0.00011586908658500761,-0.26851361989974976,-0.4779049754142761,-0.0002385487750871107,-0.22909876704216003,-0.26358675956726074,-0.0002470295294187963,-0.17490336298942566,-0.1847570687532425,-0.00022499698388855904,-0.019707420840859413,-0.45573410391807556,-0.00013324829342309386,-0.10592739284038544,-0.4360266923904419,-0.00024661034694872797,-0.096073679625988,-0.24387933313846588,-0.00019969196000602096,-0.0615856908261776,-0.187220498919487,-0.000139438416226767,0.1231713816523552,-0.4064655601978302,-0.00016100599896162748,0.04680512472987175,-0.3990752696990967,-0.00022833065304439515,0.02217084914445877,-0.26358675956726074,-0.00019224807329010218,0.03448798879981041,-0.2217084914445877,-0.0001475749450037256,-0.9970296282913217,-0.9966720618366663,-0.9898774342868316,-0.46374287765685873,0.30447290505638863,-0.9129210058661708,0.18049954611574753,-0.17260477029855353,-0.8797063215172426,0.38084295453816225,-0.27282374974829604,-0.8934151076987941,-0.9591815016689946,-0.8947298192342207,-0.10007723977315058,0.39899935279392074,1.0,0.25441386050946074,0.1970896625875418,0.22437491688149364,0.24960249713741556,0.6846804313795037,0.19129905138338138,0.16285844515223552,0.16967995136895475,1.0,0.0,0.0,0.0,1.0
1,0.0,0.0,0.0,-0.15743453800678253,-0.009839658625423908,-9.786945156520233e-05,-0.3173289895057678,-0.07133752852678299,-0.00017650700465310365,-0.39850619435310364,-0.15743453800678253,-0.0002520558191463351,-0.3124091625213623,-0.25091129541397095,-0.0003234977775719017,-0.3247087299823761,-0.42064541578292847,-0.00011312687274767086,-0.4378648102283478,-0.5952993631362915,-0.0002134414971806109,-0.5239618420600891,-0.7133752703666687,-0.0002715362352319062,-0.580539882183075,-0.8142317533493042,-0.00031089159892871976,-0.17957377433776855,-0.46984371542930603,-0.00011541950516402721,-0.2755104601383209,-0.47476354241371155,-0.00023812147264834493,-0.23369190096855164,-0.2582910358905792,-0.00024383437994401902,-0.17957377433776855,-0.18449360132217407,-0.0002193618711316958,-0.0295189768075943,-0.46246397495269775,-0.00013219096581451595,-0.11315608024597168,-0.4304850697517395,-0.00024371675681322813,-0.10085650533437729,-0.23861172795295715,-0.00019413925474509597,-0.06641769409179688,-0.1894134283065796,-0.00013243967259768397,0.11315608024597168,-0.41572558879852295,-0.0001602313859621063,0.03935863450169563,-0.3935863673686981,-0.0002257563464809209,0.01475948840379715,-0.2582910358905792,-0.00018960288434755057,0.0295189768075943,-0.2189324051141739,-0.0001452151918783784,-0.9965987600880016,-0.9984799625625965,-0.9929512079837529,-0.4043831038580063,0.23971087314604972,-0.9039330790600889,0.2969123056032942,-0.29665292581436925,-0.8542388152502911,0.5288181573174152,-0.4540537270581599,-0.8584149954437308,-0.9539205558549887,-0.901476535544451,-0.07041806928654691,0.4006944935010221,1.0,0.2574580991348334,0.20072064811185705,0.22091354287100304,0.2503691035672292,0.677111720200916,0.19430025042814664,0.16527401871976483,0.1763173789957005,1.0,0.0,0.0,0.0,1.0
1,0.0,0.0,0.0,-0.15325888991355896,-0.007415752857923508,-9.822707215789706e-05,-0.31640544533729553,-0.07168561220169067,-0.00017509896133560687,-0.3930349051952362,-0.15820272266864777,-0.0002485111472196877,-0.3114616274833679,-0.25213560461997986,-0.00031759278499521315,-0.32382121682167053,-0.42022600769996643,-0.00011256327707087621,-0.43505752086639404,-0.5957321524620056,-0.00021157060109544545,-0.5215746164321899,-0.7143841981887817,-0.00026699522277340293,-0.5784287452697754,-0.8157328367233276,-0.0003041079035028815,-0.18044999241828918,-0.4696643650531769,-0.00011412284220568836,-0.2719109356403351,-0.4795520305633545,-0.00023653889365959913,-0.22988833487033844,-0.25955134630203247,-0.00023992964997887611,-0.17550615966320038,-0.185393825173378,-0.0002132453373633325,-0.02966301143169403,-0.4622485935688019,-0.0001303163153352216,-0.10629245638847351,-0.44000133872032166,-0.00024349588784389198,-0.0964047908782959,-0.24471984803676605,-0.0001932435407070443,-0.06179794296622276,-0.1928095817565918,-0.00013038412726018578,0.11123629659414291,-0.41775408387184143,-0.00015761182294227183,0.044494517147541046,-0.4004506468772888,-0.00022438781161326915,0.01977534033358097,-0.26202327013015747,-0.0001881312346085906,0.032134927809238434,-0.22247259318828583,-0.00014342076610773802,-0.9958036523186332,-0.9978798981228996,-0.9929511205623012,-0.4569033694552439,0.29210524935322846,-0.9030359072944092,0.21673727980504565,-0.22988997849332873,-0.859035696614877,0.4915837399911791,-0.4172184210144109,-0.8871821400465907,-0.9470354472883333,-0.8912694782025415,-0.13046580727344384,0.40072532617989975,1.0,0.25529067550385276,0.20247106899047645,0.22478150633236535,0.24872805775150392,0.676123793527586,0.19156137870060624,0.16276562761082536,0.17580328082796567,1.0,0.0,0.0,0.0,1.0
1,0.0,0.0,0.0,-0.1559845507144928,-0.007427835837006569,-9.473533282289281e-05,-0.3169209957122803,-0.07427836209535599,-0.00017084935097955167,-0.37881964445114136,-0.16341239213943481,-0.00024396157823503017,-0.2946375012397766,-0.2574983239173889,-0.0003129511314909905,-0.3193969428539276,-0.42091071605682373,-0.00011344390077283606,-0.42833852767944336,-0.6016547083854675,-0.0002131137007381767,-0.5125206708908081,-0.720500111579895,-0.0002702091878745705,-0.5694674253463745,-0.8220138549804688,-0.0003083817136939615,-0.17084023356437683,-0.4630017876625061,-0.0001178127495222725,-0.2574983239173889,-0.47785744071006775,-0.00024156234576366842,-0.21540723741054535,-0.25997427105903625,-0.00024660167400725186,-0.16341239213943481,-0.18321995437145233,-0.00022146711125969887,-0.019807562232017517,-0.4506220519542694,-0.00013630127068609,-0.09160997718572617,-0.4431942105293274,-0.0002493153733666986,-0.08170619606971741,-0.25254642963409424,-0.00019795948173850775,-0.04704296216368675,-0.2005515694618225,-0.00013495597522705793,0.12627321481704712,-0.401103138923645,-0.00016543669335078448,0.06685052067041397,-0.4110069274902344,-0.00023097710800357163,0.039615124464035034,-0.2748299241065979,-0.00019074068404734135,0.04704296216368675,-0.23273886740207672,-0.00014353686128742993,-0.9943137481952262,-0.9972731788746012,-0.9944855670639006,-0.49971005723637035,0.3528440882836555,-0.9192682319031127,0.05911880539836688,-0.051157385060067784,-0.859706440710457,0.13938779848639876,-0.03224095841562592,-0.9315772566956947,-0.9406976963329184,-0.8418414004741316,-0.23178209909214686,0.39130133035970044,1.0,0.24550602094927207,0.20599513046957957,0.23744565451873245,0.2355982349520093,0.6843122099965537,0.18540588222893412,0.1495569717907104,0.16855425888967362,1.0,0.0,0.0,0.0,1.0
1,0.0,0.0,0.0,-0.1563270539045334,-0.0074441456235945225,-9.150382538791746e-05,-0.31513550877571106,-0.07940421998500824,-0.0001631186023587361,-0.36476314067840576,-0.17369672656059265,-0.00023203899036161602,-0.27295202016830444,-0.2580637037754059,-0.0002969696361105889,-0.31761687994003296,-0.42431628704071045,-0.00011049675231333822,-0.42183491587638855,-0.6104199290275574,-0.0002082361315842718,-0.4962763786315918,-0.7295262813568115,-0.0002626716159284115,-0.5483853816986084,-0.836225688457489,-0.0002992466907016933,-0.16625258326530457,-0.46153703331947327,-0.00011624907347140834,-0.22828713059425354,-0.4863508343696594,-0.00024226109962910414,-0.18858502805233002,-0.26798924803733826,-0.0002469479222781956,-0.14143876731395721,-0.19851054251194,-0.00022070956765674055,-0.014888291247189045,-0.4466487467288971,-0.00013603639672510326,-0.062034547328948975,-0.439204603433609,-0.0002519617264624685,-0.057071782648563385,-0.2481381893157959,-0.00020308357488829643,-0.03473934531211853,-0.2009919285774231,-0.0001408016833011061,0.12655048072338104,-0.3995024859905243,-0.0001659325062064454,0.08436698466539383,-0.41935354471206665,-0.00023267521464731544,0.057071782648563385,-0.27791476249694824,-0.0001934910105774179,0.05955316498875618,-0.23821265995502472,-0.00014702304906677455,-0.9912905182205939,-0.9988429282915091,-0.9945659787322623,-0.6640715686245535,0.5314901192390987,-0.9145729783305141,0.1229677366804217,-0.13026145158982053,-0.9145481168458499,-0.1326802135855143,0.2466324420830874,-0.9681510075439898,-0.9294538665309765,-0.7894593109269255,-0.255816384634665,0.375632471056666,1.0,0.24374455957705646,0.203972062493445,0.2455440309354896,0.2172784803656343,0.6815799726554261,0.16235829342901031,0.15073166234335653,0.1722186399728296,1.0,0.0,0.0,0.0,1.0
1,0.0,0.0,0.0,-0.16132807731628418,-0.007445910945534706,-9.460603905608878e-05,-0.325138121843338,-0.08190502226352692,-0.00016636005602777004,-0.3574037253856659,-0.1811838299036026,-0.00023399500059895217,-0.26060688495635986,-0.2630888521671295,-0.0002976608229801059,-0.3201741874217987,-0.429380863904953,-0.00011189817450940609,-0.41697102785110474,-0.6180106401443481,-0.0002040848630713299,-0.48398420214653015,-0.7396271824836731,-0.00025603114045225084,-0.5286597013473511,-0.8488338589668274,-0.0002930269401986152,-0.15884609520435333,-0.46909239888191223,-0.00011705287033692002,-0.22089536488056183,-0.4963940680027008,-0.00023675298143643886,-0.1861477792263031,-0.2804626524448395,-0.00024203593784477562,-0.14395427703857422,-0.20352156460285187,-0.0002189054066548124,-0.002481970237568021,-0.4542005658149719,-0.00013615736679639667,-0.05212137848138809,-0.44675466418266296,-0.0002481511328369379,-0.04963940754532814,-0.2531609833240509,-0.00020071279141120613,-0.029783643782138824,-0.20848551392555237,-0.00014207884669303894,0.14643624424934387,-0.4045611619949341,-0.00016557770140934736,0.09679684042930603,-0.4194529950618744,-0.00023209414212033153,0.07197713851928711,-0.2779806852340698,-0.00019445241196081042,0.07445911318063736,-0.24075111746788025,-0.00015090966189745814,-0.9861539108119081,-0.9995647533279385,-0.9933594483125948,-0.6750339975197134,0.5430435980845014,-0.9420682294618474,0.14293325101320675,-0.13564973448843778,-0.9189425111748167,0.05580609923737121,0.1175136725014666,-0.9712806603471932,-0.9284766239905138,-0.6749223557378541,-0.37836119928108297,0.37031307304861066,1.0,0.2492867970963492,0.21060222395692182,0.25200255044266906,0.21280441591969468,0.6786097603059562,0.16673895773909225,0.14772959323953938,0.1796329443994106,1.0,0.0,0.0,0.0,1.0
1,0.0,0.0,0.0,-0.1607046127319336,-0.027621105313301086,-9.101990872295573e-05,-0.3214092254638672,-0.12555047869682312,-0.00015488910139538348,-0.31136518716812134,-0.22850187122821808,-0.00021392625058069825,-0.1933477371931076,-0.3063431680202484,-0.0002690579858608544,-0.3013211488723755,-0.43691566586494446,-0.0001076252810889855,-0.3866954743862152,-0.6377964615821838,-0.0001962765381904319,-0.4394266903400421,-0.7633469104766846,-0.00024425762239843607,-0.47709181904792786,-0.8788533806800842,-0.00027876641252078116,-0.1406165361404419,-0.4620257616043091,-0.00011430332961026579,-0.16572663187980652,-0.5373560786247253,-0.0002377441560383886,-0.13559451699256897,-0.3188982307910919,-0.0002455849025864154,-0.11299543082714081,-0.233523890376091,-0.00022202733089216053,0.017577067017555237,-0.4419376850128174,-0.0001342041214229539,0.0025110095739364624,-0.4821138381958008,-0.0002491642953827977,0.0,-0.2812330722808838,-0.000206373879336752,0.0025110095739364624,-0.22850187122821808,-0.00014922689297236502,0.16823764145374298,-0.3942285180091858,-0.00016333177336491644,0.14814956486225128,-0.43691566586494446,-0.00023100893304217607,0.12303946912288666,-0.29127711057662964,-0.00019578846695367247,0.10797341167926788,-0.25612297654151917,-0.00015414765221066773,-0.979691703247248,-0.999990988315333,-0.996605913971206,-0.9996530231131864,0.9829929873214546,-0.9926030992395778,-0.921632797169492,0.9318644140583037,-0.99819518288547,-0.6650794528376592,0.8193163549858286,-0.972710048794855,-0.9297465247476414,-0.43499371328627756,-0.6290494476692547,0.3622562028290085,1.0,0.2594251751242995,0.22851572572645368,0.27795191716978684,0.14783006829795955,0.6813280672222286,0.12921827660662125,0.1301323950662278,0.18332098186544996,1.0,0.0,0.0,0.0,1.0
1,0.0,0.0,0.0,-0.16127046942710876,-0.032758064568042755,-8.937482925830409e-05,-0.30742183327674866,-0.13355210423469543,-0.00015090973465703428,-0.28978288173675537,-0.23686599731445312,-0.00020796418539248407,-0.18394912779331207,-0.3149814009666443,-0.0002604528854135424,-0.2721439301967621,-0.45609304308891296,-0.00010629979806253687,-0.35025930404663086,-0.6627208590507507,-0.0001913038140628487,-0.38805708289146423,-0.7887133955955505,-0.0002408898581052199,-0.4208151400089264,-0.9071463942527771,-0.00027680222410708666,-0.11591315269470215,-0.47373199462890625,-0.00011082005948992446,-0.12347270548343658,-0.5367282629013062,-0.0002326355897821486,-0.10079404711723328,-0.32506078481674194,-0.0002484633296262473,-0.09323448687791824,-0.2318263053894043,-0.0002327821566723287,0.032758064568042755,-0.4485335052013397,-0.00012714623881038278,0.03779776766896248,-0.4888511002063751,-0.0002419532393105328,0.02771836146712303,-0.2948225736618042,-0.00020852616580668837,0.01259925588965416,-0.2293064445257187,-0.00015831376367714256,0.17134986817836761,-0.3981364667415619,-0.00015199150948319584,0.18394912779331207,-0.45357319712638855,-0.0002243302296847105,0.1486712098121643,-0.3124615252017975,-0.0001964778348337859,0.11339329928159714,-0.2570248246192932,-0.0001589299354236573,-0.9844577072791181,-0.9975520862329897,-0.9997664658024947,-0.9927427643028479,0.9999174783056796,-0.9996664132062383,-0.9986734305185925,0.9973728597684206,-0.9847441433561208,-0.9833123042051345,0.9997682881670068,-0.9486831638557659,-0.9197509631780056,-0.4210913906651147,-0.7207888569853328,0.36476105747310644,1.0,0.24987228873580883,0.2296523831271792,0.28092671584303314,0.1525824897879051,0.6723176962556665,0.13576278364185385,0.13532702158106968,0.17947917796932822,1.0,0.0,0.0,0.0,1.0
1,0.0,0.0,0.0,-0.16235342621803284,-0.034968432039022446,-8.994300878839567e-05,-0.3022271394729614,-0.14237147569656372,-0.0001510272268205881,-0.26725873351097107,-0.24727676808834076,-0.0002067012683255598,-0.15735794603824615,-0.3247068524360657,-0.0002583877940196544,-0.2697564661502838,-0.4470963776111603,-0.00011250473471591249,-0.3396933376789093,-0.6644001603126526,-0.0002020207466557622,-0.3721640110015869,-0.7917851805686951,-0.0002572531229816377,-0.39963921904563904,-0.9166724681854248,-0.0002977359981741756,-0.10990078002214432,-0.45708733797073364,-0.00011506160080898553,-0.11239852756261826,-0.5320196747779846,-0.00023741675249766558,-0.09491430968046188,-0.3272046148777008,-0.00025710149202495813,-0.09491430968046188,-0.23478803038597107,-0.00024652661522850394,0.037466175854206085,-0.4271143972873688,-0.0001290241489186883,0.04745715484023094,-0.47706931829452515,-0.0002435752103338018,0.03247068449854851,-0.28474295139312744,-0.00021101502352394164,0.01248872559517622,-0.2173038274049759,-0.00016313183004967868,0.1723444163799286,-0.37466177344322205,-0.0001513749739388004,0.18982861936092377,-0.4371053874492645,-0.00022586718841921538,0.15236245095729828,-0.29723167419433594,-0.00019923696527257562,0.11739401519298553,-0.24727676808834076,-0.00016322747978847474,-0.9733209494620592,-0.998092119113463,-0.9994542675924724,-0.979538281476143,0.998655127986109,-0.996376096358742,-0.9939651893977567,0.9928506616786515,-0.9779701166695461,-0.9875232349390368,0.9999357644826297,-0.9397108557029622,-0.9036033911735056,-0.3269568272291825,-0.8049081780230607,0.36082701369834197,1.0,0.2532473239452938,0.21766246033530062,0.27372829232154533,0.1244851278291624,0.6818301318397476,0.12262186168751919,0.13231261976397193,0.17813174568582912,1.0,0.0,0.0,0.0,1.0
1,0.0,0.0,0.0,-0.1620902270078659,-0.03241804614663124,-9.211320139002055e-05,-0.3017371892929077,-0.1371532678604126,-0.00015318382065743208,-0.26682543754577637,-0.24438218772411346,-0.00020832486916333437,-0.15710283815860748,-0.3241804540157318,-0.000259400432696566,-0.2718128263950348,-0.44886523485183716,-0.00011272361734881997,-0.3416363298892975,-0.6658167839050293,-0.00020096314256079495,-0.36906698346138,-0.792995274066925,-0.0002560047432780266,-0.3915102183818817,-0.920173704624176,-0.00029684556648135185,-0.1147100031375885,-0.4638274013996124,-0.00011372206063242629,-0.10972261428833008,-0.5286635160446167,-0.00023585681628901511,-0.08977304399013519,-0.32667413353919983,-0.00025709185865707695,-0.092266745865345,-0.23690108954906464,-0.0002481883275322616,0.03241804614663124,-0.4363967478275299,-0.00012612718273885548,0.047380220144987106,-0.4738021790981293,-0.00024140748428180814,0.03241804614663124,-0.28428131341934204,-0.00021089252550154924,0.01246847864240408,-0.21944522857666016,-0.00016464738291688263,0.1620902270078659,-0.38153544068336487,-0.0001471179857617244,0.18453349173069,-0.4339030683040619,-0.00022308441111817956,0.15211543440818787,-0.29176241159439087,-0.00019850335957016796,0.1147100031375885,-0.24188849329948425,-0.00016378196596633643,-0.9729493820398327,-0.9951096299092772,-0.9992871654524288,-0.9494795885314326,0.9846866181936423,-0.9920452598076324,-0.9534354984035973,0.9548225792624591,-0.9759595508493856,-0.9999944715723483,0.9837251061324637,-0.9133878036338611,-0.902134307265311,-0.3228541446852717,-0.8096490245525975,0.3602420440390565,1.0,0.2542348232191323,0.21979921213582362,0.2677096308648424,0.12071139200702326,0.6739561301933223,0.12178331094425592,0.13651248149210188,0.1852264280000146,1.0,0.0,0.0,0.0,1.0
1,0.0,0.0,0.0,-0.1627703160047531,-0.03255406394600868,-8.952763164415956e-05,-0.3080115020275116,-0.13522456586360931,-0.00014827756967861205,-0.2779616117477417,-0.23288674652576447,-0.00020121523994021118,-0.17278695106506348,-0.3105156719684601,-0.0002504775475244969,-0.2829699218273163,-0.4507485628128052,-0.00011001480015693232,-0.3555905222892761,-0.6636020541191101,-0.00019547119154594839,-0.3831362724304199,-0.7888099551200867,-0.00024806498549878597,-0.40567371249198914,-0.914017915725708,-0.00028695803484879434,-0.12270377576351166,-0.46577349305152893,-0.00011150521459057927,-0.12270377576351166,-0.5258733034133911,-0.00023102405248209834,-0.10267050564289093,-0.31552398204803467,-0.00024934648536145687,-0.10016634315252304,-0.2253742814064026,-0.00023791017883922905,0.02504158578813076,-0.4382277727127075,-0.0001243366568814963,0.03255406394600868,-0.473285973072052,-0.00023642116866540164,0.02504158578813076,-0.2804657518863678,-0.00020369085541460663,0.01001663412898779,-0.2203659564256668,-0.00015608014655299485,0.15776199102401733,-0.3881445825099945,-0.00014563272998202592,0.17278695106506348,-0.43572360277175903,-0.00021800400281790644,0.14273704588413239,-0.29549071192741394,-0.0001911031868075952,0.11769545823335648,-0.2504158616065979,-0.000155062458361499,-0.9732540534411086,-0.9937073674787764,-0.9992605162047614,-0.9670056053343813,0.995493383920436,-0.9977443024031639,-0.9881595049355011,0.9852141128793682,-0.9788491430056743,-0.9967870110627902,0.9955105225151271,-0.9565092853928803,-0.9139254230509695,-0.3115661024669044,-0.8042054288533511,0.3553524747709915,1.0,0.24663113937460074,0.22059354092447686,0.27669541007928433,0.1337437687388717,0.6709055787454645,0.13516623790745022,0.13935099625667718,0.18965064052523137,1.0,0.0,0.0,0.0,1.0
1,0.0,0.0,0.0,-0.16471801698207855,-0.03040948137640953,-8.380487997783348e-05,-0.3167654275894165,-0.1317744255065918,-0.00013848443632014096,-0.2888900637626648,-0.22807110846042633,-0.00018862976867239922,-0.17738863825798035,-0.29902657866477966,-0.00023561168927699327,-0.29395830631256104,-0.4612104594707489,-0.00010389356611995026,-0.3674478828907013,-0.6614062190055847,-0.00018382507550995797,-0.3978573679924011,-0.783044159412384,-0.0002340056380489841,-0.4206644892692566,-0.9072161912918091,-0.0002719573676586151,-0.13684266805648804,-0.5017564296722412,-0.00010763476166175678,-0.12670616805553436,-0.5118929147720337,-0.00022296770475804806,-0.11656967550516129,-0.30916306376457214,-0.0002436723152641207,-0.11656967550516129,-0.21540048718452454,-0.0002343321975786239,0.010136493481695652,-0.48148345947265625,-0.00012140413309680298,0.03040948137640953,-0.45614221692085266,-0.00022724707378074527,0.010136493481695652,-0.27115121483802795,-0.00020021639647893608,-0.007602370344102383,-0.20779812335968018,-0.00015788443852216005,0.14191091060638428,-0.42826685309410095,-0.00014410905714612454,0.16218389570713043,-0.41559624671936035,-0.00021351561008486897,0.12417204678058624,-0.2736853361129761,-0.00019206208526156843,0.0912284404039383,-0.2255369871854782,-0.00015980450552888215,-0.9768432813093811,-0.9942982230528196,-0.997995324860038,-0.496124565256761,0.6708908170068154,-0.9987523171348602,0.7675423128105336,-0.7081650890207054,-0.9866055645254843,0.2363648264934459,-0.2925420165062873,-0.9433080206860446,-0.9189277536403503,-0.30146697796442895,-0.7502903838025287,0.3476832738573244,1.0,0.24492023017462933,0.20793720898722914,0.24328909315378344,0.14317331446145545,0.6456797711864721,0.1703685274985801,0.17355764233718443,0.2092983297738468,1.0,0.0,0.0,0.0,1.0
1,0.0,0.0,0.0,-0.16309013962745667,-0.02367437444627285,-9.401202260050923e-05,-0.32091930508613586,-0.09995847195386887,-0.00016189074085559696,-0.3419632017612457,-0.17098160088062286,-0.00022462102060671896,-0.23937423527240753,-0.2367437481880188,-0.0002839254157152027,-0.32091930508613586,-0.481378972530365,-0.00011901158723048866,-0.38931193947792053,-0.6497300863265991,-0.00020628284255508333,-0.43139973282814026,-0.7707324624061584,-0.00026370384148322046,-0.4577045738697052,-0.8891043066978455,-0.0003067847283091396,-0.15519867837429047,-0.5655544996261597,-0.00011923205602215603,-0.15519867837429047,-0.4734874963760376,-0.00023009160941001028,-0.14467674493789673,-0.27357056736946106,-0.0002522346912883222,-0.13152430951595306,-0.19202548265457153,-0.00024624422076158226,0.005260972306132317,-0.5524020791053772,-0.0001301008160226047,0.010521944612264633,-0.3972034156322479,-0.0002274849684908986,-0.013152430765330791,-0.22622181475162506,-0.0002026179718086496,-0.018413402140140533,-0.18413403630256653,-0.00016500243509653956,0.15256819128990173,-0.48927041888237,-0.00015247054398059845,0.15519867837429047,-0.36826807260513306,-0.00021391651534941047,0.1104804202914238,-0.23148277401924133,-0.00019470944243948907,0.0868060439825058,-0.19202548265457153,-0.00016490444249939173,-0.9796431760705439,-0.9986923627185698,-0.9932717144878671,0.9643475645652873,-0.9986171051172748,-0.9942456502107868,0.9990575197258753,-0.9853344004426301,-0.9999122038363533,0.947966767491298,-0.9435170918541679,-0.9749167186256001,-0.9535248039491584,-0.6730176128420217,-0.27826311311032625,0.33667151989004107,1.0,0.23274985744977547,0.18505248810449182,0.2107346680941892,0.2522481513024029,0.6143899424364412,0.2356786293792902,0.23792858689318216,0.27125248645080485,1.0,0.0,0.0,0.0,1.0
1,0.0,0.0,0.0,-0.19780969619750977,-0.02997116558253765,-7.340292359003797e-05,-0.3836309313774109,-0.11389043182134628,-0.0001328608486801386,-0.37763670086860657,-0.1498558223247528,-0.00019226920267101377,-0.25775203108787537,-0.1798269897699356,-0.00025130584253929555,-0.36564821004867554,-0.5155040621757507,-0.0001074238825822249,-0.4285876750946045,-0.6623627543449402,-0.00019181647803634405,-0.4945242404937744,-0.7522762417793274,-0.0002508051984477788,-0.5574637055397034,-0.830201268196106,-0.0002962014696095139,-0.1798269897699356,-0.6174060106277466,-0.00012473830429371446,-0.2038039267063141,-0.4585588276386261,-0.00023828579287510365,-0.1798269897699356,-0.22778086364269257,-0.00026668969076126814,-0.16184429824352264,-0.11688754707574844,-0.0002656788856256753,0.005994233302772045,-0.5964261889457703,-0.00015071156667545438,-0.00899134948849678,-0.3746395707130432,-0.00024861653218977153,-0.014985582791268826,-0.18582122027873993,-0.0002274718281114474,-0.02097981609404087,-0.12288177758455276,-0.00019386406347621232,0.1798269897699356,-0.5125069618225098,-0.00018635098240338266,0.15884718298912048,-0.3326799273490906,-0.000250028824666515,0.12288177758455276,-0.18881835043430328,-0.00022918068862054497,0.10190196335315704,-0.13786736130714417,-0.0001982770045287907,-0.9776014705682141,-0.9741527694611595,-0.9989113005444394,0.9076125425822692,-0.9680812592159072,-0.9983623844490758,0.9983519875607245,-0.9993617330475536,-0.9980024859047482,0.9756095797678048,-0.9917118162028455,-0.9894147991760667,-0.9627440900641696,-0.2561583499355294,-0.39872632373576766,0.3142831794057993,1.0,0.19964054357494507,0.12466002556439461,0.17143938060078615,0.3265641956705166,0.6176879085901397,0.34345915070416416,0.3294506170439968,0.3558495359307795,1.0,0.0,0.0,0.0,0.0
1,0.0,0.0,0.0,-0.22973762452602386,0.003960993606597185,-0.00011883458500960842,-0.45947524905204773,-0.03168794885277748,-0.00022653730411548167,-0.4673972427845001,0.03960993513464928,-0.0003274960909038782,-0.2931135296821594,0.06733688712120056,-0.0004232147475704551,-0.4753192067146301,-0.5585001111030579,-0.00019420952594373375,-0.5386950969696045,-0.6971348524093628,-0.0003594395238906145,-0.6337589621543884,-0.7248618006706238,-0.00047681410796940327,-0.7169398069381714,-0.6971348524093628,-0.0005550524801947176,-0.21785464882850647,-0.6971348524093628,-0.0002132953959517181,-0.22577662765979767,-0.36837238073349,-0.00038265372859314084,-0.19804967939853668,-0.05149291455745697,-0.00041409290861338377,-0.1624007374048233,0.059414900839328766,-0.00041367163066752255,0.043570928275585175,-0.6496029496192932,-0.0002511692582629621,0.043570928275585175,-0.27726954221725464,-0.00038635171949863434,-0.003960993606597185,-0.03960993513464928,-0.0003377402317710221,-0.027726953849196434,0.003960993606597185,-0.00028720637783408165,0.26934754848480225,-0.5188901424407959,-0.00030650445842184126,0.24954259395599365,-0.19408868253231049,-0.00041915549081750214,0.1901276856660843,-0.01584397442638874,-0.00040009396616369486,0.15051774680614471,0.003960993606597185,-0.00036351257585920393,-0.9620619568994097,-0.6537826718614003,-0.8221923771154658,0.9470174303865692,-0.9938048172895845,-0.9750787168449793,0.9977578548382838,-0.9805804520416723,-0.9547577378819608,0.9139438137958832,-0.9661708243664443,-0.7071066036103596,-0.9853836122103558,0.043273224591933813,-0.04709479992441853,0.3007490203890593,1.0,0.17292858945694933,0.028009924952300782,0.15057030545874417,0.5932954310288139,0.6751397251093721,0.551048077332209,0.491169570121963,0.5387446764479481,1.0,0.0,0.0,0.0,0.0
1,0.0,0.0,0.0,-0.28248974680900574,0.04035567864775658,-0.00016892730491235852,-0.5548905730247498,0.060533519834280014,-0.00032533862395212054,-0.5548905730247498,0.20682285726070404,-0.0004697490658145398,-0.30771204829216003,0.2774452865123749,-0.0006002091686241329,-0.5548905730247498,-0.6103796362876892,-0.0003007467312272638,-0.6305574774742126,-0.726402223110199,-0.0005311160930432379,-0.7415356040000916,-0.6709131598472595,-0.0006620454369112849,-0.8272914290428162,-0.5296682715415955,-0.0007367368089035153,-0.23204515874385834,-0.7768468260765076,-0.00032086853752844036,-0.2623119056224823,-0.26735636591911316,-0.0005354185705073178,-0.22700069844722748,0.14124487340450287,-0.0005377152119763196,-0.17655609548091888,0.2370896190404892,-0.000507611664943397,0.10593365877866745,-0.6961354613304138,-0.00036850295145995915,0.11097811907529831,-0.14124487340450287,-0.0005475362995639443,0.025222299620509148,0.14628933370113373,-0.0004533481551334262,-0.03531121835112572,0.17151163518428802,-0.0003623405355028808,0.40355679392814636,-0.5145348906517029,-0.00044009709381498396,0.36824557185173035,-0.045400138944387436,-0.0006017946288920939,0.28248974680900574,0.1614227145910263,-0.0005709863035008311,0.22700069844722748,0.1614227145910263,-0.0005114554078318179,-0.9872403919059999,-0.11400743704741118,-0.8464606289526968,0.9395091064072238,-0.9894274194480569,-0.9217323875110536,0.9872100603271344,-0.9556499352964332,-0.6323921223545494,0.8309537448488242,-0.9498840942982478,-0.3830149596686868,-0.997691756792296,-0.0738722037691302,-0.2747214422999614,0.4143223069414128,0.9823238383833097,0.29560750351109377,0.17510926994957848,0.2785441957536201,0.8359813874697325,0.7718684222315239,0.7662931608988461,0.6913855161742771,0.7372681958404449,1.0,0.0,0.0,0.0,0.0
1,0.0,0.0,0.0,-0.29498201608657837,0.057942893356084824,-0.00019389553926885128,-0.6110341548919678,0.08954811096191406,-0.0003661317750811577,-0.6057665944099426,0.2317715734243393,-0.0005235308199189603,-0.3265872299671173,0.27391186356544495,-0.0006627878174185753,-0.5741614103317261,-0.6321042776107788,-0.00033464323496446013,-0.6479068994522095,-0.747990071773529,-0.0005787172121927142,-0.747990071773529,-0.6637095212936401,-0.0007094658794812858,-0.8270031213760376,-0.484613299369812,-0.0007783534238114953,-0.22650404274463654,-0.8112004995346069,-0.00034441027673892677,-0.24757418036460876,-0.26337680220603943,-0.000568959629163146,-0.23703911900520325,0.1580260694026947,-0.0005665788776241243,-0.2054339051246643,0.26337680220603943,-0.0005292627029120922,0.12642085552215576,-0.7427225708961487,-0.0003844409075099975,0.14749100804328918,-0.13695593178272247,-0.0005747153190895915,0.04214028641581535,0.1580260694026947,-0.0004753192770294845,-0.03160521388053894,0.1685611456632614,-0.0003768108144868165,0.43193793296813965,-0.5583587884902954,-0.0004511116130743176,0.4108678102493286,-0.057942893356084824,-0.0006240592338144779,0.32131969928741455,0.15275853872299194,-0.000593985547311604,0.27391186356544495,0.13695593178272247,-0.0005305354134179652,-0.9854701612518878,0.13276839498243984,-0.8980799995348944,0.9521107609035662,-0.9979884257073058,-0.9647085031076679,0.9793920570511991,-0.9294810515588988,-0.4661384923236006,0.8159963048059543,-0.9359706604194054,-0.08003450872455253,-0.9955579481473464,-0.06260811444350768,-0.18574792486265462,0.4262479874799572,0.9585327031944966,0.3340220034720919,0.17149895860552405,0.30624323885296384,0.8685252434776507,0.7811896500186353,0.8272830000841539,0.7176364151209851,0.7578204252207392,0.0,0.0,0.0,0.0,0.0
1,0.0,0.0,0.0,-0.28668779134750366,0.04170004278421402,-0.00019260808767285198,-0.604650616645813,0.06255006045103073,-0.00036317616468295455,-0.6255006194114685,0.21892522275447845,-0.0005194352124817669,-0.35966286063194275,0.2762627899646759,-0.0006560757756233215,-0.5577380657196045,-0.6411381363868713,-0.0003313467314001173,-0.6255006194114685,-0.766238272190094,-0.0005655019776895642,-0.740175724029541,-0.672413170337677,-0.0006767816958017647,-0.8235758543014526,-0.4691254794597626,-0.0007281681755557656,-0.21892522275447845,-0.8079383373260498,-0.0003344897413626313,-0.2345627397298813,-0.255412757396698,-0.0005450884927995503,-0.2293502390384674,0.15116265416145325,-0.0005262527265585959,-0.20328770577907562,0.23977524042129517,-0.0004754060064442456,0.13031263649463654,-0.7349632382392883,-0.00036736263427883387,0.1407376378774643,-0.13031263649463654,-0.0005433778860606253,0.031275030225515366,0.13552513718605042,-0.0004306403861846775,-0.0469125472009182,0.13031263649463654,-0.0003217936318833381,0.43263792991638184,-0.5577380657196045,-0.00042725662933662534,0.40136289596557617,-0.06255006045103073,-0.0005892555927857757,0.30753782391548157,0.1407376378774643,-0.0005510690971277654,0.2502002418041229,0.12510012090206146,-0.00047921822988428175,-0.9760009074771885,0.1881765405634134,-0.879612098191862,0.9574079364209488,-0.9991549512056837,-0.9629038069655221,0.9814864538595579,-0.9179767982227639,-0.3183980348951979,0.8272088132263706,-0.9325679227324123,-0.16539233588923857,-0.996884134309504,-0.19674014868771358,-0.07979601171216673,0.4535183814063981,0.9478166470092161,0.3143537526641751,0.13850008124655358,0.2797327986570418,0.8834218137332684,0.7848427415887944,0.8043164627628712,0.678681055459144,0.734410066905324,0.0,0.0,0.0,0.0,0.0
1,0.0,0.0,0.0,-0.2846124768257141,0.035576559603214264,-0.00018087751232087612,-0.5844720005989075,0.0559060201048851,-0.0003501368046272546,-0.6149662137031555,0.20837698876857758,-0.0005098217516206205,-0.3760950565338135,0.2744477391242981,-0.0006520379101857543,-0.5641425848007202,-0.6352956891059875,-0.0003037918941117823,-0.6302133202552795,-0.752190113067627,-0.0005390450824052095,-0.7369430065155029,-0.6759545803070068,-0.0006554375286214054,-0.8080961108207703,-0.4828247129917145,-0.0007100006914697587,-0.23887117207050323,-0.7928490042686462,-0.00031387325725518167,-0.2642830014228821,-0.2693653702735901,-0.0005202906904742122,-0.24395354092121124,0.12705913186073303,-0.0005002888501621783,-0.20329461991786957,0.20329461991786957,-0.0004475035239011049,0.10164730995893478,-0.7267782688140869,-0.00035451274015940726,0.1118120402097702,-0.15755333006381989,-0.0005251683760434389,0.020329462364315987,0.11689440906047821,-0.00040819167043082416,-0.04065892472863197,0.11689440906047821,-0.00029647379415109754,0.3964245021343231,-0.5539778470993042,-0.0004223338037263602,0.36593031883239746,-0.07623548060655594,-0.0005761123611591756,0.2846124768257141,0.12705913186073303,-0.0005343473749235272,0.24903590977191925,0.1118120402097702,-0.00046142248902469873,-0.9776754519521647,0.1055991543039547,-0.8267127918246397,0.9423741287137,-0.9950297231413557,-0.9052958988363025,0.9877295623465978,-0.9428857789150005,-0.3162279531964627,0.8486469539297258,-0.9502484791083492,0.024382588960594927,-0.9983951498912439,-0.2619951502328822,-0.07239076330987558,0.46558507421179557,0.9413498466783039,0.28750235657319706,0.12376404473033785,0.2729854003747097,0.8749401986834521,0.7494303704063884,0.7585430479908037,0.6589882900704882,0.723393328914492,0.0,0.0,0.0,0.0,0.0
1,0.0,0.0,0.0,-0.30036139488220215,0.009847914800047874,-0.00013173215847928077,-0.6007227897644043,0.014771872200071812,-0.00026982714189216495,-0.6450384259223938,0.13294684886932373,-0.0004055126046296209,-0.4431561529636383,0.2018822431564331,-0.0005309744155965745,-0.5908748507499695,-0.6598102450370789,-0.00025358283892273903,-0.630266547203064,-0.7632133960723877,-0.00045402420801110566,-0.733669638633728,-0.6795061230659485,-0.000568671093787998,-0.8223008513450623,-0.5170155167579651,-0.000630423950497061,-0.2806655764579773,-0.8124529719352722,-0.0002791668230202049,-0.29543742537498474,-0.3102093040943146,-0.00044840225018560886,-0.2806655764579773,0.04923957213759422,-0.0004518319037742913,-0.2412739098072052,0.15264268219470978,-0.00043179455678910017,0.04431561380624771,-0.7533654570579529,-0.0003263936669100076,0.0393916592001915,-0.2018822431564331,-0.0004627160669770092,-0.034467700868844986,0.06401144713163376,-0.00038575948565267026,-0.06893540173768997,0.10832706093788147,-0.00031468464294448495,0.32990512251853943,-0.5957988500595093,-0.00039511718205176294,0.2905134856700897,-0.14279475808143616,-0.0005151454824954271,0.20680619776248932,0.06401144713163376,-0.0004830340330954641,0.16741454601287842,0.08863122761249542,-0.0004293804813642055,-0.933637521163199,0.31128027885704657,-0.9245556459047187,0.9351820085576952,-0.9975175650052318,-0.9483171918380412,0.998758582967481,-0.9658688843019178,-0.924871967140258,0.9135139630934986,-0.9559647616386189,-0.8094432516631116,-0.9998658486139751,-0.366424133433189,0.02971594708807148,0.48697442150865317,0.9713311123833739,0.28550493928451753,0.12840147765300586,0.18942890555853586,0.8397245751569166,0.7243809364955573,0.7308188363003602,0.6733050229833759,0.7053541723956056,0.0,0.0,0.0,0.0,0.0
1,0.0,0.0,0.0,-0.30259791016578674,-0.009032773785293102,-0.00010943975939881057,-0.569064736366272,-0.009032773785293102,-0.00023821335344109684,-0.6458432674407959,0.0812949612736702,-0.00036762357922270894,-0.5284172296524048,0.15355715155601501,-0.0004938055644743145,-0.6006794571876526,-0.6503596901893616,-0.00020375498570501804,-0.6593924760818481,-0.7000399231910706,-0.00038144728750921786,-0.7677857279777527,-0.6232613921165466,-0.0004977648495696485,-0.8626298308372498,-0.5058352947235107,-0.0005653035477735102,-0.3251798450946808,-0.7768185138702393,-0.00023729237727820873,-0.37034371495246887,-0.34776178002357483,-0.00037582876393571496,-0.34324538707733154,-0.04516386613249779,-0.0003969852696172893,-0.29356512427330017,0.018065547570586205,-0.0003977871092502028,-0.03161470592021942,-0.7226218581199646,-0.0002885684370994568,-0.07677857577800751,-0.23033572733402252,-0.0003970515972469002,-0.09936051070690155,0.009032773785293102,-0.0003421155270189047,-0.09936051070690155,0.03161470592021942,-0.00029326893854886293,0.23485210537910461,-0.5871302485466003,-0.00035842653596773744,0.16710630059242249,-0.18517185747623444,-0.00042949081398546696,0.12645882368087769,0.004516386892646551,-0.0003839257697109133,0.121942438185215,0.022581933066248894,-0.00033344150870107114,-0.9924634514882884,-0.24957733311612382,-0.9624017851737325,0.8769495759798309,-0.9812040946212053,-0.8382909912041397,0.9908730092287886,-0.9999965641901251,-0.9955776647467434,0.9772873256957452,-0.9990265919067778,-0.9994228216535336,-0.9995547789169185,-0.6476484519804186,0.15224356721641427,0.5502770538874204,1.0,0.2941207583499504,0.10426929341524521,0.12401618390272291,0.7991841201484559,0.719306664075478,0.584763879657205,0.5807595973044747,0.629180574492711,1.0,0.0,0.0,0.0,0.0
1,0.0,0.0,0.0,-0.26042282581329346,-0.011160978116095066,-8.534613880328834e-05,-0.49480336904525757,-0.03348293527960777,-0.0001766615459928289,-0.5915318727493286,0.03720325976610184,-0.0002675463620107621,-0.5654895901679993,0.10788945853710175,-0.0003556422016117722,-0.5357269644737244,-0.5803709030151367,-0.00012782015255652368,-0.6324554681777954,-0.5506082773208618,-0.0002560414432082325,-0.7589465379714966,-0.5022440552711487,-0.00034769854391925037,-0.8891579508781433,-0.45760011672973633,-0.00040964424260891974,-0.3162277340888977,-0.6696587204933167,-0.00015719262592028826,-0.40551555156707764,-0.2790244519710541,-0.0002633351250551641,-0.3571512997150421,-0.055804893374443054,-0.00028882408514618874,-0.3050667345523834,-0.06324554234743118,-0.00029902075766585767,-0.07440651953220367,-0.6138538122177124,-0.0002012825571000576,-0.15625369548797607,-0.18973663449287415,-0.00028020242461934686,-0.1525333672761917,-0.01860162988305092,-0.00023742360644973814,-0.13021141290664673,-0.05208456516265869,-0.00020418390340637416,0.14881303906440735,-0.49480336904525757,-0.00026140158297494054,0.055804893374443054,-0.15997402369976044,-0.0003140394692309201,0.03348293527960777,-0.022321956232190132,-0.000280284381005913,0.04836424067616463,-0.04836424067616463,-0.00024569701054133475,-0.4321904633127438,-0.9977760011551424,-0.9993908353886222,0.7863668234329546,-0.9055678867875764,-0.0714107774227659,0.9519475654217167,-0.9775331076752402,0.8197974327938006,0.9997749969344363,-0.9939357977046333,0.9364642487712138,-0.9986419811604959,-0.7478152750885814,-0.2745191795855962,0.5756897555924672,1.0,0.31155386741115576,0.14024213398759966,0.06839780627010285,0.7099653944274583,0.7337845984765827,0.4350090771506716,0.4204145913352097,0.46990351198876457,1.0,0.0,0.0,0.0,1.0
1,0.0,0.0,0.0,-0.1922830492258072,0.00848307553678751,-6.89949665684253e-05,-0.34780609607696533,0.014138459227979183,-0.00014726626977790147,-0.4411199390888214,0.05089845135807991,-0.00022302342404145747,-0.4891906976699829,0.09048613905906677,-0.0002982695878017694,-0.4326368570327759,-0.4100153148174286,-0.0001370354148093611,-0.6107814311981201,-0.4128430187702179,-0.0002610002993606031,-0.7776152491569519,-0.4128430187702179,-0.0003492258256301284,-0.9133444428443909,-0.4071876108646393,-0.00040846815682016313,-0.2658030390739441,-0.4807076156139374,-0.00015369996253866702,-0.3930491805076599,-0.1922830492258072,-0.0002519669069442898,-0.32518455386161804,0.011310767382383347,-0.0002551731013227254,-0.2629753351211548,0.022621534764766693,-0.00024647644022479653,-0.08200306445360184,-0.4382922351360321,-0.00018164285575039685,-0.20076611638069153,-0.12724612653255463,-0.00024681558716110885,-0.18097227811813354,0.01696615107357502,-0.00018360723333898932,-0.1442122906446457,-0.0028276918455958366,-0.00013528110866900533,0.08200306445360184,-0.344978392124176,-0.00022275318042375147,-0.022621534764766693,-0.10179690271615982,-0.00027159316232427955,-0.03393230214715004,0.00848307553678751,-0.0002318880142411217,-0.0028276918455958366,-0.011310767382383347,-0.00019062338105868548,-0.7366538528119649,-0.9998741029132284,-0.9991331561610747,0.6053500225678825,-0.7403250333604225,-0.4808326456329779,0.8526846842596902,-0.8770364885086644,0.34996892652354816,0.9850861567816197,-0.9541204160619965,0.6201507616849306,-0.9999700859122407,-0.9431131498095364,-0.951212600431432,0.49748905140983324,1.0,0.26394662697128557,0.14424005997454317,0.011660430554656657,0.5504719004163701,0.7770357042694108,0.37808594912950616,0.3320018337540181,0.35124805298470435,1.0,0.0,0.0,0.0,1.0
1,0.0,0.0,0.0,-0.19141870737075806,0.005629961844533682,-6.91529203322716e-05,-0.33779773116111755,0.011259923689067364,-0.0001529301080154255,-0.4391370415687561,0.053484637290239334,-0.0002381422382313758,-0.4813617467880249,0.10415429621934891,-0.00032296861172653735,-0.4194321632385254,-0.4053572714328766,-0.0001271988294320181,-0.616480827331543,-0.4025422930717468,-0.00025226411526091397,-0.7910096645355225,-0.39409732818603516,-0.0003367793106008321,-0.9261287450790405,-0.3772074580192566,-0.00039202318293973804,-0.26179322600364685,-0.47010183334350586,-0.00015052150411065668,-0.41380220651626587,-0.18015877902507782,-0.00026244967011734843,-0.33779773116111755,0.036594752222299576,-0.00026665563927963376,-0.26742318272590637,0.053484637290239334,-0.0002518972323741764,-0.08726441115140915,-0.4278770983219147,-0.00018638637266121805,-0.2167535424232483,-0.10415429621934891,-0.00026547396555542946,-0.1886037290096283,0.05066965892910957,-0.00020144724112469703,-0.1463790088891983,0.036594752222299576,-0.00014601065777242184,0.06755954027175903,-0.3293527662754059,-0.0002356852637603879,-0.03377977013587952,-0.09289437532424927,-0.000288478477159515,-0.030964789912104607,0.002814980922266841,-0.00024668246624059975,0.005629961844533682,-0.025334829464554787,-0.0002015973732341081,-0.7090686543959527,-0.9994198632924276,-0.9971129201860768,0.5478610901734545,-0.6821266979248418,-0.5419857044478649,0.8355325792994325,-0.847063750747449,0.14142072843697026,0.9795523939369294,-0.9071667283803421,0.5861441008237445,-0.9999591043954932,-0.9371768959598822,-0.8864091804036637,0.4925011442732731,1.0,0.27271932248026215,0.15088410358731388,0.025953626027612378,0.5494512041328539,0.787574429306591,0.40075723057003365,0.36318533550229815,0.3346423965618196,1.0,0.0,0.0,0.0,1.0
1,0.0,0.0,0.0,-0.19729284942150116,0.008220535703003407,-6.213266897248104e-05,-0.3617035746574402,0.008220535703003407,-0.0001395303406752646,-0.4740508794784546,0.05754374712705612,-0.0002192127431044355,-0.4822714328765869,0.09590625017881393,-0.00029934183112345636,-0.42746785283088684,-0.3945856988430023,-0.00011551960051292554,-0.6275008916854858,-0.3863651752471924,-0.00023719471937511116,-0.8001320958137512,-0.3754044473171234,-0.00031820760341361165,-0.9344008564949036,-0.3562231957912445,-0.0003713088808581233,-0.27675801515579224,-0.45760980248451233,-0.00014035345520824194,-0.4356883764266968,-0.17811159789562225,-0.00025324695161543787,-0.35896337032318115,0.03562232106924057,-0.00025752605870366096,-0.28497856855392456,0.05480356886982918,-0.0002408691798336804,-0.10412678122520447,-0.42198750376701355,-0.0001774844859028235,-0.24113571643829346,-0.09864642471075058,-0.0002605064946692437,-0.2000330239534378,0.052063390612602234,-0.00020082754781469703,-0.15344999730587006,0.032882142812013626,-0.0001455617748433724,0.046583034098148346,-0.32882142066955566,-0.00022663762501906604,-0.06302410364151001,-0.09316606819629669,-0.0002798706409521401,-0.05480356886982918,0.01096071396023035,-0.0002389278233749792,-0.013700892217457294,-0.013700892217457294,-0.00019397748110350221,-0.7063327610331556,-0.9997505737753655,-0.9969211883940137,0.48802868889057155,-0.6511639210156769,-0.5632562658992762,0.8004718512587657,-0.7856528281846094,0.12403424020836643,0.9569112895350487,-0.8707171853093004,0.4454124753819256,-0.9991330356745814,-0.9156439820281443,-0.584920861208007,0.49171515790855674,1.0,0.290200399804488,0.15693360996024117,0.019376958883106317,0.5313415025239696,0.7828579121943714,0.39814297045285113,0.35348474224485077,0.33676735785762996,1.0,0.0,0.0,0.0,1.0
1,0.0,0.0,0.0,-0.19381743669509888,0.010620133951306343,-6.172152643557638e-05,-0.36904963850975037,0.0053100669756531715,-0.00013668302563019097,-0.4938362240791321,0.053100667893886566,-0.0002144783502444625,-0.4911811649799347,0.09027113765478134,-0.0002923406718764454,-0.4354254901409149,-0.38497984409332275,-0.00010922648652922362,-0.6372079849243164,-0.37966978549957275,-0.00023021598462946713,-0.8071301579475403,-0.36904963850975037,-0.0003083118936046958,-0.9345717430114746,-0.355774462223053,-0.0003585857048165053,-0.2840885818004608,-0.4433905780315399,-0.00013371984823606908,-0.4380805194377899,-0.18054227530956268,-0.0002498118265066296,-0.36108455061912537,0.03451543301343918,-0.00025446529616601765,-0.2893986403942108,0.055755700916051865,-0.00023682911705691367,-0.11682146787643433,-0.40887513756752014,-0.0001710557407932356,-0.25488319993019104,-0.10620133578777313,-0.00025912170531228185,-0.21505770087242126,0.055755700916051865,-0.0002001248940359801,-0.1672670990228653,0.04513556882739067,-0.0001434092700947076,0.03186039999127388,-0.3186039924621582,-0.0002199776063207537,-0.08230603486299515,-0.09823623299598694,-0.0002721571654547006,-0.07965099811553955,0.021240267902612686,-0.0002306130772922188,-0.04513556882739067,0.0026550334878265858,-0.00018586097576189786,-0.7314867146195125,-0.9993481808063881,-0.9991442665611028,0.4537926373694438,-0.6419463144028824,-0.5906476672153941,0.7608019567956247,-0.7844010254248047,-0.02244724011033634,0.9292816502332915,-0.8774772705748892,0.4544208729275177,-0.9963867267222799,-0.9225953951861369,-0.29020437269938587,0.49940754381781455,1.0,0.2947207592449133,0.17324988225014404,0.045213974762760276,0.5198499154218564,0.7749616122910674,0.3887771281448205,0.3563624746097442,0.33449418121656244,1.0,0.0,0.0,0.0,1.0
1,0.0,0.0,0.0,-0.19800126552581787,0.0026052796747535467,-6.3771651184652e-05,-0.36473917961120605,-0.005210559349507093,-0.00014045575517229736,-0.49239787459373474,0.04428975656628609,-0.00021934056712780148,-0.508029580116272,0.07034255564212799,-0.00029773201094940305,-0.4324764311313629,-0.3881866931915283,-0.00011768736294470727,-0.6382935643196106,-0.39079195261001587,-0.0002452227345202118,-0.805031418800354,-0.38297611474990845,-0.00032548056333325803,-0.9300848841667175,-0.3673444390296936,-0.0003742686822079122,-0.2839754819869995,-0.44810810685157776,-0.0001424456713721156,-0.44810810685157776,-0.19800126552581787,-0.0002672607370186597,-0.3803708553314209,0.013026398606598377,-0.0002749827108345926,-0.31263357400894165,0.04689503461122513,-0.00025664770510047674,-0.1224481463432312,-0.4142394959926605,-0.00018012491636909544,-0.2657385468482971,-0.11463230848312378,-0.00027713418239727616,-0.22665934264659882,0.04168447479605675,-0.00022231355251278728,-0.1797643005847931,0.033868636935949326,-0.00016550747386645526,0.020842237398028374,-0.3282652497291565,-0.0002289128169650212,-0.0963953509926796,-0.10160590708255768,-0.0002847841242328286,-0.0963953509926796,0.018236957490444183,-0.00024506187764927745,-0.06513199210166931,0.0026052796747535467,-0.00020068087906111032,-0.7525801358918153,-0.9982304241189764,-0.9969971863920174,0.41249732176108983,-0.628358527012433,-0.6991773340784038,0.7428231665449027,-0.7705552182971903,-0.07974556885832008,0.9155434265652288,-0.8882175134578589,0.4472127347492167,-0.998200590874681,-0.9144106970879776,-0.7897022532136841,0.5128763694256172,1.0,0.31613123587958725,0.18292708524149723,0.0651843890568073,0.5173963326362174,0.7682072227819503,0.3920793389102603,0.3500015026790621,0.3332486188073721,1.0,0.0,0.0,0.0,1.0
1,0.0,0.0,0.0,-0.18789543211460114,0.007828976027667522,-6.421571742976084e-05,-0.3523039221763611,0.0,-0.0001387734228046611,-0.4671289026737213,0.03392556309700012,-0.00021475664107128978,-0.4749578833580017,0.049583517014980316,-0.00028941684286110103,-0.43059369921684265,-0.38361984491348267,-0.00011624892067629844,-0.6210987567901611,-0.42015504837036133,-0.00023909607261884958,-0.7828976511955261,-0.42015504837036133,-0.0003197316837031394,-0.9133805632591248,-0.40710675716400146,-0.00037087665987201035,-0.27662381529808044,-0.4592999517917633,-0.00013856445730198175,-0.41232606768608093,-0.21399201452732086,-0.0002562263107392937,-0.3366459906101227,-0.018267611041665077,-0.0002678109158296138,-0.26879486441612244,0.007828976027667522,-0.00025689584435895085,-0.10699600726366043,-0.4332033395767212,-0.0001730655349092558,-0.22964997589588165,-0.14614088833332062,-0.0002624027256388217,-0.19050508737564087,0.0026096587534993887,-0.00021248175471555442,-0.15136021375656128,-0.005219317506998777,-0.0001638660323806107,0.04436419904232025,-0.3523039221763611,-0.0002189861552324146,-0.05480283498764038,-0.13048294186592102,-0.0002719631011132151,-0.060022152960300446,-0.013048294000327587,-0.00023584548034705222,-0.03914488106966019,-0.018267611041665077,-0.00019625011191237718,-0.8585866608466778,-0.9821022562299562,-0.9950371180480556,0.4998426150955225,-0.6415724573211374,-0.6714274734320212,0.7985366121106587,-0.7893062549276415,-0.059892636438937316,0.9567613971494017,-0.9301442986557932,0.2853702628109503,-0.9960220553064215,-0.9444548355329959,-0.6823146296297643,0.4775391191971668,1.0,0.2689089558967831,0.15145026082650395,0.04319798356714579,0.4938218909497452,0.7637631266400461,0.352727419120927,0.3204766943727879,0.3281622580492817,1.0,0.0,0.0,0.0,1.0
1,0.0,0.0,0.0,-0.1881285309791565,0.013437752611935139,-7.307355554075912e-05,-0.35744422674179077,0.013437752611935139,-0.0001564908743603155,-0.45957115292549133,0.034938156604766846,-0.00024078016576822847,-0.4353831708431244,0.02956305630505085,-0.0003241168742533773,-0.41925787925720215,-0.41119521856307983,-0.00012781521945726126,-0.6046988368034363,-0.44075828790664673,-0.00025077376631088555,-0.7632643580436707,-0.451508492231369,-0.0003322466218378395,-0.8922667503356934,-0.451508492231369,-0.000385123654268682,-0.25262975692749023,-0.48913419246673584,-0.00014797569019719958,-0.37894463539123535,-0.24456709623336792,-0.00026238878490403295,-0.3171309530735016,-0.024187954142689705,-0.00026970429462380707,-0.2553173005580902,0.01075020246207714,-0.0002550928038544953,-0.06987631320953369,-0.45957115292549133,-0.0001804866478778422,-0.18275342881679535,-0.1666281372308731,-0.0002693383430596441,-0.16394057869911194,0.0,-0.00021551323879975826,-0.13168998062610626,0.002687550615519285,-0.00016275649250019342,0.0886891707777977,-0.36819443106651306,-0.0002251153055112809,-0.00537510123103857,-0.15587793290615082,-0.000280518492218107,-0.02150040492415428,-0.03225060552358627,-0.00024128046061377972,0.0,-0.03225060552358627,-0.0001970533048734069,-0.8152706901333374,-0.9959170758702225,-0.9977097149179849,0.578836840598449,-0.7315469009025343,-0.7088823504879153,0.8684743320997174,-0.8868951759453091,-0.19432434448468117,0.983722009528919,-0.9589990583655257,0.12933826454288916,-0.997458665683884,-0.978549764608236,0.9999288228116693,0.4363858071940039,1.0,0.2555436470654332,0.1317174922483179,0.032251208528347106,0.4833687307335689,0.7689773602903093,0.3775575834846215,0.3483082448535023,0.33949964383886344,1.0,0.0,0.0,0.0,1.0
1,0.0,0.0,0.0,-0.19362309575080872,0.017872899770736694,-7.890236156526953e-05,-0.3961826264858246,0.02085171639919281,-0.00016849656822159886,-0.46469542384147644,0.03574579954147339,-0.0002575275138951838,-0.3604368269443512,0.0029788168612867594,-0.0003438111743889749,-0.42894962430000305,-0.4557589590549469,-0.00014394109894055873,-0.5719327926635742,-0.5153353214263916,-0.0002726031525526196,-0.7149159908294678,-0.530229389667511,-0.00036256565363146365,-0.8459839820861816,-0.5332081913948059,-0.00042641552863642573,-0.23830534517765045,-0.5570387244224548,-0.00016678306565154344,-0.3217121958732605,-0.29490286111831665,-0.00027506984770298004,-0.2621358633041382,-0.06553396582603455,-0.0002810117439366877,-0.21447481215000153,-0.06255514919757843,-0.00027518035494722426,-0.03276698291301727,-0.5272505879402161,-0.00020340050105005503,-0.10425858944654465,-0.21745362877845764,-0.00028386784833855927,-0.10723740607500076,-0.038724616169929504,-0.00022393355902750045,-0.0953221395611763,-0.044682249426841736,-0.00017745717195793986,0.15489846467971802,-0.431928426027298,-0.0002546115720178932,0.08340686559677124,-0.18468663096427917,-0.0003129401011392474,0.04766106978058815,-0.04170343279838562,-0.00027618822059594095,0.050639886409044266,-0.03574579954147339,-0.0002386825653957203,-0.9127210031459633,-0.9579577226867682,-0.9967156741755051,0.7568611094417242,-0.846096335237152,-0.31128370679381234,0.9585673155373586,-0.9780028711891711,0.46205254931052536,0.9980249776430018,-0.999333857606558,-0.7592459624179092,-0.9970106561727032,-0.9801939615339842,0.995910047771322,0.3604493033443236,1.0,0.2234114151552211,0.10527508874497618,0.0619856182185625,0.47022796838752545,0.7499187979718084,0.34819197877593067,0.34998142330315035,0.3925840571669551,1.0,0.0,0.0,0.0,0.0
1,0.0,0.0,0.0,-0.24399958550930023,0.003641784656792879,-0.00011763784277718514,-0.48435738682746887,-0.02549249306321144,-0.00022760052524972707,-0.4807156026363373,-0.04005963355302811,-0.0003321602998767048,-0.2949845790863037,-0.08011926710605621,-0.0004308135830797255,-0.48435738682746887,-0.593610942363739,-0.00017887173453345895,-0.5389841198921204,-0.6992226839065552,-0.00032645490136928856,-0.6154616475105286,-0.7356405258178711,-0.0004291755903977901,-0.6773719787597656,-0.7356405258178711,-0.0004989888984709978,-0.24764136970043182,-0.7392823100090027,-0.00019900259212590754,-0.22943243384361267,-0.45886486768722534,-0.0003592954599298537,-0.19301459193229675,-0.1748056709766388,-0.0003973583516199142,-0.14931318163871765,-0.08011926710605621,-0.000398201314965263,0.0,-0.7137898206710815,-0.0002358833298785612,0.036417849361896515,-0.35689491033554077,-0.00037187724956311285,0.014567138627171516,-0.1347460299730301,-0.00034340957063250244,0.007283569313585758,-0.10196997225284576,-0.00030110293300822377,0.23307421803474426,-0.6081780791282654,-0.0002881095861084759,0.24035780131816864,-0.2949845790863037,-0.0003884834877680987,0.19301459193229675,-0.12382068485021591,-0.00037233735201880336,0.1675221025943756,-0.10561175644397736,-0.0003375653177499771,-0.9786418073989154,-0.7966697087510969,-0.9028605858660024,0.9668038989138107,-0.9980371094321273,-0.9538774609866423,0.9948338814716857,-0.9801192098559948,-0.9927331088169289,0.9252045964292727,-0.957352494353712,-0.7771334930954772,-0.9908274837860205,0.12402855258475277,-0.4416192999072948,0.3056716952370283,1.0,0.16945111552997594,0.10223021113193846,0.198034369232609,0.4912955253659067,0.6127772432018277,0.45356524371662094,0.4421612438882187,0.502378918547296,1.0,0.0,0.0,0.0,0.0
1,0.0,0.0,0.0,-0.25389784574508667,0.02115815505385399,-0.0001452771102776751,-0.5035640597343445,-0.01692652329802513,-0.00027672736905515194,-0.44432124495506287,-0.01692652329802513,-0.00040034588892012835,-0.190423384308815,-0.01692652329802513,-0.00051596958655864,-0.48663756251335144,-0.6347446441650391,-0.00022190202435012907,-0.5374171137809753,-0.7997782230377197,-0.0003935333515983075,-0.4824059307575226,-0.8759475946426392,-0.000505871488712728,-0.39777329564094543,-0.8928741216659546,-0.0005795785109512508,-0.21581317484378815,-0.8082414865493774,-0.00023762989440001547,-0.14810708165168762,-0.5035640597343445,-0.00043579228804446757,-0.1311805546283722,-0.15657034516334534,-0.00047945327241905034,-0.11848566681146622,-0.012694892473518848,-0.0004754453257191926,0.06347446143627167,-0.791314959526062,-0.0002725094964262098,0.1608019769191742,-0.35545700788497925,-0.000443867698777467,0.09732750803232193,-0.08463262021541595,-0.00041596402297727764,0.05501120164990425,-0.02115815505385399,-0.00036501919385045767,0.32583558559417725,-0.6812925934791565,-0.00032533364719711244,0.3681519031524658,-0.3216039538383484,-0.00044905496179126203,0.2919825315475464,-0.10579077154397964,-0.0004312335222493857,0.23273970186710358,-0.06347446143627167,-0.0003889569197781384,-0.9374431548543682,-0.6026461992850746,-0.7331082214578649,0.9991066887346891,-0.9855969777773752,-0.9992291970564313,0.9554132819350593,-0.9004833553088163,-0.9366753845774123,0.8455431104726626,-0.897644209087186,-0.8189288080026164,-0.9726266736866332,0.9885611602802952,-0.9999986182556325,0.1911749000285591,0.9774702587747939,0.11916475976603348,0.05894092969711128,0.24124039616526527,0.5804354351823926,0.4563670529153384,0.573152182131626,0.5741416461222458,0.5977225798407495,1.0,0.0,0.0,0.0,0.0
1,0.0,0.0,0.0,-0.3069847822189331,0.07796438783407211,-0.00022064692166168243,-0.5798600912094116,0.06334606558084488,-0.00040193693712353706,-0.47265908122062683,0.06821883469820023,-0.0005633629043586552,-0.1949109584093094,0.009745548479259014,-0.0007112585590220988,-0.5213868021965027,-0.5993512272834778,-0.0003443326277192682,-0.5360051393508911,-0.794262170791626,-0.0005984819727018476,-0.3849491477012634,-0.877099335193634,-0.0007674286607652903,-0.22414760291576385,-0.9745548367500305,-0.0008794526802375913,-0.2192748337984085,-0.789389431476593,-0.0003453240205999464,-0.0974554792046547,-0.43367689847946167,-0.0006287425057962537,-0.12181935459375381,-0.05360051617026329,-0.0007005241350270808,-0.19003818929195404,0.004872774239629507,-0.0007165260030888021,0.07796438783407211,-0.794262170791626,-0.0003734930942300707,0.24851147830486298,-0.36545807123184204,-0.0006294753984548151,0.16080154478549957,-0.03410941734910011,-0.0006001643487252295,0.058473289012908936,-0.009745548479259014,-0.0005419436492957175,0.36545807123184204,-0.7114250063896179,-0.00042552180821076035,0.4775318503379822,-0.33134862780570984,-0.0006212350563146174,0.37520360946655273,-0.06821883469820023,-0.0006184894009493291,0.2631298005580902,-0.038982193917036057,-0.000579911982640624,-0.8014471716778733,-0.4139098889538778,-0.9990643469506221,0.998259307733512,-0.92339535211839,-0.6980290124560211,0.8886548771112142,-0.8036953008196989,-0.47284263869081233,0.723944963813659,-0.7914388957005488,-0.5859676094995587,-0.9546751097872791,0.99996481251415,-0.9681854399304797,0.19515575129133791,1.0,0.19010200288889717,0.0592823340822874,0.2660023221814051,0.6040173247580956,0.4285796870244917,0.5981870374662169,0.5812277969099492,0.6289292856652661,1.0,0.0,0.0,0.0,0.0
1,0.0,0.0,0.0,-0.2750035524368286,0.049590807408094406,-0.000218936285818927,-0.49590805172920227,0.013524765148758888,-0.00039593203109689057,-0.3606604039669037,0.004508255049586296,-0.0005505352164618671,-0.11270637810230255,-0.07213208079338074,-0.0006918447907082736,-0.4598420262336731,-0.6131227016448975,-0.0003316773218102753,-0.38770994544029236,-0.7934529185295105,-0.0005601338343694806,-0.24344578385353088,-0.8881262540817261,-0.0007112250314094126,-0.08565684407949448,-0.996324360370636,-0.0008128373883664608,-0.18033020198345184,-0.7754198908805847,-0.00032161432318389416,-0.009016510099172592,-0.4598420262336731,-0.0005839294753968716,-0.05409906059503555,-0.09918161481618881,-0.0006497125723399222,-0.1262311488389969,-0.05409906059503555,-0.0006635658210143447,0.09467335790395737,-0.7709116339683533,-0.0003361577691975981,0.28852832317352295,-0.3922182023525238,-0.0005762156215496361,0.19836322963237762,-0.09467335790395737,-0.0005532492068596184,0.09467335790395737,-0.08114859461784363,-0.0005016992799937725,0.3516438901424408,-0.6852547526359558,-0.0003729163727257401,0.4913998246192932,-0.3696769177913666,-0.0005600079894065857,0.3922182023525238,-0.13073940575122833,-0.0005612426321022213,0.27049529552459717,-0.09467335790395737,-0.0005267616361379623,-0.5199470251178094,-0.8199152466822064,-0.9997935598694276,0.9640773894821025,-0.8128908123253317,-0.6310875717752715,0.8279679433610979,-0.7197453647541366,-0.4113521917735615,0.6286212742785294,-0.6892456850165705,-0.6299633906085472,-0.9426720705092939,0.9740268378449268,-0.9729299343959925,0.1338142145691705,1.0,0.1373369939976149,0.1246931857079727,0.2865851343148547,0.5022814030073012,0.4299470079153117,0.5222188545443839,0.5057169732614023,0.5661945321447066,1.0,0.0,0.0,0.0,0.0
1,0.0,0.0,0.0,-0.2588978707790375,0.04668650031089783,-0.00019734218949452043,-0.46686500310897827,0.016976909711956978,-0.0003595855087041855,-0.32256126403808594,-0.008488454855978489,-0.000504535622894764,-0.09337300062179565,-0.09337300062179565,-0.00063799147028476,-0.42017850279808044,-0.5941917896270752,-0.00028178069624118507,-0.36075931787490845,-0.7724493741989136,-0.0004737905110232532,-0.22069981694221497,-0.8785550594329834,-0.0006013072561472654,-0.07215186208486557,-0.9973934292793274,-0.0006902798195369542,-0.16128063201904297,-0.7554724216461182,-0.0002724045771174133,-0.008488454855978489,-0.4456438720226288,-0.0004887147806584835,-0.050930727273225784,-0.11459413915872574,-0.0005361711955629289,-0.1188383623957634,-0.08064031600952148,-0.0005450884345918894,0.0891287699341774,-0.7554724216461182,-0.0002868258743546903,0.26314207911491394,-0.4032015800476074,-0.00048553518718108535,0.1867460012435913,-0.1273268163204193,-0.0004550277371890843,0.09337300062179565,-0.11034990847110748,-0.000407875282689929,0.33104974031448364,-0.6748321056365967,-0.0003235555486753583,0.45837655663490295,-0.3777362108230591,-0.00048218321171589196,0.38198044896125793,-0.1570364087820053,-0.0004805314529221505,0.28011900186538696,-0.1188383623957634,-0.00045003718696534634,-0.59200312031916,-0.8249324252098261,-0.9996512173338834,0.9694472232232035,-0.8333458948908138,-0.5573221920377178,0.8385108041951683,-0.7458607712748802,-0.4349715433853318,0.6517064058631015,-0.7397239618907289,-0.6380898841248889,-0.949138597510912,0.9503074611713819,-0.9838375808095087,0.13205090514609316,1.0,0.14361655554302774,0.1445537554734218,0.30428507897276696,0.46664056551530386,0.4431992015651106,0.4831744068744876,0.4630130969666948,0.5372923195327516,1.0,0.0,0.0,0.0,0.0
1,0.0,0.0,0.0,-0.2557075321674347,0.03711883723735809,-0.0001916378823807463,-0.45367467403411865,-0.012372945435345173,-0.0003468861395958811,-0.3134479522705078,-0.05361609905958176,-0.00048396846977993846,-0.09898356348276138,-0.13610240817070007,-0.0006101668113842607,-0.41655585169792175,-0.6145229935646057,-0.00027125849737785757,-0.34231817722320557,-0.7918685078620911,-0.00045995975960977376,-0.2062157541513443,-0.8949763774871826,-0.0005897298105992377,-0.06186472997069359,-0.998084306716919,-0.0006799369584769011,-0.16084828972816467,-0.7712469696998596,-0.0002620570594444871,-0.016497261822223663,-0.482544869184494,-0.0004750216321554035,-0.05361609905958176,-0.1567239761352539,-0.0005268335225991905,-0.11135651171207428,-0.10723219811916351,-0.0005380018264986575,0.08661062270402908,-0.775371253490448,-0.0002753998851403594,0.2557075321674347,-0.4371774196624756,-0.00047028844710439444,0.1814698725938797,-0.16084828972816467,-0.00044279274879954755,0.08661062270402908,-0.13610240817070007,-0.00039707325049676,0.3175722658634186,-0.6887606382369995,-0.00031030576792545617,0.4495503604412079,-0.40418288111686707,-0.00046889029908925295,0.3753126859664917,-0.18559418618679047,-0.0004685176245402545,0.2763291299343109,-0.14847534894943237,-0.00043771593482233584,-0.5468929681513786,-0.8648108095763233,-0.9996057582528424,0.9668918361269123,-0.838057741720694,-0.7325504654390517,0.8392525922657403,-0.7477647366896676,-0.494832247050891,0.6476709564232215,-0.7237019697106263,-0.633579259247229,-0.9252383518522925,0.8622845370444729,-0.9967112943349968,0.16829136258159377,1.0,0.15459399604270646,0.16132396585482847,0.3136923540006191,0.4386226488819837,0.4289686197483435,0.4690637025332607,0.4505029938981708,0.5238044278113622,1.0,0.0,0.0,0.0,0.0
1,0.0,0.0,0.0,-0.24934405088424683,0.028151746839284897,-0.00018600680050440133,-0.45042794942855835,-0.028151746839284897,-0.0003356030792929232,-0.31771257519721985,-0.07239020615816116,-0.00046844250755384564,-0.10054195672273636,-0.15684545040130615,-0.0005912647466175258,-0.4102111756801605,-0.6193384528160095,-0.00025466567603871226,-0.3418426513671875,-0.796292245388031,-0.0004353353288024664,-0.2091272622346878,-0.8968341946601868,-0.000560885586310178,-0.07239020615816116,-0.9973762035369873,-0.0006473147659562528,-0.1608671247959137,-0.7681404948234558,-0.000245822622673586,-0.028151746839284897,-0.49868810176849365,-0.0004520599322859198,-0.06434684991836548,-0.17293216288089752,-0.0005032255430705845,-0.11662866920232773,-0.12065034359693527,-0.0005122873117215931,0.08043356239795685,-0.7641188502311707,-0.0002590695221442729,0.237279012799263,-0.4544496238231659,-0.0004485971003305167,0.16488879919052124,-0.18499720096588135,-0.00042387802386656404,0.0764118880033493,-0.14880208671092987,-0.0003779591934289783,0.3016258478164673,-0.6796635985374451,-0.0002929099428001791,0.4262978732585907,-0.4182545244693756,-0.00044347107177600265,0.35390767455101013,-0.20510558784008026,-0.00043969732359983027,0.2573873996734619,-0.1608671247959137,-0.0004059240163769573,-0.5786732192787367,-0.850548893307067,-0.9998975743068638,0.9686096163144673,-0.8428078992595661,-0.7808687540967105,0.839895034367099,-0.7443144302766275,-0.605805647096276,0.6503950738146699,-0.7162262621480611,-0.6868618809757517,-0.9266346476625617,0.8282821424060347,-0.9987927630631855,0.18630493287026598,1.0,0.16780647760434741,0.16727517131068745,0.30352375490812444,0.41418608668491075,0.4325092808310912,0.45252016101194886,0.43279312897862227,0.5014728438847462,1.0,0.0,0.0,0.0,0.0
1,0.0,0.0,0.0,-0.2511084973812103,0.007609348278492689,-0.00017290057439822704,-0.44134220480918884,-0.06087478622794151,-0.00031364246387965977,-0.3195926249027252,-0.1293589174747467,-0.0004411620902828872,-0.12174957245588303,-0.1978430598974228,-0.0005576724070124328,-0.3994908034801483,-0.6201618909835815,-0.00022434249694924802,-0.3652487099170685,-0.829418957233429,-0.0003935525310225785,-0.2511084973812103,-0.9321451783180237,-0.0005023317644372582,-0.11794490367174149,-0.9930199384689331,-0.0005707558011636138,-0.16360099613666534,-0.7381067872047424,-0.00021617348829749972,-0.07228881120681763,-0.5364590883255005,-0.0004039676859974861,-0.08750750869512558,-0.22447577118873596,-0.0004349001683294773,-0.12174957245588303,-0.15599164366722107,-0.0004262642760295421,0.06467945873737335,-0.730497419834137,-0.00023166796017903835,0.18642903864383698,-0.47177961468696594,-0.00039938860572874546,0.12555424869060516,-0.22067110240459442,-0.0003633264568634331,0.05326543748378754,-0.18262435495853424,-0.0003101062320638448,0.2777412235736847,-0.6505993008613586,-0.00026792375138029456,0.38046741485595703,-0.4185141623020172,-0.0003926209465134889,0.3081786036491394,-0.21686643362045288,-0.0003790903137996793,0.22067110240459442,-0.1788196861743927,-0.0003407756157685071,-0.742188679019725,-0.780217861985237,-0.9541356528039571,0.9786343993465606,-0.8897735849701213,-0.9151543575788899,0.8637384480663888,-0.7790301574817141,-0.6611224366690927,0.6820881584489071,-0.7242011559034481,-0.6848122655218312,-0.9301962048232782,0.6539923851106765,-0.9839963249576179,0.2323039921677215,1.0,0.19788009703033846,0.19023395646174587,0.2840287456789871,0.3585321688175554,0.4512249197799865,0.39949378024941234,0.37801231433519683,0.4542270745390107,1.0,0.0,0.0,0.0,0.0
1,0.0,0.0,0.0,-0.2177019864320755,0.0033492613583803177,-0.00013810876407660544,-0.4052606225013733,-0.07703300565481186,-0.00025908745010383427,-0.31817981600761414,-0.16076454520225525,-0.00037394967512227595,-0.11722414195537567,-0.2177019864320755,-0.0004799324960913509,-0.3550216853618622,-0.5827714800834656,-0.00017841723456513137,-0.3650694787502289,-0.7937749028205872,-0.0003164650115650147,-0.31817981600761414,-0.9176976084709167,-0.0004007101524621248,-0.2511945962905884,-0.9679365158081055,-0.00045393704203888774,-0.1440182328224182,-0.679900050163269,-0.0001804486382752657,-0.08708079159259796,-0.5090877413749695,-0.0003333988133817911,-0.0937793180346489,-0.2377975434064865,-0.0003475467092357576,-0.09712857753038406,-0.17081232368946075,-0.00033155057462863624,0.06363596767187119,-0.6564552187919617,-0.00020293539273552597,0.1440182328224182,-0.42200690507888794,-0.0003393744700588286,0.0937793180346489,-0.20430493354797363,-0.0002949287591036409,0.05693744122982025,-0.17081232368946075,-0.00024165515787899494,0.26459163427352905,-0.5660251379013062,-0.00024349491286557168,0.3248783349990845,-0.3650694787502289,-0.00034347333712503314,0.2578931152820587,-0.1976064145565033,-0.0003223468957003206,0.19425715506076813,-0.16411380469799042,-0.0002842801623046398,-0.8777884093044881,-0.9173946852537709,-0.844285505720827,0.9936200907986099,-0.9405881723024689,-0.999680701610258,0.9102391620608802,-0.8487938410392382,-0.8218287242481664,0.7460194032947918,-0.7826009389233799,-0.7610850704110684,-0.9129767259591695,0.3895204553150423,-0.8824759814839848,0.24725672422868766,1.0,0.19649661680456681,0.18005215333745586,0.25430151323892414,0.29141667475839794,0.5185128760738579,0.3322392971948097,0.3386995650907381,0.40374372039065176,1.0,0.0,0.0,0.0,0.0
1,0.0,0.0,0.0,-0.1814597249031067,-0.01417654100805521,-0.00010561551607679576,-0.345907598733902,-0.09923578798770905,-0.00018385742441751063,-0.29770734906196594,-0.17862442135810852,-0.00025406727218069136,-0.14460071921348572,-0.22965995967388153,-0.00031988220871426165,-0.30621328949928284,-0.5046848654747009,-0.00013690504420083016,-0.3600841462612152,-0.6719680428504944,-0.0002354851021664217,-0.3770959973335266,-0.7995569109916687,-0.0003031631058547646,-0.3884372115135193,-0.9214751720428467,-0.0003554094582796097,-0.12475356459617615,-0.601085364818573,-0.00013871544797439128,-0.10207109898328781,-0.48483771085739136,-0.0002614275726955384,-0.09640047699213028,-0.2495071291923523,-0.0002792589948512614,-0.08789455145597458,-0.16728317737579346,-0.0002705644292291254,0.051035549491643906,-0.5840734839439392,-0.00015401224663946778,0.09640047699213028,-0.4026137590408325,-0.00026512882323004305,0.04820023849606514,-0.20981280505657196,-0.00023425431572832167,0.01984715834259987,-0.16728317737579346,-0.00019305816385895014,0.21264810860157013,-0.5103554725646973,-0.00018267803534399718,0.2495071291923523,-0.3600841462612152,-0.000266003655269742,0.18713034689426422,-0.20981280505657196,-0.0002518902183510363,0.13325949013233185,-0.172953799366951,-0.00022383886971510947,-0.9727895392326169,-0.9840230460263318,-0.999208322687744,0.9999278750729156,-0.9858186310084034,-0.9968818591315394,0.9453476666858733,-0.8823526490406333,-0.9417417336278773,0.8048782613437533,-0.8056732321171032,-0.837941580932704,-0.9213026821117373,0.06825621622595078,-0.7626535086787607,0.27139118384241195,1.0,0.1889687535503003,0.16845655159273665,0.21833724852409178,0.23793436531468348,0.5981565391588441,0.27813615951585174,0.27791635996542735,0.3148479409361553,1.0,0.0,0.0,0.0,0.0
1,0.0,0.0,0.0,-0.17430345714092255,-0.019064441323280334,-8.888822776498273e-05,-0.33771297335624695,-0.10621616989374161,-0.00015347532462328672,-0.31320154666900635,-0.18247394263744354,-0.0002124980528606102,-0.1797504425048828,-0.2451142519712448,-0.0002683787315618247,-0.31320154666900635,-0.4956754744052887,-0.00011655680282274261,-0.37856534123420715,-0.65636146068573,-0.00020800605125259608,-0.41941770911216736,-0.7789186239242554,-0.0002724627556744963,-0.4548231065273285,-0.8905817866325378,-0.0003225475375074893,-0.1388980746269226,-0.5909976959228516,-0.00012066558701917529,-0.14162155985832214,-0.46844056248664856,-0.0002336073957849294,-0.12528061866760254,-0.2505612373352051,-0.0002527224423829466,-0.114386647939682,-0.1634095013141632,-0.0002468987077008933,0.0326819010078907,-0.5773802399635315,-0.00013639692042488605,0.04357586428523064,-0.40307676792144775,-0.00023642275482416153,0.01634095050394535,-0.21787932515144348,-0.00020608468912541866,0.0,-0.16885648667812347,-0.00016700659762136638,0.19064441323280334,-0.5065694451332092,-0.00016373251855839044,0.20153838396072388,-0.36222440004348755,-0.00023647613124921918,0.1470685452222824,-0.21787932515144348,-0.00022039469331502914,0.10893966257572174,-0.1797504425048828,-0.00019242595590185374,-0.9843435992552828,-0.9979150308468673,-0.9998919430836339,0.9681521457813499,-0.9952912207920308,-0.9987753182358828,0.9929319512937389,-0.9783564471386704,-0.9845975972771672,0.9067527254087893,-0.9063779407389024,-0.9112193863512629,-0.928287548007352,-0.1780055503689458,-0.6815345896036844,0.30395936488653974,1.0,0.19946685872734946,0.1688565640486804,0.2101858902720782,0.23168901113350213,0.6129357624006222,0.2792794466311835,0.2691851442375063,0.2977188471970593,1.0,0.0,0.0,0.0,0.0
1,0.0,0.0,0.0,-0.170174241065979,-0.023930752649903297,-8.653320401208475e-05,-0.3243946433067322,-0.10635890066623688,-0.000148810853715986,-0.3297125995159149,-0.1887870579957962,-0.00020676713029388338,-0.21537677943706512,-0.2632382810115814,-0.00026142355636693537,-0.30844080448150635,-0.491909921169281,-0.00010872052371269092,-0.38289204239845276,-0.6487892866134644,-0.00019775751570705324,-0.43873047828674316,-0.7657840847969055,-0.00026074069319292903,-0.48925095796585083,-0.872143030166626,-0.00030898943077772856,-0.1409255415201187,-0.5769970417022705,-0.00011259847815381363,-0.16485629975795746,-0.4706381559371948,-0.0002177326678065583,-0.14624349772930145,-0.26057931780815125,-0.00023551769845653325,-0.13560760021209717,-0.17549218237400055,-0.00022958398039918393,0.02924869768321514,-0.5557252764701843,-0.0001277688570553437,0.01595383509993553,-0.40416383743286133,-0.0002194971893914044,-0.007976917549967766,-0.22335369884967804,-0.00018607857055030763,-0.01595383509993553,-0.17283321917057037,-0.0001450620184186846,0.1808101385831833,-0.4759560823440552,-0.00015453282685484737,0.170174241065979,-0.35364335775375366,-0.00021664852101821452,0.12231273949146271,-0.22335369884967804,-0.0001950932783074677,0.09838198870420456,-0.1887870579957962,-0.00016389130905736238,-0.9931687140310932,-0.9999975460178931,-0.9999983033337975,0.8956678009568051,-0.9524274058446335,-0.9993529110543564,0.9993902650513157,-0.9990278077701075,-0.999687101180849,0.9620680787313151,-0.9650120768172534,-0.9680403218055706,-0.9389802438532807,-0.5271801883805535,-0.4905889271881321,0.3401200035022356,1.0,0.22178138178774195,0.1735680493870398,0.21288399120481205,0.2295049635425876,0.631784475861961,0.2598865327599816,0.24933450626308623,0.2736805006866118,1.0,0.0,0.0,0.0,0.0
1,0.0,0.0,0.0,-0.16839377582073212,-0.02072538621723652,-8.311436977237463e-05,-0.32642483711242676,-0.11139895766973495,-0.00014286050281953067,-0.3316061794757843,-0.1968911737203598,-0.00019890729163307697,-0.20984454452991486,-0.2694300413131714,-0.0002517820685170591,-0.3108808100223541,-0.47927457094192505,-0.00010134424519492313,-0.391191691160202,-0.6424869894981384,-0.00019067070388700813,-0.4455958306789398,-0.7616579532623291,-0.00025417233700864017,-0.4922279417514801,-0.8704662322998047,-0.0003028190112672746,-0.14507770538330078,-0.5621761083602905,-0.00010489987471373752,-0.17616578936576843,-0.47150254249572754,-0.00021056612604297698,-0.15803107619285583,-0.26424866914749146,-0.00022798494319431484,-0.13989636301994324,-0.18134713172912598,-0.00022058685135561973,0.018134713172912598,-0.5466320514678955,-0.0001199704929604195,-0.00518134655430913,-0.39896368980407715,-0.0002088530600303784,-0.02590673416852951,-0.2227979153394699,-0.00017448412836529315,-0.02849740721285343,-0.1787564605474472,-0.0001325943012489006,0.1606217473745346,-0.4740932285785675,-0.00014666622155345976,0.142487034201622,-0.35492226481437683,-0.00020432744349818677,0.0984455868601799,-0.22538858652114868,-0.0001817744632717222,0.0803108736872673,-0.1968911737203598,-0.0001505543477833271,-0.993028804455153,-0.9995791049653977,-0.9997269748913574,0.8348958197380617,-0.9140745498420237,-0.9918089747053799,0.992390752557962,-0.999219952254667,-0.9982976932836333,0.9846137785462277,-0.9844248180318361,-0.9715771362026856,-0.9216641420865092,-0.5492294700233366,-0.45889650410563326,0.3415074449049049,1.0,0.22903673802218755,0.18101379465577164,0.21264053798216684,0.2104545782648924,0.6329105647656879,0.24603765647471876,0.23522690410500133,0.25473058001024473,1.0,0.0,0.0,0.0,0.0
1,0.0,0.0,0.0,-0.16919183731079102,-0.02563512697815895,-8.745849481783807e-05,-0.32300257682800293,-0.11023104190826416,-0.00015060370787978172,-0.33838367462158203,-0.19482696056365967,-0.00021024924353696406,-0.23071613907814026,-0.2794228792190552,-0.0002661037433426827,-0.32043907046318054,-0.4793768525123596,-0.00010091144213220105,-0.3999079763889313,-0.6383146643638611,-0.00018990655371453613,-0.45374172925949097,-0.7587997317314148,-0.0002502873248886317,-0.49475792050361633,-0.869030773639679,-0.0002960079291369766,-0.1563742756843567,-0.5588457584381104,-0.00010412685514893383,-0.1871364265680313,-0.47424983978271484,-0.00021109871158841997,-0.16662831604480743,-0.26660531759262085,-0.00022822956088930368,-0.14612022042274475,-0.18457290530204773,-0.00021934436517767608,0.005127025302499533,-0.5409011840820312,-0.00011951134365517646,-0.017944587394595146,-0.3999079763889313,-0.00021290754375513643,-0.03588917478919029,-0.2230255901813507,-0.0001799434539861977,-0.03845268860459328,-0.18200939893722534,-0.0001374634011881426,0.14612022042274475,-0.47168633341789246,-0.00014641243615187705,0.12817563116550446,-0.35632824897766113,-0.00020667776698246598,0.08715943247079849,-0.22815261781215668,-0.0001842191122705117,0.0692148432135582,-0.19995398819446564,-0.00015233361045829952,-0.9921240780713863,-0.9990561051395571,-0.9979541173186518,0.812941448238967,-0.9016534706392522,-0.9892833609653601,0.9883604332783666,-0.998133895146678,-0.9992514372666241,0.9893477489202817,-0.9879518843258139,-0.967149993103123,-0.9385223918067641,-0.6308877188206623,-0.4671952547901808,0.36236328043559063,1.0,0.23541096663623695,0.18602700997875135,0.21159468039839902,0.21099064960964872,0.6286136527230555,0.23969269297985732,0.2297050427143881,0.2494623492299331,1.0,0.0,0.0,0.0,1.0
1,0.0,0.0,0.0,-0.16305163502693176,-0.025881212204694748,-8.817580237518996e-05,-0.31575077772140503,-0.10611296445131302,-0.0001521933008916676,-0.336455762386322,-0.18375660479068756,-0.0002125494065694511,-0.23551902174949646,-0.26398834586143494,-0.0002687769301701337,-0.3131626546382904,-0.4891549050807953,-0.0001016733658616431,-0.393394410610199,-0.64961838722229,-0.00018734345212578773,-0.4477449655532837,-0.766083836555481,-0.00024384833523072302,-0.4891549050807953,-0.8721968531608582,-0.0002868965966627002,-0.1475229114294052,-0.5693866610527039,-0.000104377897514496,-0.1759922355413437,-0.4788024127483368,-0.00021220128110144287,-0.16046351194381714,-0.2691645920276642,-0.00023093844356480986,-0.1449347883462906,-0.18634472787380219,-0.0002222625189460814,0.015528727322816849,-0.5512698292732239,-0.00011874694610014558,-0.00517624244093895,-0.3985706567764282,-0.00021109095541760325,-0.028469333425164223,-0.22516654431819916,-0.00018148828530684114,-0.03364557400345802,-0.18634472787380219,-0.0001413466816302389,0.15787538886070251,-0.4813905358314514,-0.00014464318519458175,0.13975854218006134,-0.34939634799957275,-0.00020313785353209823,0.09576047956943512,-0.22257842123508453,-0.00018375659419689327,0.06987927109003067,-0.1992853283882141,-0.0001543284597573802,-0.9944066786747943,-0.9996349509411546,-0.9979167839673984,0.8483006813731606,-0.9292379538190485,-0.9938005452027643,0.9943221432393998,-0.9999989079436067,-0.9999991040798059,0.9837535327385246,-0.9805515990956176,-0.8756401777109266,-0.9472148612915037,-0.6775171246168437,-0.3995298439343344,0.35377838201672834,1.0,0.23607307192951665,0.18935787219919686,0.21118185547624416,0.23558448192003711,0.6264504275439025,0.24784691825761188,0.23311489479202224,0.2532897090748999,1.0,0.0,0.0,0.0,1.0
1,0.0,0.0,0.0,-0.1692860871553421,-0.029096046462655067,-8.74928300618194e-05,-0.3253467082977295,-0.10580381006002426,-0.00015279065701179206,-0.3359270989894867,-0.182511568069458,-0.0002142090816050768,-0.23541347682476044,-0.25921931862831116,-0.00027198053430765867,-0.3200565278530121,-0.4972778856754303,-0.00010520376963540912,-0.39676427841186523,-0.650693416595459,-0.000191724524484016,-0.45231127738952637,-0.7644324898719788,-0.0002495414228178561,-0.4972778856754303,-0.8675912022590637,-0.0002941928105428815,-0.14812533557415009,-0.5792758464813232,-0.00010939306957880035,-0.182511568069458,-0.4761171340942383,-0.000212963335798122,-0.1692860871553421,-0.26186442375183105,-0.00022960193746257573,-0.1534155160188675,-0.1851566582918167,-0.00022154703037813306,0.01851566694676876,-0.5607602000236511,-0.00012517259165178984,-0.007935285568237305,-0.39411917328834534,-0.00021405413281172514,-0.03438623622059822,-0.21425271034240723,-0.00018114001431968063,-0.042321521788835526,-0.1798664778470993,-0.0001408385141985491,0.1639959067106247,-0.4866975247859955,-0.0001525697880424559,0.14019005000591278,-0.3491525650024414,-0.00020946402219124138,0.09786852449178696,-0.21954290568828583,-0.0001867695973487571,0.07935285568237305,-0.19838213920593262,-0.00015589692338835448,-0.9941491093008684,-0.9999563348055748,-0.9990653617362759,0.8407685457386267,-0.9273974304125004,-0.9898828487658433,0.9922707627741008,-0.9999347365031309,-0.996738081602941,0.9882220847168215,-0.9896157231591842,-0.9198040840040397,-0.9592012762762556,-0.5596068130835371,-0.49236348292737325,0.35016316317479873,1.0,0.24045657274835142,0.18477846116937618,0.21366416719378067,0.24331321985771634,0.6243306136511064,0.2582637833450057,0.2453833127815378,0.2643761666332478,1.0,0.0,0.0,0.0,1.0
1,0.0,0.0,0.0,-0.18436741828918457,-0.020485268905758858,-9.714764019008726e-05,-0.36873483657836914,-0.08779401332139969,-0.00017030989693012089,-0.3775142431259155,-0.15510275959968567,-0.0002387399144936353,-0.24874970316886902,-0.2165585607290268,-0.0003033960529137403,-0.3482495844364166,-0.5238376259803772,-0.00011542078573256731,-0.41848477721214294,-0.667234480381012,-0.00020568141189869493,-0.4828670620918274,-0.755028486251831,-0.00026912085013464093,-0.5472493171691895,-0.8369695544242859,-0.00031807750929147005,-0.1580292284488678,-0.6174845695495605,-0.00012323257396928966,-0.20192623138427734,-0.48871999979019165,-0.00024138716980814934,-0.18144096434116364,-0.2546026408672333,-0.00027109053917229176,-0.16095568239688873,-0.14632335305213928,-0.00026868103304877877,0.029264669865369797,-0.5911463499069214,-0.00014297365851234645,-0.008779400959610939,-0.3862936496734619,-0.000247783784288913,-0.029264669865369797,-0.19314682483673096,-0.0002252018020953983,-0.035117603838443756,-0.1375439465045929,-0.00018718036881182343,0.19314682483673096,-0.5092052817344666,-0.00017437845235690475,0.16095568239688873,-0.3453231155872345,-0.0002403355174465105,0.11705867946147919,-0.20485270023345947,-0.00021983475016895682,0.09657341241836548,-0.166808620095253,-0.0001881057833088562,-0.9913975424487526,-0.9843238818052957,-0.9994483137713225,0.8369551922881677,-0.9147808089174124,-0.9950338982059274,0.9910140239621414,-0.9969626516912978,-0.9999995178618225,0.9858229457114983,-0.9940732717115601,-0.981803977651686,-0.9714834463187942,-0.4615552721356326,-0.310385720927458,0.32980921253047324,1.0,0.21752546346966573,0.1419564041428871,0.1927474379793588,0.3009569917047412,0.6257823552647783,0.3194759071507591,0.3115444249543119,0.3205811468110681,1.0,0.0,0.0,0.0,0.0
1,0.0,0.0,0.0,-0.21206574141979218,-0.010603287257254124,-0.00011890039604622871,-0.42766591906547546,-0.05655086785554886,-0.0002202784235123545,-0.480682373046875,-0.10603287070989609,-0.0003154315345454961,-0.34283962845802307,-0.18732474744319916,-0.0004010746779385954,-0.4347347915172577,-0.5902496576309204,-0.0001470182032790035,-0.505423367023468,-0.7245579957962036,-0.00028446802753023803,-0.6008529663085938,-0.7492989897727966,-0.00037609992432408035,-0.6892136931419373,-0.7245579957962036,-0.0004333977121859789,-0.21206574141979218,-0.706885814666748,-0.00015608756802976131,-0.27215105295181274,-0.49128565192222595,-0.00029298444860614836,-0.2403411865234375,-0.2191345989704132,-0.0003233495226595551,-0.20499688386917114,-0.12017059326171875,-0.0003224822867196053,0.01767214573919773,-0.6715415120124817,-0.0001835488947108388,-0.031809862703084946,-0.3887872099876404,-0.0003055495035368949,-0.053016435354948044,-0.16258373856544495,-0.00027054507518187165,-0.05655086785554886,-0.11310173571109772,-0.0002249508397653699,0.22973789274692535,-0.5690430998802185,-0.00022602480021305382,0.1731870323419571,-0.33930519223213196,-0.0003077136061619967,0.12017059326171875,-0.16965259611606598,-0.00028163535171188414,0.0883607268333435,-0.12723945081233978,-0.00024308588763233274,-0.9887193608523329,-0.6729224149779046,-0.8644793194808139,0.8455244982318691,-0.9256117007698962,-0.9744203964879549,0.9892240129753573,-0.9968200832562659,-0.999754024157481,0.9898836433290575,-0.9981075017120418,-0.9425488220112779,-0.9872248757234283,-0.8572167412992953,0.28309765053969316,0.39067854179342726,1.0,0.23762324202113516,0.12645178499565368,0.1549114467375832,0.4143540557865545,0.646826957831374,0.4070785604751633,0.395131498604209,0.41585560571268504,1.0,0.0,0.0,0.0,0.0
1,0.0,0.0,0.0,-0.22432425618171692,0.0,-0.00013634897186420858,-0.460455060005188,-0.031484104692935944,-0.00025218704831786454,-0.5549073815345764,-0.06296820938587189,-0.00035686331102624536,-0.4368419647216797,-0.14954949915409088,-0.0004482828371692449,-0.49587467312812805,-0.6454241871833801,-0.00017855431360658258,-0.5627784132957458,-0.7438120245933533,-0.0003327112353872508,-0.6808437705039978,-0.7162634134292603,-0.0004225308948662132,-0.7831671237945557,-0.6218110918998718,-0.0004718648560810834,-0.24793733656406403,-0.7674250602722168,-0.00018314269254915416,-0.31877657771110535,-0.49193915724754333,-0.00032864161767065525,-0.2872924506664276,-0.1770980954170227,-0.0003468800277914852,-0.25187283754348755,-0.07477474957704544,-0.0003344003052916378,0.003935513086616993,-0.7280699610710144,-0.0002082551654893905,-0.047226157039403915,-0.38568028807640076,-0.0003412058867979795,-0.07477474957704544,-0.12593641877174377,-0.00029077011276967824,-0.09051680564880371,-0.06296820938587189,-0.00023196815163828433,0.23219527304172516,-0.606069028377533,-0.0002498274261597544,0.173162579536438,-0.3305830955505371,-0.0003456692211329937,0.11806539446115494,-0.1338074505329132,-0.0003134373400826007,0.086581289768219,-0.09051680564880371,-0.0002652248658705503,-0.9983219974620623,-0.35969901698186985,-0.8697072257173089,0.8450262397443037,-0.9389058887464455,-0.9728450535426418,0.9898037180932,-0.9990900621637852,-0.990311482068361,0.9880459665074186,-0.9980837200568559,-0.9373722802830672,-0.9912278923676461,-0.9821549974362889,0.5780163048033673,0.46173170388097473,1.0,0.2627380833565431,0.11026487007990288,0.12525846021844453,0.5218319617046508,0.6854666450002059,0.497863499616213,0.48655427370336624,0.4959433936090907,1.0,0.0,0.0,0.0,1.0
1,0.0,0.0,0.0,-0.228658527135849,0.003942388575524092,-0.00013882839994039387,-0.4730866253376007,-0.019711943343281746,-0.0002596218546386808,-0.5755887031555176,-0.03942388668656349,-0.00037016309215687215,-0.4533746838569641,-0.12615643441677094,-0.00046859256690368056,-0.5046257376670837,-0.6426093578338623,-0.00018620050104800612,-0.587415874004364,-0.7293418645858765,-0.0003458587161730975,-0.7056875228881836,-0.6820332407951355,-0.0004405596118886024,-0.8121320605278015,-0.5834735035896301,-0.0004937666817568243,-0.25625526905059814,-0.7648233771324158,-0.00019179943774361163,-0.3390454053878784,-0.46520185470581055,-0.00034205755218863487,-0.2996215224266052,-0.1498107612133026,-0.00036601716419681907,-0.2483704835176468,-0.05519343912601471,-0.0003591300337575376,-0.003942388575524092,-0.7293418645858765,-0.0002178654685849324,-0.06307821720838547,-0.3626997470855713,-0.00035456064506433904,-0.08279015868902206,-0.10250210016965866,-0.0003083957126364112,-0.08279015868902206,-0.04336627200245857,-0.0002532870857976377,0.228658527135849,-0.607127845287323,-0.00026067093131132424,0.16163793206214905,-0.3193334639072418,-0.0003573776048142463,0.11038687825202942,-0.1143292635679245,-0.0003262184327468276,0.09067493677139282,-0.06307821720838547,-0.00027949639479629695,-0.9953518275365336,-0.3724437021184442,-0.9336054601938012,0.8293317241876367,-0.9234023175778441,-0.9315777195499584,0.986365699936577,-0.9964486670312265,-0.9971423725899271,0.9913798870090109,-0.9998689820125004,-0.9925432600422565,-0.9935415865787528,-0.9956305196273744,0.691537174175438,0.47059989141828473,1.0,0.2544294271487374,0.09346073387403618,0.11045760726204136,0.546283151636922,0.705752334431683,0.5133692966401329,0.506004989946416,0.5244752510388202,1.0,0.0,0.0,0.0,0.0
1,0.0,0.0,0.0,-0.23249271512031555,0.0,-0.00012683524983003736,-0.4687967896461487,-0.019056780263781548,-0.00024203375505749136,-0.5831374526023865,-0.026679491624236107,-0.00034932466223835945,-0.484042227268219,-0.09528390318155289,-0.0004452847351785749,-0.5069103240966797,-0.6288737654685974,-0.00017323001520708203,-0.5983828902244568,-0.7012895345687866,-0.00032877575722523034,-0.7203462719917297,-0.6517418622970581,-0.00042279716581106186,-0.8308756351470947,-0.5564579963684082,-0.00047681984142400324,-0.2744176387786865,-0.7432144284248352,-0.00018370190809946507,-0.3544560968875885,-0.4459286630153656,-0.00033065516618080437,-0.30871984362602234,-0.1486428827047348,-0.0003587891405913979,-0.2591722011566162,-0.06098169460892677,-0.00035639907582663,-0.026679491624236107,-0.7051008343696594,-0.00021320344239939004,-0.08766119182109833,-0.335399329662323,-0.00034290592884644866,-0.09909525513648987,-0.08766119182109833,-0.0003022656310349703,-0.09528390318155289,-0.041924916207790375,-0.0002536853717174381,0.19819051027297974,-0.586948812007904,-0.00025857315631583333,0.1295861005783081,-0.293474406003952,-0.00034664274426177144,0.08766119182109833,-0.09147254377603531,-0.00031713765929453075,0.07241576164960861,-0.05717033892869949,-0.0002747492108028382,-0.9752970459438611,-0.492774251004381,-0.9474664816859035,0.8157924459055834,-0.9148563994271833,-0.93526055917148,0.9798080345159542,-0.9931216993474485,-0.9916569243881385,0.9953954128712899,-0.9996875472146879,-0.9772773283790873,-0.9967639270335358,-0.9999032012475281,0.7825065256367668,0.49333163903545985,1.0,0.26625013884906773,0.10409987856885722,0.09226356984297115,0.5679309540661114,0.7093059989194489,0.4913906599212675,0.4916270668156253,0.5138414055771091,1.0,0.0,0.0,0.0,1.0
1,0.0,0.0,0.0,-0.23482294380664825,-0.0034032310359179974,-9.828264592215419e-05,-0.46283942461013794,-0.030629079788923264,-0.0001920806971611455,-0.5649363398551941,-0.023822616785764694,-0.00028180968365632,-0.48666203022003174,-0.06466139107942581,-0.00036374357296153903,-0.48325881361961365,-0.5751460194587708,-0.00014280130562838167,-0.5989686846733093,-0.6193880438804626,-0.0002846650022547692,-0.7350978851318359,-0.5649363398551941,-0.0003751578042283654,-0.8678238987922668,-0.4968717396259308,-0.00042930085328407586,-0.2688552439212799,-0.6738397479057312,-0.00015934435941744596,-0.39137157797813416,-0.37095218896865845,-0.0002884135174099356,-0.3369198739528656,-0.1123066246509552,-0.0003126308729406446,-0.2722584903240204,-0.05445169657468796,-0.0003121395711787045,-0.04764523357152939,-0.6330009698867798,-0.00019283995789010078,-0.14974217116832733,-0.27906495332717896,-0.0003033409302588552,-0.13953247666358948,-0.06466139107942581,-0.0002626163768582046,-0.12251631915569305,-0.044242002069950104,-0.00021842906426172704,0.15314540266990662,-0.520694375038147,-0.00024005417071748525,0.05445169657468796,-0.2450326383113861,-0.0003097994776908308,0.023822616785764694,-0.07487108558416367,-0.0002780988288577646,0.02041938714683056,-0.05785492807626724,-0.00023876542400103062,-0.8743036873743772,-0.7346079349876392,-0.9956465163759171,0.7220673420261615,-0.8298982414548165,-0.8060194603064307,0.9373104644970702,-0.9465527345751071,-0.7978014247156838,0.9983324768065397,-0.986300928908902,-0.9998116239693483,-0.9945605991722601,-0.9828608825121705,0.9153890606535843,0.49093908426206084,1.0,0.2776504474166633,0.13025993309236114,0.061353085533495,0.5483095128969766,0.7386818524220343,0.4494204027897604,0.4363473343762791,0.4484219084245443,1.0,0.0,0.0,0.0,1.0
1,0.0,0.0,0.0,-0.1896391659975052,0.0,-7.341223681578413e-05,-0.36278799176216125,-0.013741969130933285,-0.0001507778506493196,-0.47272372245788574,-0.005496787838637829,-0.00022681045811623335,-0.4342462122440338,-0.03023233264684677,-0.00030072330264374614,-0.3875235319137573,-0.44249141216278076,-0.00011758866457967088,-0.5771626830101013,-0.4754721224308014,-0.00023915813653729856,-0.7420663237571716,-0.48371732234954834,-0.00032337248558178544,-0.8767375946044922,-0.4809689223766327,-0.0003773903881665319,-0.222619891166687,-0.5194464325904846,-0.00013364858750719577,-0.35729119181632996,-0.2913297414779663,-0.00024647274403832853,-0.31331688165664673,-0.08245181292295456,-0.00026254160911776125,-0.2528522312641144,-0.03023233264684677,-0.00025522930081933737,-0.049471087753772736,-0.48371732234954834,-0.00016219231474678963,-0.17314881086349487,-0.2116263210773468,-0.00025027364608831704,-0.16490362584590912,-0.04397430270910263,-0.00020487885922193527,-0.13467130064964294,-0.02748393826186657,-0.00015776547661516815,0.10169056802988052,-0.39302030205726624,-0.00020249333465471864,0.0027483939193189144,-0.18689078092575073,-0.00025411974638700485,-0.021987151354551315,-0.05496787652373314,-0.00021639079204760492,-0.010993575677275658,-0.035729117691516876,-0.00017374672461301088,-0.7779900552980074,-0.9925389422714782,-0.9975254140607952,0.591245302594352,-0.7379298269986925,-0.7955130235443377,0.863541025266862,-0.888940964361277,-0.5213970138411946,0.981176763522232,-0.9658291583546796,-0.7619383727462752,-0.9968655138307856,-0.98815635710988,0.8792633750816897,0.4352974602855082,1.0,0.25465330548705817,0.1374472535353027,0.03738260215892507,0.46692458020901484,0.7734862362236425,0.3658751446832067,0.34103345746733094,0.34690996510828176,1.0,0.0,0.0,0.0,1.0
1,0.0,0.0,0.0,-0.18711961805820465,0.00801941193640232,-7.403522613458335e-05,-0.3528541326522827,-0.010692549869418144,-0.00014904786075931042,-0.47047218680381775,-0.002673137467354536,-0.00022230377362575382,-0.4410676658153534,-0.03207764774560928,-0.00029277746216394007,-0.39295119047164917,-0.4223557114601135,-0.00011735821317415684,-0.574724555015564,-0.4651259183883667,-0.00024667836260050535,-0.7351127862930298,-0.48383787274360657,-0.0003344917204231024,-0.8660964965820312,-0.4998767077922821,-0.00039125586044974625,-0.23256295919418335,-0.4998767077922821,-0.00013273594959173352,-0.376912385225296,-0.2860257029533386,-0.0002484929282218218,-0.3261227607727051,-0.06950157135725021,-0.0002578409912530333,-0.26731374859809875,-0.03207764774560928,-0.00024499421124346554,-0.06682843714952469,-0.47047218680381775,-0.0001624817814445123,-0.20048530399799347,-0.203158438205719,-0.0002543924783822149,-0.1817733496427536,-0.040097061544656754,-0.00020030545420013368,-0.14167627692222595,-0.040097061544656754,-0.00014623402967117727,0.08019412308931351,-0.37958550453186035,-0.00020431121811270714,-0.03207764774560928,-0.17910020053386688,-0.0002607289352454245,-0.048116471618413925,-0.048116471618413925,-0.00022156501654535532,-0.02138509973883629,-0.0454433374106884,-0.00017704076890368015,-0.8307416256156238,-0.9934005632519107,-0.9999837893869074,0.5154998966610824,-0.6791794896019479,-0.715354817006438,0.8226445639462264,-0.8376104030342164,-0.11400625166633696,0.9546591168865072,-0.9254228437526051,0.022171443205298198,-0.9879716347693616,-0.9837534232547936,0.7535667457688793,0.442232683200015,1.0,0.26923163207161216,0.14724117543647117,0.05022400720983533,0.4532762207997794,0.7577513275747649,0.3534409669239219,0.3149495992700429,0.325115503797237,1.0,0.0,0.0,0.0,1.0
1,0.0,0.0,0.0,-0.192851260304451,0.005283596459776163,-7.403805648209527e-05,-0.3540009558200836,-0.010567192919552326,-0.00015204286319203675,-0.48080724477767944,0.0026417982298880816,-0.00022950237325858325,-0.45967286825180054,-0.031701575964689255,-0.00030514903482981026,-0.39362791180610657,-0.42268770933151245,-0.00011591182556003332,-0.5759119987487793,-0.4623146653175354,-0.00023812454310245812,-0.7291362881660461,-0.496658056974411,-0.00032045948319137096,-0.8506590127944946,-0.5257178544998169,-0.0003751658950932324,-0.24304543435573578,-0.49401625990867615,-0.00013326149201020598,-0.39626970887184143,-0.27474701404571533,-0.0002484209544491023,-0.3407919704914093,-0.06340315192937851,-0.00025713955983519554,-0.2773888111114502,-0.026417981833219528,-0.0002438821829855442,-0.08189573884010315,-0.46495646238327026,-0.000164594835950993,-0.22455283999443054,-0.2060602605342865,-0.0002597627753857523,-0.20077665150165558,-0.03962697088718414,-0.0002074638323392719,-0.15850788354873657,-0.034343376755714417,-0.00015416050155181438,0.060761358588933945,-0.37249353528022766,-0.00020766911620739847,-0.05811955779790878,-0.17964227497577667,-0.00026821898063644767,-0.07925394177436829,-0.042268771678209305,-0.00023129046894609928,-0.052835963666439056,-0.02905977889895439,-0.00018857540271710604,-0.8214079068230629,-0.9999794079172316,-0.9998987406370733,0.4826424017351339,-0.6474022300973367,-0.7066715234680558,0.7788446426715073,-0.7987849084302524,-0.2631175847620497,0.9246338448039838,-0.9211505203389332,-0.30600924910062005,-0.9921432881171807,-0.9796998586671722,0.6095115888296585,0.4607648476382762,1.0,0.278644075831409,0.1621858198777088,0.06030045495394792,0.4577122840952031,0.7400586100584883,0.3556814179154836,0.3176324464535626,0.3312616553177434,1.0,0.0,0.0,0.0,1.0
1,0.0,0.0,0.0,-0.20582492649555206,-0.07546913623809814,-8.263416384579614e-05,-0.34647196531295776,-0.18867284059524536,-0.00013720190327148885,-0.3155982196331024,-0.32931986451148987,-0.00019059742044191808,-0.2126857489347458,-0.4253714978694916,-0.00023863292881287634,-0.2984461486339569,-0.5179927349090576,-6.243350799195468e-05,-0.36705443263053894,-0.706665575504303,-0.00013736005348619074,-0.3944977819919586,-0.8164388537406921,-0.00018510574591346085,-0.40135860443115234,-0.9159209132194519,-0.00021804786229040474,-0.13378620147705078,-0.5454360246658325,-6.772472261218354e-05,-0.14750786125659943,-0.6963742971420288,-0.00017669647058937699,-0.11663412302732468,-0.46310606598854065,-0.00019205936405342072,-0.09262121468782425,-0.3258894681930542,-0.00017288350500166416,0.02744332328438759,-0.524853527545929,-8.641753083793446e-05,0.03087373822927475,-0.6517789363861084,-0.00019417930161580443,0.020582491531968117,-0.43566274642944336,-0.00015866461035329849,0.020582491531968117,-0.30530697107315063,-0.00010165097046410665,0.18181201815605164,-0.459675669670105,-0.00011336113675497472,0.202394500374794,-0.6106139421463013,-0.00018132624973077327,0.1577991098165512,-0.4768277406692505,-0.0001502746163168922,0.123494952917099,-0.37391528487205505,-0.00010765833576442674,-0.9849115141533681,-0.994618415299607,-0.984530521746784,-0.9887897132564571,0.9991622547291972,-0.9991324439623326,-0.9996818440834226,0.999788330343387,-0.9988681800419842,-0.9710728589669583,0.9827104803746513,-0.9999999053305466,-0.9472465743866731,-0.4454022002071415,-0.8231941415373782,0.4755798561922306,1.0,0.33879591666670156,0.30600000251251125,0.3937812310383916,0.1688295026609588,0.6193943780048065,0.0965014746347332,0.12297738917836276,0.17183470167488188,1.0,0.0,0.0,0.0,1.0
1,0.0,0.0,0.0,-0.19896408915519714,-0.06517789512872696,-8.913803321775049e-05,-0.34647196531295776,-0.1852424293756485,-0.00014649117656517774,-0.3190286159515381,-0.32245904207229614,-0.00020132286590524018,-0.20582492649555206,-0.4150802493095398,-0.00025205520796589553,-0.2984461486339569,-0.5077014565467834,-7.282027945620939e-05,-0.3601936101913452,-0.6998047232627869,-0.00014987513714004308,-0.3876369297504425,-0.8130084276199341,-0.00019821987370960414,-0.40135860443115234,-0.9159209132194519,-0.0002323032240383327,-0.12692536413669586,-0.5385752320289612,-7.875989831518382e-05,-0.13378620147705078,-0.6929439306259155,-0.0001999650412471965,-0.1063428744673729,-0.4665364921092987,-0.00022283810540102422,-0.08919079601764679,-0.3190286159515381,-0.0002049715258181095,0.03773456811904907,-0.5179927349090576,-9.748864977154881e-05,0.044595398008823395,-0.6414876580238342,-0.00021898437989875674,0.03430415317416191,-0.4219411015510559,-0.00019073812291026115,0.02744332328438759,-0.28472447395324707,-0.00013417284935712814,0.18867284059524536,-0.4562452435493469,-0.00012372474884614348,0.20582492649555206,-0.5866010189056396,-0.0002026027941610664,0.16465993225574493,-0.44595399498939514,-0.0001752521493472159,0.13035579025745392,-0.33961111307144165,-0.00013240668340586126,-0.9758033928245109,-0.9973248764521035,-0.9944626585688034,-0.9825604895686197,0.9970971593396497,-0.9999882084271335,-0.9998514262527524,0.9999621644902327,-0.9999951472680191,-0.9660571526465069,0.9881802239648295,-0.9996269947396933,-0.933543514915409,-0.4669123470968385,-0.7727262418584133,0.46330937933015615,1.0,0.3312617067321483,0.2860440154284941,0.3637696504552461,0.1663947745628335,0.6266478933221219,0.0983758865500666,0.1370105758927057,0.18196073709124058,1.0,0.0,0.0,0.0,1.0
1,0.0,0.0,0.0,-0.20349909365177155,-0.06898274272680283,-8.98087237146683e-05,-0.35871025919914246,-0.18970254063606262,-0.0001481340586906299,-0.3207697570323944,-0.331117182970047,-0.00020293127454351634,-0.19660082459449768,-0.4173455834388733,-0.0002532544021960348,-0.30352407693862915,-0.5208197236061096,-7.430314144585282e-05,-0.36215940117836,-0.7139713764190674,-0.00015186212840490043,-0.3828542232513428,-0.8243438005447388,-0.00019944105588365346,-0.38975250720977783,-0.9209195971488953,-0.00023254290863405913,-0.12761807441711426,-0.5449636578559875,-8.023389091249555e-05,-0.12761807441711426,-0.700174868106842,-0.0002017454244196415,-0.09312670677900314,-0.4621843695640564,-0.00021988367370795459,-0.07588101923465729,-0.3173206150531769,-0.0001979571970878169,0.041389647871255875,-0.5173705816268921,-9.954670531442389e-05,0.05173705890774727,-0.6380903720855713,-0.00022061326308175921,0.04483878239989281,-0.4104473292827606,-0.00018670545250643045,0.03104223497211933,-0.27938011288642883,-0.00012687071284744889,0.19315168261528015,-0.4518369734287262,-0.00012663732923101634,0.21384650468826294,-0.5725567936897278,-0.00020413500897120684,0.1759060025215149,-0.42424386739730835,-0.0001732108066789806,0.13451634347438812,-0.32766804099082947,-0.0001286718324990943,-0.9729936062743465,-0.9940238062305063,-0.9935043800914659,-0.9736588944639291,0.9896602233800019,-0.9996765434565377,-0.9999836501414646,0.9984758150203744,-0.9972199282170073,-0.9727020776386847,0.9967482770235582,-0.9880965400100314,-0.9446675714668267,-0.38842648277411207,-0.7637531654279311,0.46133425442249637,1.0,0.32626729318413317,0.28109941668446425,0.3542047464161046,0.15762067690790663,0.622027332264811,0.09684405474873707,0.14573007175422117,0.19108228362606125,1.0,0.0,0.0,0.0,1.0
1,0.0,0.0,0.0,-0.2048500031232834,-0.05902457609772682,-9.740129462443292e-05,-0.36456355452537537,-0.18401779234409332,-0.0001615546498214826,-0.3298432230949402,-0.3263711929321289,-0.00022178985818754882,-0.2013779580593109,-0.4201160967350006,-0.0002775504544842988,-0.30206695199012756,-0.5208050608634949,-8.37477418826893e-05,-0.3610915243625641,-0.7117669582366943,-0.00016588481958024204,-0.3749796450138092,-0.8263440728187561,-0.00021672286675311625,-0.3749796450138092,-0.9270330667495728,-0.00025166611885651946,-0.1249932199716568,-0.5451093316078186,-8.779767085798085e-05,-0.12152118235826492,-0.6978787779808044,-0.00021571305114775896,-0.08680084347724915,-0.465252548456192,-0.00023707804211881012,-0.07291270792484283,-0.3159550726413727,-0.00021662103245034814,0.04166440665721893,-0.5208050608634949,-0.00010593514161882922,0.05902457609772682,-0.6353821754455566,-0.00023479590890929103,0.05902457609772682,-0.41317203640937805,-0.00020495765784289688,0.038192372769117355,-0.2777627110481262,-0.00014615253894589841,0.19443389773368835,-0.4548364281654358,-0.00013213479542173445,0.22915422916412354,-0.5798296332359314,-0.00021681160433217883,0.19790592789649963,-0.4409483075141907,-0.0001897835172712803,0.15276949107646942,-0.33678728342056274,-0.0001465253153583035,-0.9746135710078956,-0.983995151956019,-0.9927337493116991,-0.9693740419906105,0.9854344768032922,-0.9984656339903042,-0.9975125575639878,0.9887150002154667,-0.9883716958133127,-0.9911653934670541,0.9987685279955407,-0.9824558983834961,-0.9273571801253757,-0.4121518947934957,-0.7640922692397474,0.46588701310150277,1.0,0.3242590405539657,0.2803761903328948,0.3698164520238838,0.16361213849227607,0.6184642416962784,0.09866698397575001,0.15125324284655917,0.20391691732812756,1.0,0.0,0.0,0.0,1.0
1,0.0,0.0,0.0,-0.20048311352729797,-0.05627596005797386,-0.00010908951662713662,-0.355241984128952,-0.1723451316356659,-0.00018193930736742914,-0.3200695216655731,-0.3130350112915039,-0.00024959546863101423,-0.19344861805438995,-0.4115179479122162,-0.00031168689019978046,-0.29544878005981445,-0.5205526351928711,-9.379129187436774e-05,-0.3482075035572052,-0.7140012383460999,-0.00017820583889260888,-0.36579373478889465,-0.8300703763961792,-0.00022913439897820354,-0.36227649450302124,-0.9320705533027649,-0.00026358274044469,-0.11255192011594772,-0.5486906170845032,-9.401166607858613e-05,-0.10903467237949371,-0.6964150071144104,-0.0002247798693133518,-0.07737944275140762,-0.46427667140960693,-0.000247545656748116,-0.05979320779442787,-0.3095177710056305,-0.00022729484771844,0.05627596005797386,-0.5205526351928711,-0.00010941475193249062,0.07386219501495361,-0.6366217732429504,-0.0002410404267720878,0.0703449472784996,-0.4150351881980896,-0.00021323641703929752,0.05275871232151985,-0.2743453085422516,-0.00015460007125511765,0.2110348492860794,-0.4572421610355377,-0.0001338971487712115,0.24972456693649292,-0.5873803496360779,-0.00021832216589245945,0.21455208957195282,-0.4502076804637909,-0.00019258838437963277,0.1688278764486313,-0.3446902632713318,-0.0001500405924161896,-0.9689177506132064,-0.9932934378216216,-0.9829655765956673,-0.9745418551339109,0.987332891945974,-0.9997496298793884,-0.9990888938090161,0.9909680492950604,-0.9941215299542789,-0.9897311487163897,0.9992791020134074,-0.9875588875525099,-0.932384557745948,-0.3880571194992146,-0.7870559849695644,0.4547191418637462,1.0,0.31524044327966155,0.2793722580539901,0.3838153913066626,0.16532425000880172,0.6203427706223965,0.10478571549709888,0.15743601642956445,0.20732556038957636,1.0,0.0,0.0,0.0,1.0
1,0.0,0.0,0.0,-0.19877368211746216,-0.036140669137239456,-0.00010152255708817393,-0.37224888801574707,-0.16624706983566284,-0.00016633971245028079,-0.3324941396713257,-0.29996755719184875,-0.00022471987176686525,-0.18431740999221802,-0.37947702407836914,-0.0002786765107885003,-0.3071956932544708,-0.5276537537574768,-9.773413330549374e-05,-0.36140668392181396,-0.7083570957183838,-0.00019103550584986806,-0.37947702407836914,-0.8240072727203369,-0.00024904144811443985,-0.37947702407836914,-0.9252011179924011,-0.00028969362028874457,-0.11926420778036118,-0.5674085021018982,-0.0001014300505630672,-0.11565013974905014,-0.6649882793426514,-0.00023804561351425946,-0.09396573901176453,-0.42284584045410156,-0.00025798866408877075,-0.08312353491783142,-0.2818972170352936,-0.0002367746055824682,0.05782506987452507,-0.545724093914032,-0.00012086267815902829,0.06866727024316788,-0.5782507061958313,-0.00025262474082410336,0.061439137905836105,-0.36140668392181396,-0.00022160884691402316,0.04698286950588226,-0.26021280884742737,-0.0001650546328164637,0.22045807540416718,-0.4878990352153778,-0.00014981049753259867,0.23852841556072235,-0.5204256176948547,-0.00023552901984658092,0.19877368211746216,-0.365020751953125,-0.00021189378458075225,0.15901894867420197,-0.2963534891605377,-0.00017294505960308015,-0.9723359124096425,-0.9907037067544926,-0.9880119952597455,-0.970331515169679,0.9920294024025698,-0.9999213166248561,-0.976716643169802,0.9586852028218176,-0.9941113615359702,-0.9965797968940472,0.9672422298224357,-0.9626006643056741,-0.8944271835605087,-0.34714567002335345,-0.7043174611163284,0.4218717773890087,1.0,0.29389729710413626,0.26442036733160584,0.33632191268490275,0.16145139064591077,0.6097979616609797,0.15346301018860692,0.18239690071264442,0.22875875419690797,1.0,0.0,0.0,0.0,1.0
1,0.0,0.0,0.0,-0.19927403330802917,-0.028985314071178436,-7.927525439299643e-05,-0.38043224811553955,-0.1594192385673523,-0.00012935406994074583,-0.3695627748966217,-0.2789836525917053,-0.00017646361084189266,-0.23912884294986725,-0.34057745337486267,-0.0002214694832218811,-0.30796897411346436,-0.5688368082046509,-6.305852002697065e-05,-0.35869327187538147,-0.7101402282714844,-0.00014007715799380094,-0.41666391491889954,-0.80434250831604,-0.00019429472740739584,-0.46738821268081665,-0.8840520977973938,-0.00023626608890481293,-0.11594125628471375,-0.6159379482269287,-7.82881397753954e-05,-0.16666555404663086,-0.6231842637062073,-0.00019103274098597467,-0.1594192385673523,-0.37680909037590027,-0.0002102887083310634,-0.1413034051656723,-0.25362151861190796,-0.00019556740880943835,0.06884012371301651,-0.5760831236839294,-0.00010739784920588136,0.021738985553383827,-0.5398514866828918,-0.00021574244601652026,-0.0036231642588973045,-0.3188384771347046,-0.0001814088027458638,0.0,-0.23912884294986725,-0.00012990414688829333,0.23550568521022797,-0.48912718892097473,-0.00014551641652360559,0.18840454518795013,-0.46738821268081665,-0.00020995322847738862,0.13405707478523254,-0.31159213185310364,-0.00017771821876522154,0.11956442147493362,-0.2608678340911865,-0.00013739212590735406,-0.9885351367304431,-0.9786503711670057,-0.9998863758757844,-0.3221073959869387,0.1704632222226323,-0.9932089190518173,0.6994491300409487,-0.6960978211959624,-0.9872785090791761,0.7714580818716474,-0.6947305414327436,-0.998356506854748,-0.8871880483448477,-0.5084322480940091,-0.5071195874833234,0.41614380782545124,1.0,0.29032838023057866,0.23912887598313495,0.2869628720742572,0.24143451347120995,0.6205435233062082,0.22878794990462215,0.2122197653523408,0.23739331081239465,1.0,0.0,0.0,0.0,1.0
1,0.0,0.0,0.0,-0.20029006898403168,-0.025963526219129562,-9.265213157050312e-05,-0.39687106013298035,-0.12239948660135269,-0.00016531893925275654,-0.43025273084640503,-0.19658099114894867,-0.00023515115026384592,-0.30785325169563293,-0.2522171139717102,-0.0003014535177499056,-0.32268956303596497,-0.5711975693702698,-9.145615331362933e-05,-0.415416419506073,-0.7047243118286133,-0.00019507290562614799,-0.5044342279434204,-0.7677785754203796,-0.0002695640141610056,-0.5934520363807678,-0.8048693537712097,-0.0003182944201398641,-0.1261085569858551,-0.6194155812263489,-0.00010458409087732434,-0.23367173969745636,-0.5749066472053528,-0.00022687188175041229,-0.22996266186237335,-0.31898048520088196,-0.00025572499725967646,-0.20399914681911469,-0.19287191331386566,-0.000248976080911234,0.05934520438313484,-0.5711975693702698,-0.00013312124065123498,-0.03338167816400528,-0.4933070242404938,-0.0002511212369427085,-0.051927052438259125,-0.26705342531204224,-0.0002196354907937348,-0.048217978328466415,-0.17432653903961182,-0.0001684121525613591,0.22996266186237335,-0.4673434793949127,-0.00017125661543104798,0.15949024260044098,-0.43767088651657104,-0.00024074420798569918,0.10756318271160126,-0.28188973665237427,-0.00020475921337492764,0.09643595665693283,-0.21512636542320251,-0.00015910618822090328,-0.9957016409560719,-0.9402231063875958,-0.9755676812290868,0.1903239065748356,-0.3689213931007057,-0.982276420564386,0.7188756956307729,-0.7035947380705508,-0.9925960090521458,0.7550954179191751,-0.6595893674603845,-0.9877629184634966,-0.9469583801655506,-0.7700540163370498,-0.0037739796717751644,0.39797889467337716,1.0,0.28074059711267596,0.18087217714728326,0.23575256603422903,0.3371018627214276,0.6665220638930327,0.30595275569873587,0.2719944214457176,0.2639965580578155,1.0,0.0,0.0,0.0,0.0
1,0.0,0.0,0.0,-0.20483842492103577,-0.018289145082235336,-8.161448204191402e-05,-0.41699251532554626,-0.10241921246051788,-0.00014740793267264962,-0.4901491105556488,-0.15362882614135742,-0.0002119808050338179,-0.380414217710495,-0.20483842492103577,-0.0002744316589087248,-0.354809433221817,-0.5559900403022766,-8.059589890763164e-05,-0.4682021141052246,-0.6693827509880066,-0.00017771180137060583,-0.5706213116645813,-0.7169345021247864,-0.0002482459240127355,-0.6657248735427856,-0.7461971640586853,-0.0002941325365100056,-0.16094447672367096,-0.6145153045654297,-9.488846262684092e-05,-0.2889685034751892,-0.5413587093353271,-0.00020839410717599094,-0.2889685034751892,-0.2926263213157654,-0.00023544639407191426,-0.2560480237007141,-0.17191797494888306,-0.00022851624817121774,0.02560480311512947,-0.5706213116645813,-0.00012338586384430528,-0.09510355442762375,-0.47551777958869934,-0.0002319093036931008,-0.11339270323514938,-0.2560480237007141,-0.00020317289454396814,-0.09876138716936111,-0.16094447672367096,-0.0001550296146888286,0.19752277433872223,-0.4791756272315979,-0.00016069863340817392,0.09876138716936111,-0.42065033316612244,-0.00022418303706217557,0.047551777213811874,-0.2670215368270874,-0.00019081946811638772,0.04389394819736481,-0.19386494159698486,-0.00014737014134880155,-0.9764629295852862,-0.9391228262616785,-0.9907429805415294,0.259973256747117,-0.4961388783516787,-0.9647638637654125,0.6534607628511028,-0.6819657593613624,-0.9723299013213318,0.7991894230912594,-0.7556888614693603,-0.9632912254752717,-0.9586772542957044,-0.9729327706522309,0.49986467081781627,0.43205767733879535,1.0,0.30840953531572163,0.1888305021288034,0.19877202966315444,0.40104826028186763,0.6782168060771223,0.3362689194256199,0.2859608203280102,0.27034695348535814,1.0,0.0,0.0,0.0,1.0
1,0.0,0.0,0.0,-0.18493559956550598,-0.007252376526594162,-8.844276453601196e-05,-0.3880021572113037,-0.06889757513999939,-0.00016418322047684342,-0.4931616187095642,-0.11603802442550659,-0.00023840038920752704,-0.4097592830657959,-0.1740570366382599,-0.00031016318826004863,-0.35536646842956543,-0.5366758704185486,-9.466698975302279e-05,-0.48590922355651855,-0.6490877270698547,-0.00020140624837949872,-0.6055734753608704,-0.6889757513999939,-0.0002748949045781046,-0.7071067094802856,-0.7071067094802856,-0.00032054155599325895,-0.17043085396289825,-0.5983210802078247,-0.00010719923739088699,-0.3191045820713043,-0.511292576789856,-0.00022681798145640641,-0.3154783844947815,-0.25383317470550537,-0.0002512926876079291,-0.2683379352092743,-0.1305427849292755,-0.00024212943390011787,0.018130941316485405,-0.5584329962730408,-0.00013464866788126528,-0.12329040467739105,-0.4532735347747803,-0.00025146137340925634,-0.14504753053188324,-0.2211974859237671,-0.00021923134045209736,-0.11966421455144882,-0.11966421455144882,-0.00016758909623604268,0.19581416249275208,-0.46415209770202637,-0.0001710637880023569,0.08340232819318771,-0.4097592830657959,-0.00024259508063551039,0.021757129579782486,-0.2465808093547821,-0.00020945591677445918,0.010878564789891243,-0.17043085396289825,-0.00016479194164276123,-0.9624226254047328,-0.9252285536787529,-0.9894998487545077,0.2494288290848098,-0.4929751401639751,-0.9389887303460321,0.6224285044917576,-0.6689998899092633,-0.9432686699723667,0.7512022228392657,-0.7255717619002334,-0.9760484376079793,-0.9675284022398385,-0.9919856800294435,0.5154856479062129,0.4451950127516382,1.0,0.29840698032398877,0.16923084094857227,0.17077776416629206,0.43239374243483586,0.7011668031135112,0.36470227475591727,0.31707156410135534,0.2711661922565918,1.0,0.0,0.0,0.0,1.0
1,0.0,0.0,0.0,-0.1932932585477829,-0.007028845604509115,-8.316609455505386e-05,-0.39712977409362793,-0.06677403301000595,-0.00015357274969574064,-0.5060768723487854,-0.10894710570573807,-0.00022385921329259872,-0.43930286169052124,-0.1651778668165207,-0.00029116772930137813,-0.36549997329711914,-0.530677855014801,-8.433503535343334e-05,-0.5166201591491699,-0.6220528483390808,-0.00018784507119562477,-0.6396249532699585,-0.6571970582008362,-0.00025930485571734607,-0.7380287647247314,-0.6747691631317139,-0.0003041076706722379,-0.19680768251419067,-0.5869085788726807,-0.0001002940844045952,-0.3408990204334259,-0.48499032855033875,-0.00022544887906406075,-0.33738458156585693,-0.23195190727710724,-0.00025321703287772834,-0.2846682369709015,-0.10894710570573807,-0.0002441667311359197,-0.01757211424410343,-0.5482499599456787,-0.00013103456876706332,-0.15112018585205078,-0.4322740137577057,-0.00025390199152752757,-0.17220671474933624,-0.20032209157943726,-0.00022628206352237612,-0.14057691395282745,-0.10191825777292252,-0.00017539976397529244,0.147605761885643,-0.45336052775382996,-0.00017024601402226835,0.04217307269573212,-0.3901009261608124,-0.0002459197130519897,-0.02108653634786606,-0.22843748331069946,-0.00021625723456963897,-0.024600960314273834,-0.15463459491729736,-0.000172917585587129,-0.9115188260751398,-0.9649527618593969,-0.9948440665687401,0.28793884243900925,-0.5660709308617703,-0.9245270029199667,0.6311624387100205,-0.721351177777712,-0.9204140479388526,0.7546867433857224,-0.7915901530072341,-0.947521469847594,-0.9692159307621087,-0.9964558597687361,0.48080182988876025,0.4693302047305709,1.0,0.3048041026767443,0.17363533509283274,0.156579369883559,0.43750158196215644,0.6982223786189932,0.3720830494739091,0.32643904394143886,0.2762193335295324,1.0,0.0,0.0,0.0,1.0
1,0.0,0.0,0.0,-0.1918426901102066,-0.010464146733283997,-9.004268213175237e-05,-0.39066147804260254,-0.06627292931079865,-0.00016762895393185318,-0.5092551112174988,-0.1011534184217453,-0.00024510404909960926,-0.44298219680786133,-0.15696220099925995,-0.0003196490288246423,-0.373221218585968,-0.5197192430496216,-9.146064257947728e-05,-0.5162312388420105,-0.6138966083526611,-0.00020010708249174058,-0.6383129358291626,-0.6522651314735413,-0.00027331471210345626,-0.7394663691520691,-0.6731933951377869,-0.0003191658470313996,-0.2023068368434906,-0.5720400214195251,-0.00010679755359888077,-0.34880489110946655,-0.4848387837409973,-0.00023963607964105904,-0.33834072947502136,-0.23021121323108673,-0.00026813746080733836,-0.28950804471969604,-0.10812951624393463,-0.00025800385628826916,-0.02441634237766266,-0.5371595025062561,-0.00013781622692476958,-0.16045024991035461,-0.436006098985672,-0.0002702055498957634,-0.17789049446582794,-0.19881878793239594,-0.000242176276515238,-0.14649805426597595,-0.09417732059955597,-0.00018841408018488437,0.13952195644378662,-0.44995829463005066,-0.00017743791977409273,0.03139244019985199,-0.394149512052536,-0.0002607769856695086,-0.02441634237766266,-0.23021121323108673,-0.00023185870668385178,-0.02441634237766266,-0.15347415208816528,-0.0001875887392088771,-0.933888232708998,-0.9616495075073038,-0.9949548654517923,0.19570879962965448,-0.4757688687148905,-0.9429433610683433,0.5596489652904907,-0.6539416421246469,-0.9341757828466729,0.7012456024211124,-0.7205442283558321,-0.9466498335470009,-0.9760786946917837,-0.9999232023830752,0.552075165088336,0.4699685896778111,1.0,0.3090420224296184,0.1741582107101662,0.1554043333854213,0.4360200701186371,0.6966829792841751,0.3655435588827514,0.3261689668401182,0.27088922677469174,1.0,0.0,0.0,0.0,1.0
1,0.0,0.0,0.0,-0.1889915019273758,-0.01399936992675066,-8.607564814155921e-05,-0.3884825110435486,-0.06649700552225113,-0.00015940713637974113,-0.5004774928092957,-0.11199495941400528,-0.00023259986483026296,-0.43398046493530273,-0.1819918155670166,-0.00030205040820874274,-0.3779830038547516,-0.524976372718811,-8.05630479590036e-05,-0.5074771642684937,-0.6264718174934387,-0.00017837967607192695,-0.6229719519615173,-0.6684699058532715,-0.00024254331947304308,-0.7209675312042236,-0.6929688453674316,-0.000282761495327577,-0.20649071037769318,-0.584473729133606,-9.281111852033064e-05,-0.33598488569259644,-0.49697762727737427,-0.00020462389511521906,-0.32198551297187805,-0.24848881363868713,-0.00022306256869342178,-0.2764875590801239,-0.14699338376522064,-0.00021037210535723716,-0.024498896673321724,-0.5564749836921692,-0.0001202826970256865,-0.14349354803562164,-0.4444800019264221,-0.00023290344688575715,-0.15049323439598083,-0.22049008309841156,-0.00019931291171815246,-0.12599432468414307,-0.13299401104450226,-0.0001472423755330965,0.14699338376522064,-0.4689789116382599,-0.00015684527170378715,0.05599747970700264,-0.40598171949386597,-0.000223453578655608,0.00699968496337533,-0.24848881363868713,-0.00018906912009697407,0.0,-0.1749921292066574,-0.00014454581832978874,-0.9605010565040658,-0.9504850123671276,-0.994618364209474,0.25186578886540395,-0.5123637629895038,-0.9340735204817876,0.652673083358116,-0.7077752144443796,-0.9540721817712027,0.7890608565045821,-0.7877595019056041,-0.9787201742093545,-0.9832321367202852,-0.991747634123984,0.36522958572259895,0.4705955232818885,1.0,0.31313331710583275,0.18319934074621794,0.17499217907812345,0.4203565539325326,0.6825334809686985,0.3350861027692098,0.2959004537896999,0.26839390573687716,1.0,0.0,0.0,0.0,1.0
1,0.0,0.0,0.0,-0.1943187713623047,-0.021590974181890488,-7.618094969075173e-05,-0.4066300392150879,-0.08996239304542542,-0.00014317160821519792,-0.4893954396247864,-0.14034134149551392,-0.0002102165308315307,-0.41022852063179016,-0.1943187713623047,-0.0002743862278293818,-0.3850390613079071,-0.557766854763031,-7.521659426856786e-05,-0.5001909136772156,-0.6549262404441833,-0.00017029725131578743,-0.6081457734107971,-0.6909111738204956,-0.0002369802095927298,-0.7053051590919495,-0.7089036703109741,-0.0002804898249451071,-0.19791726768016815,-0.6153427958488464,-9.378456161357462e-05,-0.30947065353393555,-0.5397743582725525,-0.00020022864919155836,-0.3022736608982086,-0.29147815704345703,-0.00022104036179371178,-0.2626901865005493,-0.19072027504444122,-0.0002120858698617667,-0.003598495852202177,-0.5757593512535095,-0.00012630803394131362,-0.10435637831687927,-0.4678044617176056,-0.00023054779740050435,-0.11875036358833313,-0.2446977198123932,-0.00019714338122867048,-0.09356088936328888,-0.16912929713726044,-0.00014856607594992965,0.17992478609085083,-0.48219844698905945,-0.00016722778673283756,0.08996239304542542,-0.424622505903244,-0.00022504449589177966,0.04678044468164444,-0.266288697719574,-0.0001857639872469008,0.050378940999507904,-0.212311252951622,-0.00014045831630937755,-0.9648981815147943,-0.9289967084022732,-0.9904049057844062,0.2804108467634907,-0.5366250203367946,-0.9409549468123376,0.7267762507901546,-0.773467495155541,-0.9263554851638034,0.7994906127209603,-0.7416755484428603,-0.9451245857406252,-0.9798895330712214,-0.9724578664143995,0.41285628756603504,0.4539243349487103,1.0,0.3246234883775328,0.19328316838946338,0.21820660645965578,0.41427998730950394,0.6770201208496307,0.31332058975884874,0.2773541908013231,0.2684332859983833,1.0,0.0,0.0,0.0,1.0
1,0.0,0.0,0.0,-0.2376367598772049,-0.028194190934300423,-9.207151015289128e-05,-0.4470793306827545,-0.12083224952220917,-0.00017319795733783394,-0.41082963347435,-0.18930386006832123,-0.0002516282838769257,-0.25374773144721985,-0.22555352747440338,-0.0003261287056375295,-0.4229128658771515,-0.6162444949150085,-9.995799337048084e-05,-0.4954122304916382,-0.7370766997337341,-0.00021792716870550066,-0.5759670734405518,-0.7813818454742432,-0.0003052779065910727,-0.6484664082527161,-0.7612431645393372,-0.00035876562469638884,-0.1973593384027481,-0.6927715539932251,-0.00011952689237659797,-0.24166449904441833,-0.624299943447113,-0.0002517101529520005,-0.21347030997276306,-0.3504135310649872,-0.0002837786159943789,-0.18930386006832123,-0.20944257080554962,-0.0002760140341706574,0.020138708874583244,-0.6524941325187683,-0.00015497267304454,-0.012083224952220917,-0.5518006086349487,-0.00027376439538784325,-0.012083224952220917,-0.3101361095905304,-0.0002421674143988639,-0.016110965982079506,-0.21347030997276306,-0.0001920356589835137,0.22152578830718994,-0.5598560571670532,-0.00020087408483959734,0.19333159923553467,-0.4672180414199829,-0.00027037764084525406,0.15305417776107788,-0.29402512311935425,-0.00023263460025191307,0.12888772785663605,-0.22958126664161682,-0.00018528760119806975,-0.9981376076312062,-0.8640512444391322,-0.7152671944913721,0.6586012092254723,-0.7795269585217541,-0.9977430242216014,0.961372063057822,-0.9524234633060157,-0.9991329505638317,0.9966931930322113,-0.9977596960560536,-0.9915261917104035,-0.9558237810657473,0.07040193067914007,-0.654633831785962,0.3395031685830746,1.0,0.28231579532194184,0.21407748424466294,0.2632862280872167,0.33072358178919464,0.6277501661990394,0.3159527477862202,0.29684979915068094,0.3425210247853978,1.0,0.0,0.0,0.0,0.0
1,0.0,0.0,0.0,-0.26179030537605286,-0.018054503947496414,-0.0001164580971817486,-0.4919852316379547,-0.11284065246582031,-0.00021539072622545063,-0.41976723074913025,-0.1895722895860672,-0.00030751980375498533,-0.20311316847801208,-0.23470856249332428,-0.0003914333356078714,-0.4423353672027588,-0.6138531565666199,-0.00016666800365783274,-0.5055261254310608,-0.8079390525817871,-0.00031537507311441004,-0.48295798897743225,-0.8756434321403503,-0.00040643199463374913,-0.43330809473991394,-0.8350208401679993,-0.0004538551438599825,-0.20311316847801208,-0.7312074303627014,-0.0001766938657965511,-0.13540878891944885,-0.658989429473877,-0.0003545480140019208,-0.08124526590108871,-0.35206282138824463,-0.0003907920327037573,-0.07221801578998566,-0.16249053180217743,-0.0003735516802407801,0.0315953828394413,-0.722180187702179,-0.0002030208706855774,0.12186790257692337,-0.5642032623291016,-0.0003683100803755224,0.1263815313577652,-0.2978993356227875,-0.0003429790085647255,0.10381340235471725,-0.16700416803359985,-0.00028328390908427536,0.24824944138526917,-0.6499621272087097,-0.0002401587989879772,0.34303557872772217,-0.5326078534126282,-0.0003545281651895493,0.3159538209438324,-0.3340083360671997,-0.0003302509430795908,0.26179030537605286,-0.23470856249332428,-0.0002798271307256073,-0.9524392977034823,-0.8041762164465127,0.35599399599858617,0.8859729778217893,-0.8372941089197494,-0.9919350949642536,0.8457274304961183,-0.8765259628940573,-0.9824392500093219,0.5025424399321453,-0.6859106790836966,-0.9345445418622805,-0.9486832294515997,0.35647918349621543,-0.81947805053406,0.3103920289760248,0.9407528724984658,0.17781664289418642,0.19664102085527208,0.3515997008179983,0.33498284042455745,0.46341563363703797,0.3809511494470574,0.4159448028491163,0.455500706287161,0.0,0.0,0.0,0.0,0.0
1,0.0,0.0,0.0,-0.26377299427986145,-0.027765577659010887,-0.00014424996334128082,-0.4905252158641815,-0.12957268953323364,-0.000261629291344434,-0.4118560552597046,-0.21749702095985413,-0.00036884486326016486,-0.19435904920101166,-0.2684005796909332,-0.0004658843099605292,-0.42111125588417053,-0.6663738489151001,-0.00017782080976758152,-0.46738722920417786,-0.8375949263572693,-0.00032392702996730804,-0.42111125588417053,-0.9070088863372803,-0.0004136059433221817,-0.34706971049308777,-0.8792433142662048,-0.0004623319546226412,-0.17584866285324097,-0.7820637822151184,-0.00017931751790456474,-0.07866913825273514,-0.6663738489151001,-0.0003510965616442263,-0.041648365557193756,-0.35169732570648193,-0.00038641560240648687,-0.0509035587310791,-0.17584866285324097,-0.0003713320766109973,0.06478634476661682,-0.7635533809661865,-0.00020007864804938436,0.18047624826431274,-0.5691943168640137,-0.0003659576177597046,0.15733827650547028,-0.29616615176200867,-0.000342128099873662,0.1018071174621582,-0.16196587681770325,-0.00028483555070124567,0.28228336572647095,-0.6756290793418884,-0.0002345503307878971,0.3933456838130951,-0.5506839752197266,-0.00035041122464463115,0.35169732570648193,-0.342442125082016,-0.00032539188396185637,0.27765578031539917,-0.23600740730762482,-0.0002742506330832839,-0.9554503501014753,-0.658504855331804,-0.22723009967283306,0.8881521219634975,-0.8356111883622459,-0.9856368302658746,0.8129726447524793,-0.8130321347734092,-0.9530034643970456,0.4335154346182987,-0.6026024435474682,-0.9169586834129723,-0.950134901081031,0.30305235386466056,-0.8190792406887138,0.3313827725978739,0.9452652719291829,0.18306845659326554,0.19130528987580564,0.3644067898338624,0.34117920242316124,0.42343611027711064,0.4016764303562859,0.44241073080376525,0.47326256129432603,0.0,0.0,0.0,0.0,0.0
1,0.0,0.0,0.0,-0.26925820112228394,-0.04642383009195328,-0.0001431052660336718,-0.4874502122402191,-0.1578410267829895,-0.0002616973652038723,-0.3899601697921753,-0.2321191430091858,-0.0003733664925675839,-0.16248340904712677,-0.26461583375930786,-0.00047466380055993795,-0.4038873016834259,-0.6685031652450562,-0.00016807297652121633,-0.45031115412712097,-0.858840823173523,-0.00031912600388750434,-0.3713906407356262,-0.9284765720367432,-0.0004080413200426847,-0.26925820112228394,-0.891337513923645,-0.00045425418647937477,-0.15319862961769104,-0.7613508105278015,-0.00017075326468329877,-0.051066212356090546,-0.6824302673339844,-0.0003468855866231024,-0.02321191504597664,-0.3574634790420532,-0.0003768668684642762,-0.04642383009195328,-0.19033770263195038,-0.00035616906825453043,0.08356289565563202,-0.7381389141082764,-0.0001946828415384516,0.20426484942436218,-0.5942249894142151,-0.00036837506922893226,0.17641055583953857,-0.3063972592353821,-0.0003377309476491064,0.1160595715045929,-0.17641055583953857,-0.0002726223028730601,0.301754891872406,-0.6592183709144592,-0.00023213813256006688,0.42245686054229736,-0.5849402546882629,-0.0003538260352797806,0.3713906407356262,-0.36674824357032776,-0.00032403977820649743,0.27854296565055847,-0.2599734365940094,-0.0002676622534636408,-0.9540728996339283,-0.46510050860600705,-0.4785882213497005,0.7555247861691645,-0.6767897623783423,-0.9751251787544861,0.6890411672774515,-0.7007292641792066,-0.9433545640442156,0.1220722403628202,-0.31622752167485857,-0.8842834760861266,-0.9549257349162765,0.43280041477646475,-0.8731446171354288,0.3105199247879561,0.931119096503422,0.19591768384080116,0.21116481196138978,0.38101502965809464,0.32697677420122623,0.4017312101647332,0.3752986848092866,0.4170968488239051,0.43728196327689217,0.0,0.0,0.0,0.0,0.0
1,0.0,0.0,0.0,-0.2700362801551819,-0.032590582966804504,-0.00015679828356951475,-0.48885875940322876,-0.14898552000522614,-0.0002777575864456594,-0.3678080141544342,-0.23278988897800446,-0.0003879582218360156,-0.13967393338680267,-0.2840036451816559,-0.00048727088142186403,-0.39108699560165405,-0.6657790541648865,-0.00018017918046098202,-0.4283334016799927,-0.8752899765968323,-0.00034028032678179443,-0.33987322449684143,-0.9404711127281189,-0.000436294823884964,-0.23278988897800446,-0.8939131498336792,-0.000486255856230855,-0.13501814007759094,-0.7588950395584106,-0.00017470288730692118,-0.032590582966804504,-0.7030254602432251,-0.0003564040525816381,-0.004655797500163317,-0.3631522059440613,-0.00038339250022545457,-0.032590582966804504,-0.1908877044916153,-0.0003606365353334695,0.09777174890041351,-0.740271806716919,-0.00019323079322930425,0.21416670083999634,-0.6192210912704468,-0.00037640411756001413,0.19554349780082703,-0.3165942430496216,-0.0003416830732021481,0.1257065385580063,-0.17226451635360718,-0.0002724832156673074,0.31193843483924866,-0.6611232757568359,-0.00022611484746448696,0.4329891800880432,-0.6145653128623962,-0.00036017538513988256,0.39108699560165405,-0.3817754089832306,-0.0003321630647405982,0.3026268482208252,-0.26538047194480896,-0.0002756212779786438,-0.9375862732547887,-0.44313026587372667,-0.5017688031155759,0.6252228288880753,-0.549155564265391,-0.9706757540675754,0.6238718257543234,-0.6768991537124797,-0.9252125980760875,-0.07361930904826318,-0.18795601457990035,-0.8907619136774875,-0.9327809728365334,0.4585818619492547,-0.9269049943731229,0.316491907304898,0.9237272837516738,0.1936501848899274,0.21325400162671593,0.4025044946392897,0.3043470569818743,0.38979237526456867,0.3744421173507392,0.42024513269300484,0.442848442262134,0.0,0.0,0.0,0.0,0.0
1,0.0,0.0,0.0,-0.2652539908885956,-0.03257505223155022,-0.00015463915769942105,-0.48862579464912415,-0.1442609429359436,-0.0002751795982476324,-0.37693989276885986,-0.2280253767967224,-0.00038548666634596884,-0.14891453087329865,-0.2792147397994995,-0.00048530808999203146,-0.4048613905906677,-0.6654617786407471,-0.0001817074662540108,-0.4420900046825409,-0.8748728632926941,-0.0003387193428352475,-0.35367199778556824,-0.9353693723678589,-0.00043273516348563135,-0.2373325377702713,-0.902794361114502,-0.0004829037352465093,-0.14891453087329865,-0.7631869912147522,-0.00017736811423674226,-0.03722863271832466,-0.6933832764625549,-0.0003580472257453948,-0.004653579089790583,-0.35367199778556824,-0.00038491314626298845,-0.02792147360742092,-0.186143159866333,-0.00036268719122745097,0.08841799944639206,-0.744572639465332,-0.00019616931967902929,0.21406464278697968,-0.6096188426017761,-0.000378233176888898,0.1954503208398819,-0.307136207818985,-0.0003443363239057362,0.13030020892620087,-0.16752885282039642,-0.0002762309741228819,0.2978290617465973,-0.6701154112815857,-0.00022947344405110925,0.42812928557395935,-0.6049652695655823,-0.0003640181093942374,0.3909006416797638,-0.37693989276885986,-0.0003376510867383331,0.30248263478279114,-0.2559468448162079,-0.0002820611698552966,-0.9321001780995197,-0.4115106905712594,-0.6424855552890404,0.6825884694695677,-0.6085221701149295,-0.9728384695249486,0.6464330701084672,-0.6886573489922756,-0.9304465803265678,0.045407354378401606,-0.2972488185740469,-0.8919113607251731,-0.9422693479301048,0.44721303258909956,-0.911995944283128,0.3164437300094781,0.9334691431978188,0.188225967845882,0.2122360384817812,0.3962380965771029,0.3116121339574083,0.3913901331854095,0.3825650482811666,0.4332950316283749,0.4590015539386565,0.0,0.0,0.0,0.0,0.0
1,0.0,0.0,0.0,-0.25509750843048096,-0.027828820049762726,-0.0001570511085446924,-0.47308993339538574,-0.13914410769939423,-0.000278550578514114,-0.3756890892982483,-0.21799242496490479,-0.0003880266158375889,-0.14842037856578827,-0.259735643863678,-0.0004856980813201517,-0.3942416310310364,-0.6725298166275024,-0.00018280890071764588,-0.4452611207962036,-0.8719696998596191,-0.00033834640635177493,-0.36177465319633484,-0.9322654604911804,-0.0004274714447092265,-0.2458212524652481,-0.8951603770256042,-0.00047321661259047687,-0.13914410769939423,-0.7652925848960876,-0.0001769915543263778,-0.05101950466632843,-0.7096349000930786,-0.00035677783307619393,-0.023190682753920555,-0.36641278862953186,-0.00037619067006744444,-0.03246695548295975,-0.19480174779891968,-0.000347140827216208,0.09740087389945984,-0.7421018481254578,-0.0001953445898834616,0.20871615409851074,-0.6029577851295471,-0.0003752118209376931,0.18088732659816742,-0.3061170279979706,-0.00033550357329659164,0.129867821931839,-0.17161105573177338,-0.0002637891157064587,0.3153932988643646,-0.6632535457611084,-0.00022897614690009505,0.43598484992980957,-0.589043378829956,-0.0003597628092393279,0.38496536016464233,-0.36177465319633484,-0.00033179629826918244,0.30147889256477356,-0.25045937299728394,-0.00027663461514748633,-0.9611182122373149,-0.3663119854282643,-0.5936672047330028,0.6766238464844341,-0.6005744915243144,-0.9909139780485382,0.6929339863505795,-0.719149742526933,-0.9640192105612226,0.10756991642033478,-0.3248242954380199,-0.9119960706796736,-0.9346721336854831,0.40607276634465495,-0.8781225862092767,0.2991512201294681,0.928299753740531,0.19748909256542124,0.21521170982317386,0.39194321906052254,0.3329718753512078,0.39467800420840704,0.37392709117431994,0.4258406268958143,0.4552468214014454,0.0,0.0,0.0,0.0,0.0
1,0.0,0.0,0.0,-0.24285875260829926,-0.022911204025149345,-0.0001580783282406628,-0.4536418318748474,-0.12830273807048798,-0.0002805599942803383,-0.3849082291126251,-0.21536532044410706,-0.00039189582457765937,-0.17412514984607697,-0.26576995849609375,-0.0004910828429274261,-0.3986549377441406,-0.6781716346740723,-0.0001602068659849465,-0.4490596055984497,-0.852296769618988,-0.0003091132966801524,-0.3894904553890228,-0.9210304021835327,-0.00039714309968985617,-0.29326340556144714,-0.8797902464866638,-0.00044222641736268997,-0.14663170278072357,-0.7789809107780457,-0.00015562197950202972,-0.07331585139036179,-0.6965005993843079,-0.00033207423985004425,-0.04582240805029869,-0.36199700832366943,-0.00035459650098346174,-0.04124016687273979,-0.19245411455631256,-0.0003247052081860602,0.08706257492303848,-0.7560697197914124,-0.00017623593157622963,0.18328963220119476,-0.591109037399292,-0.00034939200850203633,0.15579618513584137,-0.30701014399528503,-0.00031114640296436846,0.11913826316595078,-0.17870739102363586,-0.00023988141037989408,0.30701014399528503,-0.6598426699638367,-0.00021314162586349994,0.4032371938228607,-0.5407044291496277,-0.0003341655828990042,0.34825029969215393,-0.32533907890319824,-0.0003062737232539803,0.27951669692993164,-0.23369428515434265,-0.0002514482184778899,-0.9689970186465863,-0.5437796027824189,-0.30429586977863154,0.8574068441840864,-0.7993183170613819,-0.9984885615466333,0.8004672038701766,-0.8112269230726101,-0.9835151089306213,0.44026701135199503,-0.598320558357925,-0.9235641578213769,-0.932476939628207,0.2032158111059668,-0.7851956752545198,0.3177317880296931,0.927380405760719,0.1968233778181819,0.21477968767403388,0.3643386567901255,0.34071437955616957,0.4028810866712352,0.3823171136302155,0.4231499646941762,0.46062612303738737,0.0,0.0,0.0,0.0,0.0
1,0.0,0.0,0.0,-0.23525293171405792,-0.018451210111379623,-0.0001946229167515412,-0.4520546495914459,-0.13838407397270203,-0.00033550348598510027,-0.3828625977039337,-0.24447853863239288,-0.0004566381685435772,-0.16144809126853943,-0.3136705756187439,-0.0005657228757627308,-0.37824979424476624,-0.6919203996658325,-0.00020935690554324538,-0.4105394184589386,-0.8210788369178772,-0.00037846469786018133,-0.39670100808143616,-0.9179477095603943,-0.0004829524550586939,-0.35057300329208374,-0.9317861199378967,-0.0005431891186162829,-0.1199328675866127,-0.7934020161628723,-0.00019462719501461834,-0.05996643379330635,-0.7334356307983398,-0.0003951823164243251,-0.032289616763591766,-0.3828625977039337,-0.00042159727308899164,-0.023064013570547104,-0.20757611095905304,-0.0003915297274943441,0.1199328675866127,-0.7611123919487,-0.00020749805844388902,0.20296330749988556,-0.6365667581558228,-0.0004049493290949613,0.17528650164604187,-0.3367345929145813,-0.00036095286486670375,0.13838407397270203,-0.20757611095905304,-0.0002816396008711308,0.3367345929145813,-0.6688563823699951,-0.00023895720369182527,0.44282904267311096,-0.5858259201049805,-0.0003807747270911932,0.3828625977039337,-0.37363702058792114,-0.0003530506510287523,0.30444496870040894,-0.2721553444862366,-0.00029584881849586964,-0.9675866096546514,-0.9260924765234919,-0.4199177971494759,0.8048484979214319,-0.7605625284269634,-0.9996567211190027,0.7355658201418168,-0.7775408140941652,-0.9827048919128619,0.1963590384373144,-0.37891140096141185,-0.927748370418659,-0.9102043884739445,0.07254737140240138,-0.7712399869842367,0.35278183962388654,0.9955536598318554,0.2088538977709879,0.24947559073906125,0.4083569037717277,0.3098762512392297,0.48863076076823264,0.3757721936045368,0.40311773816700647,0.4409896874273047,1.0,0.0,0.0,0.0,0.0
1,0.0,0.0,0.0,-0.18953487277030945,-0.03218516707420349,-0.00012619451445061713,-0.3504607081413269,-0.15734970569610596,-0.00020714329730253667,-0.3003948926925659,-0.2717858552932739,-0.00027680821949616075,-0.15019744634628296,-0.3397323191165924,-0.00034092142595909536,-0.2932426333427429,-0.532843291759491,-0.0001266873732674867,-0.3254278004169464,-0.7116497755050659,-0.00023095760843716562,-0.3361561894416809,-0.8296620845794678,-0.00029853187152184546,-0.3397323191165924,-0.9405220746994019,-0.00034639236400835216,-0.09655550122261047,-0.5864852666854858,-0.00012403083383105695,-0.07152259349822998,-0.6472794413566589,-0.0002776896290015429,-0.03933742642402649,-0.3754936158657074,-0.00030725772376172245,-0.03218516707420349,-0.22529615461826324,-0.00028948497492820024,0.08582711219787598,-0.5650284886360168,-0.0001375491701764986,0.12516453862190247,-0.568604588508606,-0.0002907059097196907,0.11443614214658737,-0.3218516707420349,-0.00026112652267329395,0.08940324187278748,-0.20026326179504395,-0.00019917641475331038,0.25032907724380493,-0.4935058653354645,-0.00016160710947588086,0.3075471520423889,-0.525691032409668,-0.0002676370495464653,0.2646335959434509,-0.3540368378162384,-0.00024286795814987272,0.20741552114486694,-0.26105746626853943,-0.00019696236995514482,-0.9476481306432963,-0.9961801696639685,-0.9982944049890254,-0.8505421714093284,0.8734832950809501,-0.9975307844598092,-0.23906750012112707,0.1337085970737358,-0.9872918878895194,-0.8315075801528247,0.6870106858027967,-0.9533422019682707,-0.8809944097745684,-0.24607912266121615,-0.7427998680161935,0.3714531322182447,1.0,0.2275836821191012,0.21931336413627053,0.33342499748171417,0.16922475485319785,0.6026753962876047,0.2113683497473911,0.25572799522949907,0.27936048418314613,1.0,0.0,0.0,0.0,0.0
1,0.0,0.0,0.0,-0.16973915696144104,-0.028289860114455223,-0.00010810998355736956,-0.3174750804901123,-0.14773593842983246,-0.0001815913274185732,-0.28918522596359253,-0.26718202233314514,-0.00024727557320147753,-0.15402257442474365,-0.3426216244697571,-0.00030885598971508443,-0.24832209944725037,-0.48092761635780334,-0.00011664466001093388,-0.2954718768596649,-0.6978165507316589,-0.00020631005463656038,-0.3143317699432373,-0.8266925811767578,-0.00026163202710449696,-0.3237617313861847,-0.9461386203765869,-0.00030070357024669647,-0.07858294248580933,-0.49664419889450073,-0.00011559781705727801,-0.07229630649089813,-0.6098036170005798,-0.0002496947709005326,-0.05343640223145485,-0.38034144043922424,-0.0002722182252909988,-0.047149766236543655,-0.23889215290546417,-0.00025449792155995965,0.07543962448835373,-0.46521103382110596,-0.0001276218972634524,0.09429953247308731,-0.5500805974006653,-0.0002564208989497274,0.08172626048326492,-0.3394783139228821,-0.00022383977193385363,0.05972303822636604,-0.2200322449207306,-0.0001665535382926464,0.2200322449207306,-0.402344673871994,-0.00014853160246275365,0.25460875034332275,-0.5029308199882507,-0.00023420181241817772,0.2168889194726944,-0.35519489645957947,-0.00020519900135695934,0.16973915696144104,-0.26403868198394775,-0.0001615595683688298,-0.9657252836590885,-0.9976376224026055,-0.9977879642650775,-0.9775220237821457,0.9905601679782756,-0.9992934762689298,-0.9983230824518214,0.9873791697992907,-0.9925016644391893,-0.9856953286931285,0.9967115930609575,-0.974263322145629,-0.8704108292230903,-0.43257966648770035,-0.6754891581205275,0.37564961388646567,1.0,0.24350076750748753,0.22799353820280271,0.31389144905912464,0.15007701934280024,0.6586729401282767,0.1363983279445054,0.16296094815233197,0.20495685036644862,1.0,0.0,0.0,0.0,1.0
1,0.0,0.0,0.0,-0.16596762835979462,-0.035564493387937546,-0.00010305239266017452,-0.3082256019115448,-0.15114909410476685,-0.00017186264449264854,-0.2815522253513336,-0.26673370599746704,-0.00023453579342458397,-0.1600402146577835,-0.33786267042160034,-0.0002932193165179342,-0.24598774313926697,-0.4741932451725006,-0.00010820326133398339,-0.29340705275535583,-0.6964713335037231,-0.00019151846936438233,-0.31118929386138916,-0.8239107131958008,-0.00024131407553795725,-0.31711673736572266,-0.9483864903450012,-0.0002768939593806863,-0.08594752103090286,-0.4860480725765228,-0.00010744753672042862,-0.08298381417989731,-0.5957052707672119,-0.00023915889323689044,-0.06520156562328339,-0.38231828808784485,-0.00026358378818258643,-0.06223786249756813,-0.2430240362882614,-0.0002478906244505197,0.06223786249756813,-0.45344728231430054,-0.00011891969916177914,0.07409269362688065,-0.5393947958946228,-0.00024802645202726126,0.06520156562328339,-0.33786267042160034,-0.00022086504031904042,0.04741932451725006,-0.21635065972805023,-0.00016643542039673775,0.19560471177101135,-0.3912094235420227,-0.000138510309625417,0.2252417802810669,-0.49197548627853394,-0.00022580398945137858,0.1926410049200058,-0.35564491152763367,-0.00020214531105011702,0.15114909410476685,-0.2637699842453003,-0.0001616753579583019,-0.9642090574897797,-0.997441944473533,-0.9958573080276991,-0.9796586493527722,0.993937411649042,-0.9980868389195556,-0.9999990277537983,0.9956797736069178,-0.9948814578655568,-0.9842711461628483,0.998682735985454,-0.9821037947661849,-0.8910136298598065,-0.4399273792668529,-0.6862992037857735,0.3738504304421838,1.0,0.25086707534020275,0.22148641047586737,0.304007689287519,0.1470502072958329,0.6606293302326314,0.12713033449070002,0.15745181012915482,0.1923407448034043,1.0,0.0,0.0,0.0,1.0
1,0.0,0.0,0.0,-0.1667429506778717,-0.046805039048194885,-9.65002691373229e-05,-0.29838213324546814,-0.1608923226594925,-0.00016211188631132245,-0.2691289782524109,-0.2691289782524109,-0.00022300631098914891,-0.14919106662273407,-0.3364112079143524,-0.00028051072149537504,-0.23987582325935364,-0.47682633996009827,-0.00010326611663913354,-0.2866808772087097,-0.6991502642631531,-0.00018622043717186898,-0.30715805292129517,-0.8278641104698181,-0.000236423104070127,-0.318859338760376,-0.9478020071983337,-0.000272030767519027,-0.07898350059986115,-0.4856022894382477,-0.00010475501767359674,-0.07898350059986115,-0.6026148796081543,-0.0002313528530066833,-0.06143161281943321,-0.3919922113418579,-0.0002546111063566059,-0.04973035305738449,-0.2603530287742615,-0.00024004110309761018,0.06728224456310272,-0.4534238278865814,-0.00011801227810792625,0.08190881460905075,-0.5411832332611084,-0.00024164447677321732,0.07020755857229233,-0.3422618508338928,-0.00021408082102425396,0.0526556670665741,-0.225249245762825,-0.00016115367179736495,0.19892141222953796,-0.3890668749809265,-0.00013917568139731884,0.23402519524097443,-0.4973035454750061,-0.0002208142395829782,0.19892141222953796,-0.36566436290740967,-0.00019588063878472894,0.1579670011997223,-0.2779049277305603,-0.00015599792823195457,-0.9667483200543995,-0.9987638724529085,-0.9981695697072086,-0.9870287881623931,0.9965450954601891,-0.99998481593311,-0.9998402707987665,0.9943448718059292,-0.9959406250716093,-0.9873847575348864,0.998594760807515,-0.984547486771413,-0.9045678497749299,-0.4350799835286234,-0.6998549828724958,0.3680089119976389,1.0,0.26506010920473444,0.2313219918459346,0.31966348076231377,0.14082060806163157,0.6628891020145553,0.10799614945423969,0.14972123448504218,0.18786620558675515,1.0,0.0,0.0,0.0,1.0
1,0.0,0.0,0.0,-0.1706935465335846,-0.05496910959482193,-9.134039282798767e-05,-0.30088353157043457,-0.1649073213338852,-0.0001546389248687774,-0.26905933022499084,-0.27195242047309875,-0.00021455604291986674,-0.15333488583564758,-0.3413870930671692,-0.00027122392202727497,-0.24302132427692413,-0.47736331820487976,-9.809932089410722e-05,-0.29509732127189636,-0.7001328468322754,-0.00017974028014577925,-0.31534910202026367,-0.8245366215705872,-0.000229970712098293,-0.3240284323692322,-0.946047306060791,-0.00026553808129392564,-0.08390022069215775,-0.48314952850341797,-0.00010078246123157442,-0.08679333329200745,-0.6017670631408691,-0.00022434612037613988,-0.07232777774333954,-0.3934631049633026,-0.0002472959749866277,-0.05786221846938133,-0.25748687982559204,-0.00023355160374194384,0.06364843994379044,-0.45132532715797424,-0.0001149391318904236,0.07232777774333954,-0.5410117506980896,-0.00023425994731951505,0.05786221846938133,-0.3442802131175995,-0.0002065695880446583,0.04339666664600372,-0.22566266357898712,-0.0001544160913908854,0.1909453272819519,-0.3847837746143341,-0.00013690159539692104,0.22276954352855682,-0.500508189201355,-0.0002145123726222664,0.1822659969329834,-0.370318204164505,-0.00018934284162241966,0.14465555548667908,-0.28063178062438965,-0.00015002721920609474,-0.9710397132069347,-0.9976707236412975,-0.9959466840391126,-0.989133478659586,0.998989452342915,-0.9993284734028385,-0.9990478526538314,0.9997330456591247,-0.9988503123937196,-0.9815730282398978,0.9994470533334879,-0.9954470957831374,-0.9250181444118829,-0.4007035612022122,-0.7375228468096677,0.37424162668273325,1.0,0.2639082858741172,0.22979757758460548,0.3157205151305608,0.14002311098428638,0.6633799408381404,0.11069857753021839,0.14564857760085098,0.1775163699862337,1.0,0.0,0.0,0.0,1.0
1,0.0,0.0,0.0,-0.17038579285144806,-0.06353368610143661,-8.71931915753521e-05,-0.2974531650543213,-0.17327368259429932,-0.00014734978321939707,-0.2656863033771515,-0.2772378921508789,-0.00020506996952462941,-0.14728263020515442,-0.3407715857028961,-0.00025965823442675173,-0.2454710453748703,-0.48227840662002563,-9.165954543277621e-05,-0.29456526041030884,-0.7046462893486023,-0.00017043914704117924,-0.31189262866973877,-0.8288257718086243,-0.0002192874380853027,-0.32055631279945374,-0.9472294449806213,-0.0002539268753025681,-0.08663684129714966,-0.4851663112640381,-9.569674875820056e-05,-0.08663684129714966,-0.597794234752655,-0.0002172852837247774,-0.06930947303771973,-0.3927536904811859,-0.00024099134316202253,-0.057757895439863205,-0.259910523891449,-0.00022793417156208307,0.057757895439863205,-0.44762367010116577,-0.0001108748183469288,0.06930947303771973,-0.5400363206863403,-0.000227493277634494,0.05486999824643135,-0.3436594605445862,-0.0002007438597502187,0.04043052718043327,-0.22814367711544037,-0.00014972013013903052,0.18482525646686554,-0.3812021017074585,-0.00013360321463551372,0.21659210324287415,-0.49382999539375305,-0.00020746191148646176,0.17904947698116302,-0.366762638092041,-0.0001810779795050621,0.1415068358182907,-0.28012579679489136,-0.0001415337173966691,-0.9680370519959406,-0.9969084365108289,-0.9978491797042184,-0.9844271440579686,0.9964476286134245,-0.9999971056362269,-0.999991668090196,0.9987013838993999,-0.9987018273637233,-0.9844566240270929,0.9999234405225434,-0.9926126254402239,-0.9374914967826152,-0.40393280124514214,-0.7096713465693857,0.3712378182364277,1.0,0.2662508194031132,0.23169849155796668,0.31383859710783973,0.13069127129236285,0.6612963851785995,0.1070393293224076,0.14350252549778023,0.1779702801014641,1.0,0.0,0.0,0.0,1.0
1,0.0,0.0,0.0,-0.16829688847064972,-0.05609896034002304,-8.825207623885944e-05,-0.29525768756866455,-0.17715461552143097,-0.00014749888214282691,-0.2509690523147583,-0.2745896577835083,-0.00020279204181861132,-0.13877111673355103,-0.34249892830848694,-0.0002556638792157173,-0.2391587346792221,-0.4901277720928192,-9.883801976684481e-05,-0.28344738483428955,-0.7056658864021301,-0.0001804226340027526,-0.30116283893585205,-0.8296741247177124,-0.0002324443921679631,-0.3100205659866333,-0.9507297873497009,-0.00027034684899263084,-0.07381442189216614,-0.49308034777641296,-0.00010400518658570945,-0.06790927052497864,-0.6052782535552979,-0.00022966870164964348,-0.05314638465642929,-0.3867875933647156,-0.00025366226327605546,-0.04428865388035774,-0.2509690523147583,-0.00024049212515819818,0.07676699757575989,-0.4517442584037781,-0.00012011246144538745,0.08562473207712173,-0.5403215885162354,-0.0002392661990597844,0.07086184620857239,-0.33659377694129944,-0.00020938075613230467,0.05609896034002304,-0.21849068999290466,-0.0001570167951285839,0.2096329629421234,-0.38383498787879944,-0.0001437650789739564,0.23620615899562836,-0.4842226207256317,-0.00022009357053320855,0.19191749393939972,-0.34840407967567444,-0.00019166078709531575,0.15353399515151978,-0.2627793550491333,-0.00015121801698114723,-0.968588982924871,-0.9981545649578013,-0.9976303086258349,-0.9798309646741766,0.9928021996795628,-0.9999972862478588,-0.9976433447905148,0.9996257907347137,-0.9986472680511833,-0.9710724338232551,0.9984073635571923,-0.9943655963270364,-0.9048186592759145,-0.32873684470903186,-0.8253987274516871,0.36954431487474165,1.0,0.25484702249087277,0.2255777159013316,0.3043446978591475,0.13513916613849827,0.6613487603555995,0.119332465587359,0.15771517733392612,0.18822718515292075,1.0,0.0,0.0,0.0,1.0
1,0.0,0.0,0.0,-0.1800464689731598,-0.055650729686021805,-0.00011933375208172947,-0.33390435576438904,-0.17022575438022614,-0.0002015635254792869,-0.31426292657852173,-0.2520650625228882,-0.00027615917497314513,-0.18986718356609344,-0.30444222688674927,-0.0003466597117949277,-0.2749800682067871,-0.5368658304214478,-0.00013079539348836988,-0.3077158033847809,-0.7201858758926392,-0.00022597657516598701,-0.31753650307655334,-0.8347609043121338,-0.0002872736949939281,-0.31426292657852173,-0.9493359327316284,-0.0003319809911772609,-0.08838645368814468,-0.5761486887931824,-0.00012864447489846498,-0.06874501705169678,-0.5925166010856628,-0.00027313362807035446,-0.04910358414053917,-0.34045150876045227,-0.0003028229402843863,-0.042556438595056534,-0.19314076006412506,-0.00029046161216683686,0.07856573164463043,-0.5401394367218018,-0.0001401533663738519,0.108027882874012,-0.5237715840339661,-0.000282518332824111,0.08838645368814468,-0.2880743443965912,-0.00025679878308437765,0.06219787150621414,-0.16695217788219452,-0.00020269201195333153,0.22587648034095764,-0.46484726667404175,-0.00016175577184185386,0.2749800682067871,-0.4877622723579407,-0.0002564938913565129,0.22915005683898926,-0.3273572325706482,-0.00023245895863510668,0.17022575438022614,-0.2389707714319229,-0.00019119805074296892,-0.9563219115953874,-0.9958438298557504,-0.9935011611983592,-0.5162852443144907,0.5785592734935486,-0.9994439184546751,0.35475530464791244,-0.4113664766670314,-0.99158828112888,-0.7764058941467775,0.6555613656833643,-0.9524241913391692,-0.9426505362814773,-0.39359898733873155,-0.5924266145918401,0.35879622692025664,1.0,0.19777383250115385,0.17816185740859514,0.2934005320753737,0.21427092886413995,0.6065403012629548,0.2325048252423111,0.26709859078948156,0.25926024439902257,1.0,0.0,0.0,0.0,0.0
1,0.0,0.0,0.0,-0.20311139523983002,-0.038893669843673706,-0.00016445459914393723,-0.4105443060398102,-0.11668101698160172,-0.00030351371970027685,-0.39757975935935974,-0.19446834921836853,-0.0004329815274104476,-0.22471898794174194,-0.2506481111049652,-0.0005505672888830304,-0.35868608951568604,-0.678478479385376,-0.00018679718778003007,-0.40622279047966003,-0.8513392210006714,-0.0003511924296617508,-0.4105443060398102,-0.9118404984474182,-0.00045210012467578053,-0.38893669843673706,-0.8556607365608215,-0.0005059824325144291,-0.11668101698160172,-0.7821949124336243,-0.00018168021051678807,-0.07778733968734741,-0.6395848393440247,-0.00036117868148721755,-0.06482278555631638,-0.3241139352321625,-0.0003914348199032247,-0.06482278555631638,-0.1642177253961563,-0.0003732818877324462,0.10803797841072083,-0.7562658190727234,-0.00020107363525312394,0.15989620983600616,-0.5272253155708313,-0.0003679471556097269,0.12100253254175186,-0.27225568890571594,-0.0003329177270643413,0.08210886269807816,-0.1642177253961563,-0.0002706389641389251,0.31114935874938965,-0.6611924171447754,-0.0002383444516453892,0.36732912063598633,-0.48401013016700745,-0.00034927649539895356,0.30250632762908936,-0.29386329650878906,-0.00032345455838367343,0.23768354952335358,-0.2203974723815918,-0.00027471542125567794,-0.9763430486907689,-0.9806464614375909,0.9565467550690245,0.9930246883970049,-0.9747535406155973,-0.999156659193057,0.9342810062434814,-0.9308598220807686,-0.981206154273349,0.7338059379534378,-0.8047160979586719,-0.9232171101326893,-0.9856572078711343,-0.19241520643344912,-0.46123001832317473,0.3366353912202528,0.9399081624457518,0.1765491289899834,0.1836011884704806,0.324142840921335,0.3888265561879898,0.47018860091217707,0.4148839257771725,0.4218652798628002,0.43376083198736465,0.0,0.0,0.0,0.0,0.0
1,0.0,0.0,0.0,-0.2567577362060547,0.02185172215104103,-0.0002111338690156117,-0.49712666869163513,0.005462930537760258,-0.0003978412423748523,-0.45342323184013367,0.02185172215104103,-0.0005697961896657944,-0.26768359541893005,0.010925861075520515,-0.0007292239461094141,-0.5353671908378601,-0.6937921643257141,-0.0002920744300354272,-0.5572189092636108,-0.8303654193878174,-0.0005421436508186162,-0.5299042463302612,-0.8303654193878174,-0.0007041128119453788,-0.4752749502658844,-0.6828662753105164,-0.000788679055403918,-0.24036893248558044,-0.857680082321167,-0.0002941390557680279,-0.16935084760189056,-0.5845335721969604,-0.0005409792065620422,-0.1311103254556656,-0.1857396364212036,-0.0005885285791009665,-0.10379567742347717,0.005462930537760258,-0.0005767584079876542,0.05462930351495743,-0.8358283638954163,-0.00032766940421424806,0.158424973487854,-0.4807378649711609,-0.000557198072783649,0.1256473958492279,-0.1256473958492279,-0.0005109262419864535,0.07648102194070816,0.0327775813639164,-0.00043455525883473456,0.3223128914833069,-0.7156438827514648,-0.000383925304049626,0.4151827096939087,-0.4097197651863098,-0.0005560631980188191,0.355090469121933,-0.14203618466854095,-0.0005287626991048455,0.2786094546318054,-0.03824051097035408,-0.00046812891378067434,-0.8782708360087484,0.15797675323825527,-0.34731140602901134,0.9998212311181213,-0.9874222875729238,-0.9989284385442202,0.9394916702363572,-0.9299820006589257,-0.9782650984893181,0.753187404738333,-0.8700171575348388,-0.9154393350677497,-0.988321527364956,0.9580354939408195,-0.9140913397354156,0.26790746411534305,0.8319815492729041,0.10394093748405785,0.08321001256033847,0.2812219397137096,0.6588830718179948,0.40038967224752037,0.6265131923565656,0.6717876359189003,0.6837816838455775,0.0,0.0,0.0,0.0,0.0
1,0.0,0.0,0.0,-0.2604289650917053,0.07622310519218445,-0.00027477022376842797,-0.5145059823989868,0.12703850865364075,-0.0005249649402685463,-0.47004249691963196,0.19690969586372375,-0.0007536501507274806,-0.2604289650917053,0.20961354672908783,-0.0009693544707261026,-0.578025221824646,-0.6351925730705261,-0.00045980571303516626,-0.6161367893218994,-0.787638783454895,-0.0008056285441853106,-0.5716733336448669,-0.7495272159576416,-0.0010059329215437174,-0.48909828066825867,-0.5653213858604431,-0.0011016379576176405,-0.2413731813430786,-0.8257503509521484,-0.0004574817430693656,-0.1524462103843689,-0.4827463626861572,-0.000772997154854238,-0.11433466523885727,-0.03175962716341019,-0.0008053355850279331,-0.1016308143734932,0.12703850865364075,-0.0007736585685051978,0.11433466523885727,-0.787638783454895,-0.0004926242982037365,0.2540770173072815,-0.36841168999671936,-0.0007775364792905748,0.17785392701625824,0.038111552596092224,-0.0006874753744341433,0.09527888894081116,0.1715019941329956,-0.0005725493538193405,0.4319309592247009,-0.6351925730705261,-0.0005574644892476499,0.5526175498962402,-0.27948471903800964,-0.0007835932192392647,0.4763944149017334,0.01270385179668665,-0.0007435794686898589,0.40017130970954895,0.1206865906715393,-0.0006607640534639359,-0.8807577407612516,0.8154928161292379,-0.9044279729360885,0.9995274592165795,-0.9856913140313461,-0.9999900262518968,0.8934146350821618,-0.8741569477245975,-0.9327029992954098,0.6024129487812017,-0.8352104869390643,-0.9360795988459272,-0.9961887768320158,0.36098987344264516,-0.586929833061673,0.3343082544891442,0.7475336808787322,0.16269052215260266,0.19619206966880837,0.4179746142016366,0.8128530833193037,0.4346228800947051,0.7053613079368735,0.7631250532469054,0.8326256522776203,0.0,0.0,0.0,0.0,0.0
1,0.0,0.0,0.0,-0.3113527297973633,0.012454109266400337,-0.0002517396933399141,-0.6351595520973206,-0.024908218532800674,-0.00045034466893412173,-0.5977972149848938,0.03736232593655586,-0.0006319752428680658,-0.2926715612411499,0.04981643706560135,-0.0007937523769214749,-0.535526692867279,-0.8032900094985962,-0.00037111411802470684,-0.560434877872467,-0.828198254108429,-0.0006314203492365777,-0.5043914318084717,-0.6787489652633667,-0.0007664368022233248,-0.46080201864242554,-0.5230726003646851,-0.000834888604003936,-0.1868116408586502,-0.9527393579483032,-0.00036360256490297616,-0.11831403523683548,-0.535526692867279,-0.0006296579958871007,-0.0996328741312027,-0.10585992783308029,-0.0006771709304302931,-0.11831403523683548,0.024908218532800674,-0.000671462039463222,0.14944930374622345,-0.9091499447822571,-0.0003860902797896415,0.24908217787742615,-0.44834792613983154,-0.0006452540401369333,0.1868116408586502,-0.05604349076747894,-0.0006190912681631744,0.0934058204293251,0.05604349076747894,-0.0005549396155402064,0.44212087988853455,-0.7597006559371948,-0.00043334506335668266,0.560434877872467,-0.3798503279685974,-0.0006209000130183995,0.4732561409473419,-0.08717876672744751,-0.0006112611154094338,0.34871506690979004,0.006227054633200169,-0.0005645180935971439,-0.980556692057027,0.9103350680586993,-0.9963246592486239,0.9995222376667868,-0.9928949434580325,-0.9828721739053315,0.9301899647827115,-0.9321987182391835,-0.8590826435518004,0.6756087590175583,-0.8301303364102787,-0.8034126551809382,-0.9880337445664441,0.6093904888301258,-0.5490378572945075,0.2968820639432298,0.6970969265890553,0.12090939785819578,0.10893037540009415,0.34877111260900623,0.7816341134191238,0.46382339398414996,0.7158416566914326,0.7506026948049666,0.7863130983833945,0.0,0.0,0.0,0.0,0.0
1,0.0,0.0,0.0,-0.25442859530448914,0.06663606315851212,-0.0002470901235938072,-0.49674156308174133,0.1029830053448677,-0.0004737475828733295,-0.49068373441696167,0.15144559741020203,-0.0006814085063524544,-0.2907755672931671,0.1575034260749817,-0.0008745754021219909,-0.5754932761192322,-0.6178980469703674,-0.0004088100395165384,-0.6239559054374695,-0.7814593315124512,-0.0007281717844307423,-0.5754932761192322,-0.7511701583862305,-0.0009098242153413594,-0.4846259355545044,-0.5633776187896729,-0.0009925835765898228,-0.26654425263404846,-0.8117484450340271,-0.0004060861247126013,-0.18173472583293915,-0.502799391746521,-0.0006997696473263204,-0.1393299549818039,-0.07269389182329178,-0.0007256804383359849,-0.12721429765224457,0.09692518413066864,-0.0006879862630739808,0.06057824194431305,-0.7875171303749084,-0.0004383429477456957,0.19990819692611694,-0.38770073652267456,-0.0007055904134176672,0.13327212631702423,-0.00605782400816679,-0.0006214380264282227,0.06663606315851212,0.13327212631702423,-0.0005087560275569558,0.35741162300109863,-0.6481871604919434,-0.0004974002367816865,0.47856810688972473,-0.2907755672931671,-0.0007088922429829836,0.40587422251701355,-0.00605782400816679,-0.0006722186808474362,0.32106468081474304,0.1029830053448677,-0.0005910460604354739,-0.8952402802383045,0.7490573259502832,-0.8464352329157939,0.9987812421518985,-0.9856457522615396,-0.9996363598125713,0.9162825601762574,-0.8736287280622529,-0.9629001571097129,0.6743247756833952,-0.8382088969224613,-0.916695799913616,-0.9942530607604573,-0.024536193088791035,-0.15403571799003843,0.3306939811650626,0.7431403942503174,0.1599326185391822,0.14900364018506979,0.3371770758095047,0.7590521191384387,0.3999343803514122,0.671336054498232,0.7223955174172609,0.7885314158111648,0.0,0.0,0.0,0.0,0.0
1,0.0,0.0,0.0,-0.3170393109321594,0.006216457113623619,-0.0002336346951778978,-0.6340786218643188,-0.031082285568118095,-0.00042019507964141667,-0.5967798829078674,0.04351520165801048,-0.0005926979938521981,-0.2859570384025574,0.06216457113623619,-0.0007482984219677746,-0.528398871421814,-0.7894901037216187,-0.0003517209552228451,-0.5532646775245667,-0.8330052495002747,-0.0006062674219720066,-0.5035330653190613,-0.6900267601013184,-0.0007419080939143896,-0.4600178301334381,-0.5346153378486633,-0.0008115226519294083,-0.17406080663204193,-0.9386850595474243,-0.0003515389980748296,-0.11189623177051544,-0.528398871421814,-0.0006128759123384953,-0.09324686229228973,-0.09324686229228973,-0.0006622141227126122,-0.11189623177051544,0.04973165690898895,-0.0006583917420357466,0.16784434020519257,-0.8889533877372742,-0.00037992498255334795,0.25487473607063293,-0.4351520240306854,-0.000637199729681015,0.19271017611026764,-0.04351520165801048,-0.000614218064583838,0.0994633138179779,0.0808139443397522,-0.0005516477394849062,0.4600178301334381,-0.7397584319114685,-0.0004310429794713855,0.5719140768051147,-0.36677098274230957,-0.0006205152603797615,0.4848836660385132,-0.07459748536348343,-0.00061131821712479,0.3605545163154602,0.031082285568118095,-0.0005643221666105092,-0.9974926908726268,0.9830271327178981,-0.998095390250353,0.9994558762568863,-0.9942230209255183,-0.9851530634925599,0.9301056265484768,-0.9404319976513993,-0.884168852156808,0.6616439019859448,-0.8359358388725945,-0.8382128258760324,-0.9906691412700716,0.5486539666414556,-0.49997997293934454,0.2926370039893424,0.7052876026847552,0.12245177517057647,0.12815673542655004,0.3618922470620609,0.7820136024842305,0.4656356146392181,0.727600725038343,0.7608385577432105,0.7965114762482974,0.0,0.0,0.0,0.0,0.0
1,0.0,0.0,0.0,-0.23529405891895294,0.05294116213917732,-0.00025565215037204325,-0.46470576524734497,0.08235292136669159,-0.000483155861729756,-0.45294106006622314,0.11176467686891556,-0.0006897183484397829,-0.28235286474227905,0.10588232427835464,-0.0008834722684696317,-0.5647057294845581,-0.6352939605712891,-0.0004149839805904776,-0.5999998450279236,-0.7999997735023499,-0.000728534534573555,-0.5470587015151978,-0.7764703631401062,-0.0009082425385713577,-0.46470576524734497,-0.5941174626350403,-0.0009902589954435825,-0.2529411017894745,-0.8235291838645935,-0.00040696095675230026,-0.176470547914505,-0.5352939963340759,-0.000697196286637336,-0.1352940797805786,-0.11176467686891556,-0.0007272538496181369,-0.11176467686891556,0.06470586359500885,-0.0006932893302291632,0.07647056877613068,-0.7999997735023499,-0.0004335418634582311,0.19999994337558746,-0.41176459193229675,-0.0006973533309064806,0.14117643237113953,-0.041176460683345795,-0.0006172651192173362,0.07647056877613068,0.10588232427835464,-0.0005085626617074013,0.37058812379837036,-0.6705880761146545,-0.0004870304255746305,0.4823528230190277,-0.32941168546676636,-0.0006941429455764592,0.41176459193229675,-0.04705880954861641,-0.0006570549448952079,0.32352933287620544,0.07058821618556976,-0.0005770885036326945,-0.8700213927500646,0.5885836318988894,-0.7462530024331324,0.9992515857240681,-0.9868393895177605,-0.9993651685420666,0.9197501073908845,-0.8936105344851316,-0.9671338944649172,0.6811739204433644,-0.8464316407866815,-0.9216353262368084,-0.9956035908377827,0.2502946427090484,-0.3391726168480755,0.30155427329902024,0.7542731554081218,0.1291459352885701,0.13061038595480903,0.3311408329303967,0.7224267697250987,0.3906756078359426,0.6516765410452788,0.7079653909215435,0.767513203112469,0.0,0.0,0.0,0.0,0.0
1,0.0,0.0,0.0,-0.31021741032600403,-0.005853158887475729,-0.00021752057364210486,-0.6262879967689514,-0.0526784285902977,-0.0003914123517461121,-0.6145817041397095,0.011706317774951458,-0.0005545721505768597,-0.30436426401138306,0.040972113609313965,-0.0007020376506261528,-0.5150780081748962,-0.7667638063430786,-0.0003180238709319383,-0.5560501217842102,-0.8311485648155212,-0.0005531010101549327,-0.5092248320579529,-0.7257916927337646,-0.0006745353457517922,-0.46239954233169556,-0.6145817041397095,-0.0007356142741627991,-0.18144792318344116,-0.9013864994049072,-0.0003180961939506233,-0.1580352932214737,-0.5267843008041382,-0.0005556136602535844,-0.14632897078990936,-0.1229163408279419,-0.000587870308663696,-0.1580352932214737,-0.011706317774951458,-0.0005728601827286184,0.14632897078990936,-0.8487080335617065,-0.00034660514211282134,0.20486056804656982,-0.4331337511539459,-0.00058030488435179,0.1404758095741272,-0.058531589806079865,-0.0005453237681649625,0.0702379047870636,0.029265794903039932,-0.0004769056395161897,0.4331337511539459,-0.702379047870636,-0.00039788117283023894,0.5092248320579529,-0.35704270005226135,-0.0005626493948511779,0.4155742824077606,-0.07609106600284576,-0.0005427740979939699,0.3160705864429474,0.011706317774951458,-0.0004912379081360996,-0.9996891347060594,0.9889848691462186,-0.9998056549805141,0.9907352192430297,-0.9994407318217667,-0.991054911308709,0.9521316348589925,-0.9522918240705263,-0.8754022801069961,0.7182874644102091,-0.8584151107075408,-0.8647888425533171,-0.9917919903011733,0.3211364819326068,-0.2705025904512871,0.3071104323787148,0.7691062956200713,0.15846930284479635,0.07609256182787608,0.316287676651553,0.7402106997881248,0.4399616261557323,0.6463170942767098,0.6795968879728641,0.7382409210437121,0.0,0.0,0.0,0.0,0.0
1,0.0,0.0,0.0,-0.24433773756027222,0.04767565801739693,-0.00022193080803845078,-0.47675657272338867,0.06555403023958206,-0.0004318576247896999,-0.47675657272338867,0.11322968453168869,-0.0006280072848312557,-0.32181069254875183,0.13110806047916412,-0.0008124301093630493,-0.5601889491081238,-0.6436213850975037,-0.000369159592082724,-0.6019051671028137,-0.7985672354698181,-0.0006886319606564939,-0.5542294979095459,-0.7508915662765503,-0.0008837302448228002,-0.4648376405239105,-0.5780673027038574,-0.000977477291598916,-0.2502971887588501,-0.8283645510673523,-0.0003745602152775973,-0.17878371477127075,-0.5184727907180786,-0.0006497998838312924,-0.14302696287631989,-0.09535131603479385,-0.0006731750909239054,-0.11918914318084717,0.06555403023958206,-0.0006410450441762805,0.07151348143815994,-0.804526686668396,-0.0004160273529123515,0.20262153446674347,-0.3933241665363312,-0.0006611809367313981,0.137067511677742,-0.023837829008698463,-0.0005744443042203784,0.07747294008731842,0.10131076723337173,-0.0004684041196014732,0.37544578313827515,-0.6734186410903931,-0.0004841902700718492,0.48271602392196655,-0.3098917603492737,-0.0006719223456457257,0.39928361773490906,-0.03575674071907997,-0.0006290357559919357,0.32181069254875183,0.053635112941265106,-0.0005512461648322642,-0.8990465136568252,0.8666112719353155,-0.9529231198457571,0.99777976122016,-0.9898649138425574,-0.9980305729554392,0.9221059888257271,-0.885027434314037,-0.9640829662263363,0.6998995346772179,-0.8351560452775192,-0.9136385980089251,-0.9932877972906139,-0.0766995221809739,-0.11462792037051478,0.34749401539968944,0.7417795348266227,0.13602864651415503,0.12753881180961127,0.326250127876075,0.7629093455245647,0.39231379538463984,0.6571863626133551,0.7074214499896563,0.7549115552231409,0.0,0.0,0.0,0.0,0.0
1,0.0,0.0,0.0,-0.24280132353305817,0.022072847932577133,-0.00016496286843903363,-0.43042051792144775,0.03310927003622055,-0.00032610175549052656,-0.491120845079422,0.049663905054330826,-0.0004760170995723456,-0.5849304795265198,0.12140066176652908,-0.0006241555092856288,-0.5959668755531311,-0.7063311338424683,-0.0002614712284412235,-0.6732218265533447,-0.739440381526947,-0.00047830899711698294,-0.6732218265533447,-0.6235579252243042,-0.0006318409577943385,-0.6456307768821716,-0.45801159739494324,-0.0007089574355632067,-0.31453806161880493,-0.8277317881584167,-0.0002751932479441166,-0.28142881393432617,-0.5297483205795288,-0.00045890032197348773,-0.25935596227645874,-0.18210099637508392,-0.000507712597027421,-0.23176489770412445,0.027591058984398842,-0.0005114755476824939,-0.016554635018110275,-0.7780678868293762,-0.0003100886824540794,0.016554635018110275,-0.44145694375038147,-0.00046939781168475747,-0.011036423966288567,-0.1324370801448822,-0.000434563378803432,-0.016554635018110275,0.049663905054330826,-0.0003809313056990504,0.27039238810539246,-0.6511489748954773,-0.00036321088555268943,0.28142881393432617,-0.3807566165924072,-0.00046918229782022536,0.23176489770412445,-0.14347350597381592,-0.0004277331754565239,0.1986556202173233,-0.005518211983144283,-0.00036792512401007116,-0.8937968278818004,0.39391421149291045,-0.9863934621807259,0.9682929800553322,-0.9988838013291148,-0.9977280107598899,0.9970540889868003,-0.9825486197032262,-0.9982744324234655,0.9071303392014561,-0.96962125480116,-0.9995730975739667,-0.9994911183774224,-0.97854870893638,-0.9261980432894927,0.5973961527278967,0.7915896611329899,0.23340200084015988,0.05235174142037877,0.19873258623826878,0.845947702110529,0.5316306974446863,0.6283256223249796,0.6524945330246067,0.6735158754263003,0.0,0.0,0.0,0.0,1.0
1,0.0,0.0,0.0,-0.23838995397090912,-0.015547171235084534,-0.00013861723709851503,-0.44568556547164917,-0.015547171235084534,-0.000283596949884668,-0.5337861776351929,0.015547171235084534,-0.00041876346222124994,-0.5648805499076843,0.05182390287518501,-0.0005531490314751863,-0.5286037921905518,-0.7307170629501343,-0.00023828177654650062,-0.6477987766265869,-0.761811375617981,-0.0004183701821602881,-0.7462642192840576,-0.6426163911819458,-0.0005495668738149107,-0.8084529042243958,-0.4975094795227051,-0.0006259700166992843,-0.24875473976135254,-0.8240000605583191,-0.00025941201602108777,-0.3213081955909729,-0.5545157790184021,-0.00041685428004711866,-0.3109434247016907,-0.22284278273582458,-0.0004593557969201356,-0.2798490822315216,-0.03627673164010048,-0.0004677141550928354,0.031094342470169067,-0.7514466047286987,-0.00029631980578415096,-0.062188684940338135,-0.43532079458236694,-0.00041593945934437215,-0.07255346328020096,-0.16583648324012756,-0.00037450381205417216,-0.05182390287518501,-0.04145912081003189,-0.00033143378095701337,0.29021385312080383,-0.606339693069458,-0.0003507213550619781,0.19693082571029663,-0.34203776717185974,-0.000435551512055099,0.15028931200504303,-0.1399245411157608,-0.00039470917545259,0.1399245411157608,-0.05182390287518501,-0.0003441707231104374,-0.7716575346599344,-0.42165050970278833,-0.9595055238303904,0.849276854265735,-0.9570243232392482,-0.9910476647102024,0.9699954228233066,-0.9692832336100039,-0.9793468211759733,0.9942683809458134,-0.9936790445799479,-0.9939900031523003,-0.9978801484687048,-0.9429901842114325,-0.8663855787439406,0.5672530911594919,0.9492692573451859,0.28219094217241286,0.06636780436856145,0.14921364446759117,0.7916638923818957,0.7222610929611822,0.5778801701926838,0.542473364098504,0.5788273545058312,0.0,0.0,0.0,0.0,1.0
1,0.0,0.0,0.0,-0.22654303908348083,-0.016780966892838478,-0.00011854194599436596,-0.4153289198875427,-0.04195241630077362,-0.0002327529073227197,-0.5244051814079285,-0.025171449407935143,-0.00033920840360224247,-0.6292862296104431,0.0,-0.0004399468598421663,-0.4488908350467682,-0.662848174571991,-0.0001940259971888736,-0.6376767158508301,-0.654457688331604,-0.0003422225418034941,-0.7845101952552795,-0.5537719130516052,-0.0004342085449025035,-0.8935864567756653,-0.4488908350467682,-0.00048573798267170787,-0.22234781086444855,-0.7131910920143127,-0.00021095453121233732,-0.4195241630077362,-0.4027431905269623,-0.0003343910211697221,-0.4195241630077362,-0.10068579763174057,-0.0003479716833680868,-0.36918124556541443,-0.012585724703967571,-0.0003425652685109526,0.0,-0.6125052571296692,-0.00024372598272748291,-0.19298110902309418,-0.28947165608406067,-0.00034915609285235405,-0.22654303908348083,-0.050342898815870285,-0.00029429266578517854,-0.19717635214328766,0.0,-0.00024352245964109898,0.19717635214328766,-0.4488908350467682,-0.00029194599483162165,0.033561933785676956,-0.21815256774425507,-0.00036677325260825455,-0.03775717318058014,-0.050342898815870285,-0.00032412493601441383,-0.033561933785676956,-0.0041952417232096195,-0.00027490578941069543,-0.5234156656976581,-0.8490253264025446,-0.986464536010958,0.6463008933824543,-0.8441308206240432,-0.8682431624646195,0.8584749196225899,-0.9214236686621575,-0.7853626144580735,0.9794816779491754,-0.976991047922444,-0.8811388821302519,-0.9982827278184356,-0.9596050621863998,-0.9965661544874485,0.6292864299656602,1.0,0.3693958995507988,0.19717651458489155,0.03382423531070112,0.7233989829919109,0.7997060847134605,0.5484611984963296,0.4981185235125828,0.4871577379085297,1.0,0.0,0.0,0.0,1.0
1,0.0,0.0,0.0,-0.2180376797914505,-0.02180376835167408,-8.58051935210824e-05,-0.4215395152568817,-0.06541130691766739,-0.00017755261796992272,-0.5559960603713989,-0.0508754588663578,-0.0002683385100681335,-0.5887017250061035,-0.0036339613143354654,-0.00035665775067172945,-0.3997357487678528,-0.5596300363540649,-0.00014148747141007334,-0.6105055212974548,-0.5523621439933777,-0.00027571036480367184,-0.7885696291923523,-0.4869508147239685,-0.0003555777366273105,-0.9084903597831726,-0.4179055690765381,-0.0004006408271379769,-0.21440371870994568,-0.5777998566627502,-0.0001631872437428683,-0.4542451798915863,-0.30888670682907104,-0.0002819357323460281,-0.44697725772857666,-0.0254377294331789,-0.0002824811963364482,-0.37429800629615784,0.0254377294331789,-0.0002623688196763396,-0.036339614540338516,-0.4833168685436249,-0.0002005520072998479,-0.2689131498336792,-0.18896599113941193,-0.000302756525343284,-0.2870829403400421,0.0254377294331789,-0.00024667964316904545,-0.2325735241174698,0.036339614540338516,-0.00019078227342106402,0.1162867620587349,-0.3379583954811096,-0.00024998007575049996,-0.07267922908067703,-0.12718865275382996,-0.0003168292751070112,-0.14172449707984924,0.029071690514683723,-0.00027524889446794987,-0.12718865275382996,0.054509419947862625,-0.00022817502031102777,-0.5528498256050032,-0.9499953578148663,-0.9855238836798056,0.4681170801353741,-0.7289887762611007,-0.5942729411178117,0.7359437912118596,-0.8341833529915162,-0.11261261438539547,0.9212512328805619,-0.950845133798498,-0.5936485398619269,-0.9937986703984457,-0.9496174404380916,-0.6542834584827378,0.5887130500223074,1.0,0.37516151154959376,0.23539550769715997,0.1383773178175782,0.6187238949039038,0.80207869287404,0.49555286660751274,0.44616396276564774,0.44671419162381226,1.0,0.0,0.0,0.0,1.0
1,0.0,0.0,0.0,-0.22928151488304138,-0.03527407720685005,-7.048977568047121e-05,-0.4373985826969147,-0.08113037794828415,-0.00015243228699546307,-0.5820223093032837,-0.04938371106982231,-0.0002360362559556961,-0.5961319208145142,-0.010582223534584045,-0.00031935752485878766,-0.41270673274993896,-0.553803026676178,-0.00011986622121185064,-0.6208238005638123,-0.5291112065315247,-0.0002543770242482424,-0.790139377117157,-0.4620904326438904,-0.0003449237847235054,-0.9171260595321655,-0.3985970914363861,-0.0003980248875450343,-0.23633632063865662,-0.5714401006698608,-0.0001502438390161842,-0.47620007395744324,-0.3033570647239685,-0.00027411230257712305,-0.4620904326438904,-0.03527407720685005,-0.0002914501237682998,-0.3950696885585785,0.03527407720685005,-0.0002836884814314544,-0.05996593460440636,-0.47972747683525085,-0.00019528527627699077,-0.29630225896835327,-0.17989780008792877,-0.0003007784835062921,-0.3033570647239685,0.02821926213800907,-0.0002597772399894893,-0.24691854417324066,0.05643852427601814,-0.0002128433989128098,0.08465778827667236,-0.33510375022888184,-0.0002508038596715778,-0.11287704855203629,-0.13051408529281616,-0.00031247365404851735,-0.16931557655334473,0.02821926213800907,-0.0002741329954005778,-0.15167853236198425,0.06702075153589249,-0.00023187417536973953,-0.4989136180976882,-0.9666933530175029,-0.9962406217853794,0.43382896845907826,-0.7091652319011733,-0.7601971722444092,0.7025076207477748,-0.8058771098450608,-0.41665472160705114,0.8676188290568979,-0.9105264176677713,-0.7191325927001544,-0.9979383921471525,-0.9077283744847341,-0.5352940559055743,0.5962259061023575,1.0,0.3966413948762377,0.2532866263252404,0.16582585996444818,0.6037739108961357,0.7923263915838253,0.502176533802908,0.46090624929692436,0.45582462039835986,1.0,0.0,0.0,0.0,1.0
1,0.0,0.0,0.0,-0.23018690943717957,-0.04603738337755203,-6.801416020607576e-05,-0.43558448553085327,-0.0885334312915802,-0.00015093169349711388,-0.5807793140411377,-0.05312005802989006,-0.00023714125563856214,-0.5984860062599182,-0.007082674186676741,-0.0003239242359995842,-0.4214191138744354,-0.5559899210929871,-0.00012098003207938746,-0.6161926984786987,-0.5347419381141663,-0.00025844245101325214,-0.782635509967804,-0.47808051109313965,-0.0003494311240501702,-0.9101236462593079,-0.4143364429473877,-0.00040200090734288096,-0.24081093072891235,-0.5736966133117676,-0.00015335374337155372,-0.47808051109313965,-0.30101364850997925,-0.00028217671206220984,-0.45683249831199646,-0.03187203407287598,-0.00029875367181375623,-0.38954707980155945,0.03541337326169014,-0.0002881506225094199,-0.06374406814575195,-0.4851631820201874,-0.00020033786131534725,-0.2939309775829315,-0.1770668625831604,-0.00031009819940663874,-0.2939309775829315,0.028330696746706963,-0.0002683145285118371,-0.24081093072891235,0.056661393493413925,-0.00021875881066080183,0.08499209582805634,-0.34705105423927307,-0.0002575982653070241,-0.10624011605978012,-0.13457080721855164,-0.0003221702645532787,-0.15936017036437988,0.021248023957014084,-0.0002847209689207375,-0.14165349304676056,0.056661393493413925,-0.00024184393987525254,-0.5140639588540499,-0.9760154347488793,-0.9908301480001387,0.4415388769787279,-0.7003925086167364,-0.7605644810797944,0.7163088226500222,-0.801103429137669,-0.4705881856595724,0.8810849509716814,-0.9193928719874005,-0.702280068809116,-0.9999781108995937,-0.9033626943733264,-0.5699175244525132,0.5985279696254253,1.0,0.3911535953412741,0.24738728036587476,0.1525656619332839,0.6079690677684929,0.7822354301879542,0.501309737099376,0.4629474304663503,0.4492431213134937,1.0,0.0,0.0,0.0,1.0
1,0.0,0.0,0.0,-0.2324320524930954,-0.042910534888505936,-7.582970283692703e-05,-0.43983298540115356,-0.08939694613218307,-0.00016094300372060388,-0.5864439606666565,-0.05721404403448105,-0.0002482677227817476,-0.5935957431793213,-0.010727633722126484,-0.0003345578152220696,-0.42195358872413635,-0.5685645937919617,-0.00012173382128821686,-0.6078992486000061,-0.5506851673126221,-0.0002612078678794205,-0.7759655117988586,-0.4863193929195404,-0.0003545817453414202,-0.9082729816436768,-0.41837769746780396,-0.00040882121538743377,-0.239583820104599,-0.5935957431793213,-0.000150556763401255,-0.4684399962425232,-0.30394962430000305,-0.000278760795481503,-0.44698473811149597,-0.032182902097702026,-0.0002989531494677067,-0.3790430426597595,0.032182902097702026,-0.0002926794986706227,-0.05721404403448105,-0.5041987895965576,-0.0001950910227606073,-0.27891847491264343,-0.18952152132987976,-0.0003051581443287432,-0.28607022762298584,0.021455267444252968,-0.0002656231226865202,-0.2360079437494278,0.05006229132413864,-0.00021853490034118295,0.09654869884252548,-0.3575877845287323,-0.00025071794516406953,-0.08582106977701187,-0.14661099016666412,-0.0003156393358949572,-0.14661099016666412,0.010727633722126484,-0.0002794827159959823,-0.1358833611011505,0.04648641124367714,-0.00023790146224200726,-0.5163570297015834,-0.963800695364597,-0.9941031025044673,0.49556758817593743,-0.7334086694622621,-0.7427456604652687,0.7473296826787722,-0.8365256999916783,-0.4664390474650232,0.9008434624491769,-0.941378346852884,-0.7898983271716911,-0.999280657275379,-0.9062035754637687,-0.36043551109599814,0.5936927355378178,1.0,0.38040697654115885,0.24125924415929767,0.14361521980823308,0.6126918782350738,0.7839502690202043,0.5057344124988105,0.46833468941981904,0.45142091163932524,1.0,0.0,0.0,0.0,1.0
1,0.0,0.0,0.0,-0.21479669213294983,-0.03169131651520729,-7.608842861372977e-05,-0.4119870960712433,-0.07042514532804489,-0.00016489050176460296,-0.5563586354255676,-0.05281886085867882,-0.00025551117141731083,-0.5774862170219421,-0.024648800492286682,-0.0003462802560534328,-0.40846583247184753,-0.5422736406326294,-0.0001303088793065399,-0.6091775298118591,-0.5493161678314209,-0.00027063849847763777,-0.7781978845596313,-0.5035398006439209,-0.00036302299122326076,-0.8979206085205078,-0.4401571750640869,-0.00041494143079034984,-0.23592424392700195,-0.5669224262237549,-0.0001592318876646459,-0.46128469705581665,-0.3274769186973572,-0.00028930779080837965,-0.4507209360599518,-0.049297600984573364,-0.00030333807808347046,-0.38381704688072205,0.03169131651520729,-0.00028989120619371533,-0.05986137315630913,-0.4894547760486603,-0.00020365066302474588,-0.2852218449115753,-0.22183920443058014,-0.00031675511854700744,-0.29226434230804443,-0.0035212573129683733,-0.00027132511604577303,-0.23592424392700195,0.04577634483575821,-0.00021818150707986206,0.08803143352270126,-0.35212573409080505,-0.00025890907272696495,-0.09507394582033157,-0.16902035474777222,-0.00032516801729798317,-0.1549353152513504,-0.0035212573129683733,-0.00028462556656450033,-0.13732904195785522,0.0387338288128376,-0.00023892190074548125,-0.6292975863398702,-0.9554658766503524,-0.9753684646836817,0.4089852529487485,-0.701667729349787,-0.7945743841319797,0.6810571247740651,-0.7852811578429882,-0.6338981707843453,0.8574924741197449,-0.9054587625323937,-0.7372177933832704,-0.9988732924667421,-0.9507000259142809,-0.6924302325235151,0.5780121079756242,1.0,0.3851232789301516,0.2403243064220284,0.14268717720957338,0.5830360356110356,0.7762886713153252,0.49583553940260916,0.4502590436661481,0.4291203239883397,1.0,0.0,0.0,0.0,1.0
1,0.0,0.0,0.0,-0.1827392727136612,-0.0372246652841568,-7.551664748461917e-05,-0.3553263545036316,-0.094753697514534,-0.000157434114953503,-0.4839206635951996,-0.094753697514534,-0.00023887050338089466,-0.494072824716568,-0.0879855751991272,-0.0003202418447472155,-0.3384060561656952,-0.5380656123161316,-0.00012923369649797678,-0.5279134511947632,-0.5989786982536316,-0.0002646606008056551,-0.6937323808670044,-0.5989786982536316,-0.000357878947397694,-0.8155585527420044,-0.5786743760108948,-0.0004125498526263982,-0.1692030280828476,-0.5685221552848816,-0.00015196822641883045,-0.3823988437652588,-0.372246652841568,-0.00028058214229531586,-0.3959350883960724,-0.1184421181678772,-0.00029715229175053537,-0.3451741635799408,-0.0236884243786335,-0.00028709147591143847,-0.0033840604592114687,-0.494072824716568,-0.00018910280778072774,-0.216579869389534,-0.2842610776424408,-0.000303118780720979,-0.247036412358284,-0.0710652694106102,-0.00026022142264992,-0.2030436247587204,-0.0033840604592114687,-0.0002079272089758888,0.1387464851140976,-0.3688625991344452,-0.00023611521464772522,-0.03045654483139515,-0.2267320603132248,-0.00030836343648843467,-0.1015218123793602,-0.0744493305683136,-0.0002724897931329906,-0.0913696363568306,-0.0169203020632267,-0.00022840739984530956,-0.7658867253556724,-0.9520286182229306,-0.9863939438666648,0.43930791699385147,-0.7155297247260037,-0.8550795570260872,0.696529118882739,-0.7951743735983725,-0.7529438191974543,0.8715891657606157,-0.9066551470809356,-0.818902851762654,-0.992713001747199,-0.9486833452592268,-0.8320358504163272,0.5018461140620891,1.0,0.3459861580689209,0.2030719271898232,0.0929234067145428,0.5192979644206851,0.7637950449868957,0.4586414579220043,0.4111481443538095,0.3773638749062536,1.0,0.0,0.0,0.0,1.0
1,0.0,0.0,0.0,-0.17234943807125092,-0.02418939396739006,-7.334637484746054e-05,-0.32958048582077026,-0.08768655359745026,-0.0001448465627618134,-0.4293617606163025,-0.1209469735622406,-0.00021567176736425608,-0.4142433702945709,-0.19653883576393127,-0.00028604731778614223,-0.2570123076438904,-0.4989062547683716,-0.00010578254295978695,-0.4142433702945709,-0.6168295741081238,-0.00020909192971885204,-0.5442613959312439,-0.7045161128044128,-0.00027912872610613704,-0.6440426111221313,-0.7649896144866943,-0.00032417301554232836,-0.10885227471590042,-0.5200719833374023,-0.0001213442228618078,-0.3053911030292511,-0.4414564371109009,-0.00024266313994303346,-0.32958048582077026,-0.21165719628334045,-0.0002590455987956375,-0.28724905848503113,-0.10582859814167023,-0.00024489357019774616,0.03023674339056015,-0.45959848165512085,-0.0001486340770497918,-0.16327841579914093,-0.3658646047115326,-0.000261948152910918,-0.19956250488758087,-0.16932576894760132,-0.00022303110745269805,-0.16327841579914093,-0.08466288447380066,-0.00016895157750695944,0.15118370950222015,-0.350746214389801,-0.00018380444089416414,0.0,-0.3023674190044403,-0.00026109549799002707,-0.06652083247900009,-0.16932576894760132,-0.00022972692386247218,-0.057449810206890106,-0.10280492901802063,-0.00018501197337172925,-0.8997499677698729,-0.9987426670435201,-0.9988247688112772,0.1733028685769336,-0.4665473816187054,-0.8844961582150003,0.4940694404509579,-0.5920734265055797,-0.8323558104206534,0.6568799287544781,-0.6985365315101557,-0.8258009887721196,-0.9702881135381436,-0.998074539748089,-0.12403527187280929,0.4585031889392281,1.0,0.3061237940321188,0.18392300888075144,0.11776828742549007,0.41360331400905737,0.7265924072629454,0.3609694840320505,0.30829973592678367,0.26386197528389854,1.0,0.0,0.0,0.0,1.0
1,0.0,0.0,0.0,-0.16180388629436493,-0.03974130377173424,-7.539808575529605e-05,-0.30941444635391235,-0.11922391504049301,-0.00014121009735390544,-0.4059290289878845,-0.17031987011432648,-0.0002067180903395638,-0.3888970613479614,-0.2554798126220703,-0.0002701473713386804,-0.2270931750535965,-0.5052822828292847,-8.449426240986213e-05,-0.3747037351131439,-0.6472155451774597,-0.00017212358943652362,-0.4854116439819336,-0.7465687990188599,-0.00023388488625641912,-0.5677329301834106,-0.823212742805481,-0.00027566845528781414,-0.09367593377828598,-0.5194756388664246,-9.538156155031174e-05,-0.2753504812717438,-0.49108898639678955,-0.00021315824415069073,-0.3037371039390564,-0.27818912267684937,-0.00023739099560771137,-0.26399579644203186,-0.16180388629436493,-0.00022802292369306087,0.034063976258039474,-0.4683796465396881,-0.00011779212218243629,-0.14193323254585266,-0.43147701025009155,-0.0002279593318235129,-0.18451319634914398,-0.2412864863872528,-0.00019763404270634055,-0.15896521508693695,-0.13909456133842468,-0.00014865415869280696,0.14477188885211945,-0.37186506390571594,-0.00014815710892435163,0.008515994064509869,-0.37186506390571594,-0.0002215422282461077,-0.07096661627292633,-0.23844783008098602,-0.00019482028437778354,-0.07380528002977371,-0.15896521508693695,-0.0001542966056149453,-0.9276907206968199,-0.9994084801846067,-0.9998324455408051,-0.02341173235774338,-0.28360204442829035,-0.8953404868905955,0.27566597770858914,-0.41407993503415175,-0.8937195800436007,0.3627892163781268,-0.5118050286566523,-0.8768212569847406,-0.9681420883928058,-0.9999751777850597,-0.28547689322297654,0.4653073568262399,1.0,0.30963582310185095,0.21122798926075517,0.17526318591243384,0.37918189318692774,0.7025564094496484,0.3164106789162622,0.2678857181072982,0.2188011978388448,1.0,0.0,0.0,0.0,1.0
1,0.0,0.0,0.0,-0.16227717697620392,-0.059501633048057556,-6.399302947102115e-05,-0.30562201142311096,-0.14604945480823517,-0.00012086161586921662,-0.3975790739059448,-0.20555108785629272,-0.00017925103020388633,-0.40028369426727295,-0.27046194672584534,-0.00023570613120682538,-0.24341575801372528,-0.508468508720398,-6.832933286204934e-05,-0.3813513517379761,-0.6491087079048157,-0.00014765106607228518,-0.48412689566612244,-0.7464749813079834,-0.0002031484036706388,-0.5652654767036438,-0.824908971786499,-0.00024167768424376845,-0.11359402537345886,-0.5246962308883667,-8.305969822686166e-05,-0.2866896688938141,-0.49764999747276306,-0.00019362154125701636,-0.3083266317844391,-0.3002127707004547,-0.00021715235197916627,-0.27316656708717346,-0.18391413986682892,-0.00020958886307198554,0.005409239325672388,-0.4787176549434662,-0.00010838684829650447,-0.16498179733753204,-0.43273913860321045,-0.00021084000763949007,-0.1920279860496521,-0.254234254360199,-0.00018433603690937161,-0.16498179733753204,-0.15686793625354767,-0.000140848002047278,0.11088940501213074,-0.38946521282196045,-0.00014107888273429126,-0.024341575801372528,-0.3759421110153198,-0.00020641634182538837,-0.08925244957208633,-0.25152963399887085,-0.00018268791609443724,-0.09195706993341446,-0.1703910380601883,-0.0001474975870223716,-0.946298830951094,-0.9993255759597484,-0.9999492512791534,-0.05817500216957595,-0.26108907891624,-0.9199895708597338,0.27141474441284974,-0.4022152244034877,-0.9125505619015076,0.3681799236172457,-0.5484887497508779,-0.9015029918068387,-0.9816731813426511,-0.9995159471857998,-0.5777322406061213,0.48309084502607264,1.0,0.3293090203702394,0.22765449194412446,0.1936213550715373,0.3688649487060738,0.6819976316420024,0.2986493533484648,0.2521106317186806,0.21440319301605942,1.0,0.0,0.0,0.0,1.0
1,0.0,0.0,0.0,-0.16960935294628143,-0.06461308896541595,-5.9471047279657796e-05,-0.3203732371330261,-0.1507638692855835,-0.00011360287317074835,-0.41729286313056946,-0.2126847505569458,-0.00017067186126951128,-0.40383180975914,-0.2853744626045227,-0.0002255244762636721,-0.2503757178783417,-0.511520266532898,-6.267362914513797e-05,-0.3849863111972809,-0.6515153050422668,-0.0001402597117703408,-0.48459815979003906,-0.7430505156517029,-0.00019385911582503468,-0.5707489252090454,-0.8211246728897095,-0.0002308883413206786,-0.11845732480287552,-0.5276735424995422,-7.826504588592798e-05,-0.2907589077949524,-0.506135880947113,-0.00018520931189414114,-0.30960437655448914,-0.3069121837615967,-0.00020785414380952716,-0.2746056318283081,-0.1965314745903015,-0.000200812763068825,0.0026922121178358793,-0.4819059371948242,-0.00010416036093374714,-0.16691714525222778,-0.4415227770805359,-0.00020434544421732426,-0.1965314745903015,-0.2638367712497711,-0.00017795476014725864,-0.16960935294628143,-0.16691714525222778,-0.00013490320998243988,0.10499627143144608,-0.39575517177581787,-0.00013699884584639221,-0.02961433120071888,-0.3903707265853882,-0.00019925623200833797,-0.09422741830348969,-0.26652899384498596,-0.00017499231034889817,-0.09961184114217758,-0.18845483660697937,-0.0001398745516780764,-0.9521497844376041,-0.9980888627449809,-0.9999760360824517,-0.09632426718146242,-0.21693051350745451,-0.920530621821936,0.23705134777158626,-0.3883972954945629,-0.9064078867364636,0.294861154950742,-0.49763132805586135,-0.9163093721398958,-0.9879857806616545,-0.9987811390187794,-0.37594277673614446,0.49448839262914945,1.0,0.33768760366511535,0.23796782195381896,0.21316135755579224,0.3650039469563248,0.678595090591028,0.29044859984928606,0.24623243957722543,0.20059271715900648,1.0,0.0,0.0,0.0,1.0
1,0.0,0.0,0.0,-0.17544704675674438,-0.05938207730650902,-6.0351318097673357e-05,-0.3239022493362427,-0.14035764336585999,-0.00011545514280442148,-0.4102761745452881,-0.19704052805900574,-0.00017296784790232778,-0.4021786153316498,-0.2699185311794281,-0.00022805796470493078,-0.2591218054294586,-0.507446825504303,-7.040386844892055e-05,-0.39678025245666504,-0.6478044986724854,-0.0001515048206783831,-0.4966500997543335,-0.7368776202201843,-0.0002083061554003507,-0.5830240249633789,-0.8124548196792603,-0.0002469918108545244,-0.12686170637607574,-0.5263411402702332,-8.559695561416447e-05,-0.29960957169532776,-0.4885525703430176,-0.00019313844677526504,-0.31580469012260437,-0.294211208820343,-0.0002165086625609547,-0.28071528673171997,-0.1835446059703827,-0.00021112157264724374,-0.0026991853956133127,-0.4804550111293793,-0.00011097877722932026,-0.17274786531925201,-0.43186965584754944,-0.00021029893832746893,-0.1997397243976593,-0.25642260909080505,-0.0001834842114476487,-0.17004868388175964,-0.16195112466812134,-0.0001413580757798627,0.10256904363632202,-0.3940810561180115,-0.00014355508028529584,-0.02699185349047184,-0.383284330368042,-0.00020601310825441033,-0.09447149187326431,-0.26452016830444336,-0.0001816146104829386,-0.09717067331075668,-0.18624378740787506,-0.00014667530194856226,-0.9542761225461183,-0.9977705158131117,-0.9999549490448006,-0.021155349627256126,-0.29408590907815335,-0.9248379946070997,0.26931486856797054,-0.41773303960843894,-0.8973095405430318,0.3313798606299973,-0.5645072921662391,-0.8859647745885085,-0.9850748893865414,-0.996688037383691,-0.4529748797884512,0.4843590905043419,1.0,0.33539489301405384,0.23482917034563297,0.21006883136919985,0.3626041900141508,0.6797404340492419,0.29866457950970016,0.24698944617523008,0.1994623087277313,1.0,0.0,0.0,0.0,1.0
1,0.0,0.0,0.0,-0.1642923206090927,-0.05202590301632881,-6.347758608171716e-05,-0.3176318407058716,-0.1259574443101883,-0.00012492624227888882,-0.4162072241306305,-0.18893617391586304,-0.00018944940529763699,-0.38061055541038513,-0.2519148886203766,-0.00025162353995256126,-0.27108234167099,-0.5010915994644165,-7.542868843302131e-05,-0.4079926013946533,-0.6407400369644165,-0.00016263894212897867,-0.5120444297790527,-0.731100857257843,-0.0002187070349464193,-0.5969287753105164,-0.8022941946983337,-0.0002549059863667935,-0.13417206704616547,-0.5257354378700256,-8.981702558230609e-05,-0.290249764919281,-0.47918593883514404,-0.00019563270325306803,-0.29298797249794006,-0.27382054924964905,-0.00020925265562254936,-0.2519148886203766,-0.18345975875854492,-0.0001957537024281919,0.0,-0.4874005615711212,-0.00011535878729773685,-0.15333950519561768,-0.42442184686660767,-0.0002139951684512198,-0.17250694334506989,-0.24643848836421967,-0.0001782378531061113,-0.14238667488098145,-0.16703052818775177,-0.0001291463413508609,0.11500462889671326,-0.4025161862373352,-0.00014887072029523551,-0.0027382054831832647,-0.38061055541038513,-0.00020646004122681916,-0.06297872215509415,-0.2573913037776947,-0.00017470882448833436,-0.06297872215509415,-0.1916743814945221,-0.00013434971333481371,-0.9611650567734027,-0.9967850965470842,-0.9998522898893131,0.03996114498018813,-0.2985557248833119,-0.9047686816630623,0.37991864866019864,-0.47677937054421266,-0.8916483108804291,0.44595663377111733,-0.5961221011355485,-0.8983842631514135,-0.9898520848476107,-0.9928964010370152,-0.054047336274734924,0.45642695280556583,1.0,0.31163863894612515,0.21948390075944088,0.20175580067856821,0.3483104985208443,0.6825728200691203,0.2784586639449511,0.2321772016991447,0.1917377401215112,1.0,0.0,0.0,0.0,1.0
1,0.0,0.0,0.0,-0.16713331639766693,-0.04657813906669617,-6.579035107279196e-05,-0.323307067155838,-0.11233551055192947,-0.00012755184434354305,-0.42194312810897827,-0.16713331639766693,-0.0001922788651427254,-0.38084477186203003,-0.22467102110385895,-0.00025446226936765015,-0.2959081828594208,-0.4931803047657013,-7.486755930585787e-05,-0.4246830344200134,-0.6356545686721802,-0.00016456146840937436,-0.5342786312103271,-0.7178513407707214,-0.00022349170467350632,-0.6246950626373291,-0.7808687686920166,-0.0002610675001051277,-0.15069398283958435,-0.5205792188644409,-8.893552148947492e-05,-0.2931682765483856,-0.48222073912620544,-0.0001978514774236828,-0.2849486172199249,-0.27672892808914185,-0.00021567553631030023,-0.24111036956310272,-0.18083277344703674,-0.00020369805861264467,-0.010959561914205551,-0.4849606156349182,-0.000114320675493218,-0.1479540914297104,-0.4192032516002655,-0.00021295761689543724,-0.161653533577919,-0.24385026097297668,-0.00017915455100592226,-0.1315147429704666,-0.16439342498779297,-0.00013048338587395847,0.1178152933716774,-0.40276390314102173,-0.00014791400462854654,0.010959561914205551,-0.3753649890422821,-0.0002017873339354992,-0.04109835624694824,-0.2575497031211853,-0.00016847359074745327,-0.04109835624694824,-0.19453223049640656,-0.0001271587680093944,-0.9811412034282254,-0.981555982242262,-0.9993941450382912,-0.01877615023626104,-0.22117199088851544,-0.9253648637655683,0.4122521566447467,-0.501633791380012,-0.9045339211142744,0.5103399388970893,-0.6186842600808037,-0.9146864833197146,-0.9919804176711232,-0.9941112909693547,0.11290911261535562,0.44217629482987814,1.0,0.3013880185979433,0.21052636199766514,0.1988262443850556,0.3494610230340441,0.6858745382998531,0.26414139868534087,0.22506626892767836,0.18769506292935167,1.0,0.0,0.0,0.0,1.0
1,0.0,0.0,0.0,-0.19103027880191803,-0.04114498198032379,-5.9961865190416574e-05,-0.36736592650413513,-0.12637387216091156,-0.00011458974040579051,-0.3996941149234772,-0.1969081312417984,-0.00017123360885307193,-0.32328200340270996,-0.2556866705417633,-0.0002273055142723024,-0.30858737230300903,-0.5143122673034668,-8.013252227101475e-05,-0.42320555448532104,-0.6583197116851807,-0.00015998176240827888,-0.5084344148635864,-0.7435486316680908,-0.00021727416606154293,-0.584846556186676,-0.8111439347267151,-0.0002572675875853747,-0.14400744438171387,-0.552518367767334,-9.93079665931873e-05,-0.24099203944206238,-0.5113733410835266,-0.00020217802375555038,-0.24686990678310394,-0.3144652247428894,-0.00022624125995207578,-0.22923633456230164,-0.20572490990161896,-0.0002219298476120457,0.014694636687636375,-0.5201901197433472,-0.00012738551595248282,-0.07641211152076721,-0.44377803802490234,-0.0002186434721807018,-0.09110675007104874,-0.26744240522384644,-0.00019195595814380795,-0.07641211152076721,-0.18515242636203766,-0.00015261019871104509,0.16457992792129517,-0.44671696424484253,-0.0001628366590011865,0.08522889763116837,-0.40557196736335754,-0.00021286547416821122,0.038206055760383606,-0.2703813314437866,-0.0001808901142794639,0.03526712954044342,-0.20866385102272034,-0.0001436788879800588,-0.9913233387861801,-0.9936052011531448,-0.9981310385129487,0.14574177952390727,-0.4178437147021194,-0.9818898789984672,0.6639907793248808,-0.7040209123614115,-0.9664284572707856,0.7388365306181637,-0.7264134565265801,-0.9590538332811971,-0.9717921296508069,-0.7707311230463423,-0.2240164195672116,0.4121734896336619,1.0,0.3080131423006614,0.20030041760967118,0.2116232210421748,0.3081802328073914,0.6668058788592929,0.266243520197861,0.22265978220295066,0.21754253453428027,1.0,0.0,0.0,0.0,1.0
1,0.0,0.0,0.0,-0.20556192100048065,-0.042321570217609406,-7.97704269643873e-05,-0.365779310464859,-0.18137817084789276,-0.000128139290609397,-0.287182092666626,-0.29322803020477295,-0.00017254773410968482,-0.14207956194877625,-0.3446184992790222,-0.00021428117179311812,-0.3022969365119934,-0.5048359036445618,-8.583939052186906e-05,-0.3506644666194916,-0.6892369985580444,-0.00016491758287884295,-0.37787118554115295,-0.8071328401565552,-0.00021707524138037115,-0.4081008732318878,-0.9129367470741272,-0.0002578078128863126,-0.1299876868724823,-0.5411115288734436,-9.676089393906295e-05,-0.11789580434560776,-0.6015709042549133,-0.00022215662465896457,-0.09068908542394638,-0.37787118554115295,-0.00024740060325711966,-0.0876661166548729,-0.2599753737449646,-0.00023601621796842664,0.03022969327867031,-0.5169277787208557,-0.00011874412302859128,0.057436417788267136,-0.5441344976425171,-0.00023699860321357846,0.05139048025012016,-0.34159553050994873,-0.00021157495211809874,0.03325266391038895,-0.2599753737449646,-0.00016505323583260179,0.17835520207881927,-0.4564683735370636,-0.00014823520905338228,0.20556192100048065,-0.4927440285682678,-0.0002240960457129404,0.1723092496395111,-0.3476414978504181,-0.00019941364007536322,0.1330106556415558,-0.287182092666626,-0.00016361828602384776,-0.9602159844748066,-0.9995585546125497,-0.9986741716315825,-0.9076457951001053,0.9497281534508464,-0.995453688838337,-0.7471787307662912,0.7278871361983534,-0.9822249642819381,-0.9634993145978753,0.9138105468962062,-0.938995482017912,-0.871882397435634,-0.10209290038766289,-0.815110310840081,0.3727580619821281,1.0,0.27435850694020014,0.26209342292890203,0.31648920590132196,0.11395442925261676,0.6254450203433258,0.15015984568907198,0.16367085058746697,0.21262887727332735,1.0,0.0,0.0,0.0,0.0
1,0.0,0.0,0.0,-0.20207688212394714,-0.04041537642478943,-0.00010029563418356702,-0.3481940031051636,-0.18653249740600586,-0.00015945365885272622,-0.2611455023288727,-0.30777862668037415,-0.00021247146651148796,-0.11502837389707565,-0.3730649948120117,-0.00026129637262783945,-0.282907634973526,-0.5191821455955505,-9.903440513880923e-05,-0.3046697676181793,-0.711932361125946,-0.00018879497656598687,-0.2984519898891449,-0.8362873792648315,-0.00024644989753142,-0.2984519898891449,-0.9544246196746826,-0.00028849090449512005,-0.10259287804365158,-0.5471619963645935,-0.00010107384150614962,-0.06839524954557419,-0.606230616569519,-0.00023673201212659478,-0.046633124351501465,-0.3730649948120117,-0.0002639850426930934,-0.05595974996685982,-0.25181886553764343,-0.00025115491007454693,0.06217750161886215,-0.5160732865333557,-0.00011694542627083138,0.1057017520070076,-0.5378353595733643,-0.00024702513474039733,0.09326624870300293,-0.32643187046051025,-0.000222033413592726,0.059068627655506134,-0.2487100064754486,-0.00017210759688168764,0.2114035040140152,-0.4538957476615906,-0.0001418054016539827,0.2673632502555847,-0.5067466497421265,-0.00022486313537228853,0.2269478738307953,-0.3513028919696808,-0.00020028642029501498,0.17098812758922577,-0.282907634973526,-0.00016198697267100215,-0.9262339906018197,-0.9868443712563483,-0.9987524252713413,-0.7582670209557499,0.8151184402225319,-0.9856125298247816,-0.5509898795303468,0.49896300893540646,-0.937385072325855,-0.9293730000632012,0.8474705181974949,-0.9083974142365847,-0.8320503250967213,-0.1620102271815327,-0.8638523161037569,0.39039607322364667,1.0,0.2579618196975811,0.25562824218675506,0.33056571696770454,0.09875473629542358,0.612862040728654,0.15902867626039752,0.17825111926807094,0.22990635234973478,1.0,0.0,0.0,0.0,0.0
1,0.0,0.0,0.0,-0.18508033454418182,-0.06273909658193588,-0.00011417023779358715,-0.3105585277080536,-0.19762815535068512,-0.00018928757344838232,-0.2321346551179886,-0.3105585277080536,-0.0002569526550360024,-0.09410864859819412,-0.38270848989486694,-0.00031923470669426024,-0.24154552817344666,-0.5395562648773193,-0.00010909087723121047,-0.26664116978645325,-0.7403213381767273,-0.00020492316980380565,-0.2478194385766983,-0.8657995462417603,-0.00026742290356196463,-0.2195868343114853,-0.9755929708480835,-0.0003102039627265185,-0.056465186178684235,-0.5458301305770874,-0.00010606207069940865,-0.02195868454873562,-0.630527913570404,-0.000249441567575559,-0.009410864673554897,-0.3795715272426605,-0.000277029030257836,-0.018821729347109795,-0.2321346551179886,-0.00026141302078031003,0.1035195142030716,-0.5050497055053711,-0.00011858656944241375,0.1442999243736267,-0.5615149140357971,-0.0002596023550722748,0.11920428276062012,-0.3356541693210602,-0.00023035048798192292,0.08156082779169083,-0.21017597615718842,-0.0001722071465337649,0.25095638632774353,-0.4328997731208801,-0.00014071480836719275,0.3105585277080536,-0.5238714814186096,-0.00023398410121444613,0.2603672444820404,-0.37329763174057007,-0.00020807779219467193,0.19135424494743347,-0.27918899059295654,-0.00016491564747411758,-0.9563464713471279,-0.9629002127871834,-0.9947206476499588,-0.8823521300183107,0.9060943438286476,-0.9935429254438995,-0.9117302125824421,0.8703758915829418,-0.9837001907466102,-0.9985076761217044,0.9668375848270047,-0.9520285441408533,-0.880111038579655,-0.21289751401839108,-0.8860023982904999,0.394109536283438,1.0,0.23289659316630543,0.22544654075767684,0.33847152333679786,0.10766490911801002,0.6158423113444936,0.1751410662793722,0.20679557399103696,0.21946947284740975,1.0,0.0,0.0,0.0,1.0
1,0.0,0.0,0.0,-0.18100886046886444,-0.06865853071212769,-0.00011194791295565665,-0.3058425486087799,-0.19661307334899902,-0.0001831449189921841,-0.2278214991092682,-0.30272170901298523,-0.0002459285606164485,-0.09986695647239685,-0.383863627910614,-0.000303188367979601,-0.24342571198940277,-0.5399057269096375,-0.00010604270937619731,-0.2652716040611267,-0.7365188002586365,-0.00019925591186620295,-0.24966739118099213,-0.8582316637039185,-0.0002612356620375067,-0.2278214991092682,-0.9737028479576111,-0.00030450825579464436,-0.059296008199453354,-0.5430265665054321,-0.00010227220627712086,-0.031208423897624016,-0.636651873588562,-0.00024097354616969824,-0.015604211948812008,-0.39010530710220337,-0.00026809738483279943,-0.015604211948812008,-0.24654655158519745,-0.0002539041743148118,0.09986695647239685,-0.5024556517601013,-0.000113793728814926,0.13731706142425537,-0.561751663684845,-0.00025109807029366493,0.10922948271036148,-0.3370509743690491,-0.00022180008818395436,0.07802106440067291,-0.21845896542072296,-0.00016506867541465908,0.2403048723936081,-0.43067625164985657,-0.00013464958465192467,0.2964800298213959,-0.5243015289306641,-0.00022537863696925342,0.24654655158519745,-0.3713802397251129,-0.00019898223399650306,0.187250554561615,-0.28399667143821716,-0.0001566193823236972,-0.9514394647232629,-0.9717720713090563,-0.9982321199211789,-0.9209741361322128,0.9377621672834183,-0.998003036740269,-0.9333652647598377,0.9051921033672006,-0.9911726668342832,-0.9995044537284844,0.9748375929534708,-0.9608939648460325,-0.9067861602522178,-0.16299022522068088,-0.931738777889978,0.39664187999518846,1.0,0.24703999503225274,0.2319733442644091,0.34017187491220013,0.1090870059598681,0.6171145464801996,0.15835944432470592,0.1977590207328208,0.21569963853352786,1.0,0.0,0.0,0.0,1.0
1,0.0,0.0,0.0,-0.17843018472194672,-0.06573744118213654,-0.00011659767187666148,-0.3036443591117859,-0.19095160067081451,-0.00019207462901249528,-0.2222551554441452,-0.29425328969955444,-0.0002589799405541271,-0.09704098105430603,-0.3756425082683563,-0.00032026469125412405,-0.24416762590408325,-0.5415512919425964,-0.00011089278268627822,-0.26921045780181885,-0.7418939471244812,-0.00020534223585855216,-0.2535586953163147,-0.8639777898788452,-0.00026617615367285907,-0.2285158634185791,-0.973540186882019,-0.00030762460664846003,-0.05947672948241234,-0.5446816086769104,-0.0001058189372997731,-0.03130354359745979,-0.6354619264602661,-0.0002463868004269898,-0.015651771798729897,-0.3881639242172241,-0.00027188434614799917,-0.012521416880190372,-0.24416762590408325,-0.00025511355488561094,0.10017133504152298,-0.5008566975593567,-0.00011671498941723257,0.14086593687534332,-0.5634637475013733,-0.00025564790121279657,0.11269275099039078,-0.3349479138851166,-0.0002262848720420152,0.08138921111822128,-0.2159944474697113,-0.00016836733266245574,0.24416762590408325,-0.42885851860046387,-0.00013724490418098867,0.2973836362361908,-0.5196387767791748,-0.00022879925381857902,0.25042834877967834,-0.36938178539276123,-0.00020287669030949473,0.18782125413417816,-0.28173187375068665,-0.00016013250569812953,-0.9555666899790284,-0.9684494162733159,-0.9952796302296859,-0.917245702168782,0.9344338237934035,-0.9991401758236664,-0.9290414510065144,0.8988273440766834,-0.990947624057922,-0.9999199314371622,0.9742711370235945,-0.9500610270137508,-0.9079594631643181,-0.11781792788816295,-0.946973183757813,0.3879746747772341,1.0,0.24448861153104873,0.23081991722253667,0.3385996135777967,0.108727589064586,0.6174991939586304,0.16035851525985578,0.20101651966860357,0.21688187374167986,1.0,0.0,0.0,0.0,1.0
1,0.0,0.0,0.0,-0.17813804745674133,-0.06875503808259964,-0.00011336200986988842,-0.30314719676971436,-0.19688941538333893,-0.00018700274813454598,-0.2187660187482834,-0.30314719676971436,-0.00025238347006961703,-0.08750640600919724,-0.37502747774124146,-0.00031229379237629473,-0.2437678575515747,-0.5469150543212891,-0.00010894319711951539,-0.2718949019908905,-0.7438044548034668,-0.00020410286379046738,-0.2531435489654541,-0.8656883835792542,-0.0002655483840499073,-0.22189125418663025,-0.9750714302062988,-0.00030706662801094353,-0.06250457465648651,-0.5469150543212891,-0.00010404784552520141,-0.02187660150229931,-0.6312962174415588,-0.00024298258358612657,-0.009375686757266521,-0.38440316915512085,-0.00026782104396261275,-0.015626143664121628,-0.24689307808876038,-0.0002511317434255034,0.1000073254108429,-0.5031618475914001,-0.0001149213858298026,0.14688575267791748,-0.5562907457351685,-0.0002520178386475891,0.11875870078802109,-0.3343994915485382,-0.00022305942547973245,0.08438117802143097,-0.2187660187482834,-0.00016620596579741687,0.24064262211322784,-0.4375320374965668,-0.0001353036059299484,0.3000219762325287,-0.5219132304191589,-0.00022704526782035828,0.2531435489654541,-0.36877700686454773,-0.00020202317682560533,0.1906389594078064,-0.2812705934047699,-0.00015992074622772634,-0.9617741891032322,-0.9569338957945013,-0.9921164247501613,-0.8459155901775837,0.8779106530744244,-0.9953943243191844,-0.8644299236704559,0.827085640279863,-0.9867632620311294,-0.9939158944062089,0.9504414263192288,-0.9482286904548921,-0.9092181007303924,-0.12626165095196784,-0.9215900627450906,0.38510136679169615,1.0,0.24738721784432455,0.2344755484791977,0.33978874280495397,0.09962011654372269,0.6124928850684864,0.16158623440056033,0.20347812377920746,0.2226049385636155,1.0,0.0,0.0,0.0,1.0
1,0.0,0.0,0.0,-0.16921913623809814,-0.06267375499010086,-0.00011662826727842912,-0.29770031571388245,-0.18802125751972198,-0.00019421357137616724,-0.21622444689273834,-0.2914329469203949,-0.00026359414914622903,-0.08460956811904907,-0.36350777745246887,-0.00032739894231781363,-0.23816025257110596,-0.551529049873352,-0.00011270087998127565,-0.2663634419441223,-0.7489513158798218,-0.00021191871201153845,-0.2444276362657547,-0.8711651563644409,-0.0002753453445620835,-0.2099570631980896,-0.9777105450630188,-0.0003174433368258178,-0.05327269062399864,-0.551529049873352,-0.00010813045810209587,-0.012534750625491142,-0.6267375349998474,-0.0002522898430470377,0.0,-0.3729088306427002,-0.000278202147455886,-0.00940106250345707,-0.2444276362657547,-0.0002609302755445242,0.10654538124799728,-0.5107910633087158,-0.00011982901924056932,0.15981806814670563,-0.5483953356742859,-0.0002616790006868541,0.13474856317043304,-0.32276982069015503,-0.00023216188128571957,0.09401062875986099,-0.21309076249599457,-0.0001739065337460488,0.24756132066249847,-0.43871626257896423,-0.00014140868734102696,0.3133687674999237,-0.5076574087142944,-0.00023632595548406243,0.2663634419441223,-0.3509730100631714,-0.0002112427173415199,0.20055601000785828,-0.2694971263408661,-0.00016809719090815634,-0.9648998077098421,-0.9493947957522285,-0.9908602969037148,-0.8294263077698318,0.8547288220358749,-0.9925205415203469,-0.7313514475789499,0.663373781779242,-0.9701424027850859,-0.9693063998870706,0.8912554000163336,-0.9256837890823015,-0.9137615490991233,-0.10555019879874357,-0.9200936824510679,0.3732248445731871,1.0,0.24460849943911506,0.2329070671503124,0.3359336941230925,0.10791928420943912,0.6092746366201924,0.16752784580971608,0.21357410901537677,0.23502657150589717,1.0,0.0,0.0,0.0,1.0
1,0.0,0.0,0.0,-0.18254071474075317,-0.05979781970381737,-0.00011579951387830079,-0.32101988792419434,-0.1919824779033661,-0.00019206169235985726,-0.22974951565265656,-0.27695831656455994,-0.0002595587575342506,-0.08182859420776367,-0.3273143768310547,-0.0003226941917091608,-0.26122206449508667,-0.55706387758255,-0.00012083495676051825,-0.2895473539829254,-0.7490463852882385,-0.00021754337649326771,-0.26436930894851685,-0.8686420321464539,-0.00028401045710779727,-0.23289677500724792,-0.9725013971328735,-0.00033131695818156004,-0.07553409039974213,-0.5853891968727112,-0.00011651712702587247,-0.025178030133247375,-0.5916836857795715,-0.00026295383577235043,-0.009441761299967766,-0.3399033844470978,-0.0002989076019730419,-0.028325283899903297,-0.19827698171138763,-0.00029075154452584684,0.08812310546636581,-0.5476221442222595,-0.0001260219287360087,0.14792092144489288,-0.5224441289901733,-0.00026649865321815014,0.12589015066623688,-0.2895473539829254,-0.00024457028484903276,0.0786813423037529,-0.17624621093273163,-0.00019339370192028582,0.22974951565265656,-0.47523531317710876,-0.0001455144811188802,0.3021363615989685,-0.48782432079315186,-0.00024200024199672043,0.2580747902393341,-0.3241671323776245,-0.00022132424055598676,0.1919824779033661,-0.24233853816986084,-0.00018122181063517928,-0.9576708448290961,-0.9380004933024451,-0.9962406216655485,0.003967636683096328,0.061895921344823725,-0.9810534242547649,0.23670168045465864,-0.29953719841424176,-0.9551952408345077,-0.5830726513718623,0.4215784578611446,-0.9145433119034778,-0.9023620311178502,0.05891636875808816,-0.912443964006038,0.3373881069578337,1.0,0.2002902142865993,0.19301169789476505,0.3091686670764013,0.1314333546844837,0.5860808652488849,0.23606510881066792,0.2697290440092063,0.27330783489250515,1.0,0.0,0.0,0.0,0.0
1,0.0,0.0,0.0,-0.18726760149002075,-0.05713248997926712,-0.00011032437032554299,-0.323750764131546,-0.18409357964992523,-0.00018436138634569943,-0.24122606217861176,-0.2666182816028595,-0.0002511669008526951,-0.09522081911563873,-0.31422868371009827,-0.0003142968052998185,-0.2697923183441162,-0.5649768710136414,-0.00011581272701732814,-0.29518452286720276,-0.749070405960083,-0.00021163006022106856,-0.2697923183441162,-0.8633354306221008,-0.000279762753052637,-0.23805204033851624,-0.9712523221969604,-0.0003283781115897,-0.08252470940351486,-0.6062391996383667,-0.00011524220462888479,-0.025392217561602592,-0.5744989514350891,-0.0002616658457554877,-0.019044162705540657,-0.317402720451355,-0.00029964171699248254,-0.038088325411081314,-0.17457149922847748,-0.00029241907759569585,0.08569873124361038,-0.5681508779525757,-0.00012782440171577036,0.14917927980422974,-0.5014963150024414,-0.0002680874022189528,0.11743900924921036,-0.2729663550853729,-0.0002496999513823539,0.06982859969139099,-0.1587013602256775,-0.00020049637532792985,0.22852995991706848,-0.48880019783973694,-0.00015030008216854185,0.3015325963497162,-0.46975603699684143,-0.0002467226004227996,0.25392216444015503,-0.3078806400299072,-0.00022813459509052336,0.18726760149002075,-0.22852995991706848,-0.00018874439410865307,-0.9528073539575559,-0.9373906672765453,-0.9977306657707692,0.5991108686983715,-0.5070715561562525,-0.9876635373875756,0.6131744106435796,-0.622377440667831,-0.9672114259350869,-0.1811500462565267,0.030864262468791526,-0.9160779566223404,-0.8990706745881573,0.036120756908530255,-0.8914851307036767,0.3283394242794291,1.0,0.17867852687476396,0.17338453027874542,0.29545751740663534,0.15792890994617967,0.5739122239277754,0.27276922348210586,0.29720016664417814,0.291743402836535,1.0,0.0,0.0,0.0,0.0
1,0.0,0.0,0.0,-0.19773733615875244,-0.04021776467561722,-0.00012133741984143853,-0.3586083948612213,-0.14076218008995056,-0.0002100903366226703,-0.2882273197174072,-0.21784622967243195,-0.000290738302282989,-0.12065329402685165,-0.274821400642395,-0.0003671258164104074,-0.30163323879241943,-0.5764546394348145,-0.000132603439851664,-0.3183906376361847,-0.7406771779060364,-0.0002317343169124797,-0.2915787994861603,-0.8579789996147156,-0.0003048621874768287,-0.2614154815673828,-0.9652263522148132,-0.0003584646328818053,-0.1038958877325058,-0.6535386443138123,-0.00013062050857115537,-0.04692072421312332,-0.5429398417472839,-0.00027354934718459845,-0.04021776467561722,-0.2848758399486542,-0.00031341976136900485,-0.05027220398187637,-0.1441136598587036,-0.00031093324651010334,0.07373256981372833,-0.6233753561973572,-0.0001422512432327494,0.14076218008995056,-0.4759102165699005,-0.0002785253163892776,0.1038958877325058,-0.24465806782245636,-0.00026242670719511807,0.056975167244672775,-0.1307077407836914,-0.00021762013784609735,0.2279006689786911,-0.5395883321762085,-0.00016606622375547886,0.2982817590236664,-0.45244985818862915,-0.0002629522350616753,0.2480095475912094,-0.2848758399486542,-0.0002482508134562522,0.18097993731498718,-0.19773733615875244,-0.00021138490410521626,-0.9285198647165485,-0.9472027302921361,-0.9987773113385235,0.9498491969851086,-0.9005653034221326,-0.9952724531305178,0.8554583236466637,-0.8338677091169066,-0.9730895132133227,0.47216871060350996,-0.5645808638648984,-0.9343950874926374,-0.9366182600631249,0.18038230391439342,-0.8761002850890753,0.30014021436873567,1.0,0.15263071468927825,0.14258586225137493,0.26805565556175137,0.2269297042130383,0.5428807021089533,0.3357755187287285,0.3564670591864396,0.3458117285857301,1.0,0.0,0.0,0.0,0.0
1,0.0,0.0,0.0,-0.23343846201896667,0.0,-0.00016938959015533328,-0.4388643205165863,-0.04201892390847206,-0.00031454587588086724,-0.34082016348838806,-0.046687692403793335,-0.00044894232996739447,-0.14006307721138,-0.0887066200375557,-0.0005772604490630329,-0.39217662811279297,-0.6162775158882141,-0.0002373813185840845,-0.42018923163414,-0.8030283451080322,-0.00041234277887269855,-0.39217662811279297,-0.9104099869728088,-0.000531694560777396,-0.34548893570899963,-0.9384226202964783,-0.0006066531641408801,-0.14006307721138,-0.7656781673431396,-0.00023900176165625453,-0.060694001615047455,-0.5555835366249084,-0.0004395603318698704,-0.03735015541315079,-0.21476338803768158,-0.0004859842883888632,-0.046687692403793335,-0.032681383192539215,-0.00048213222180493176,0.10271292179822922,-0.7516718506813049,-0.0002611597301438451,0.21009461581707,-0.4622081518173218,-0.00044838053872808814,0.17274446785449982,-0.16340692341327667,-0.0004211665072944015,0.12138800323009491,-0.032681383192539215,-0.0003638874040916562,0.3221450746059418,-0.6536276936531067,-0.00030092019005678594,0.41552045941352844,-0.42952677607536316,-0.000438119750469923,0.3548264801502228,-0.19608831405639648,-0.0004184809804428369,0.28012615442276,-0.0887066200375557,-0.00037105308729223907,-0.9139678029114536,-0.9194675974849856,-0.7142853578418246,0.9837932738613767,-0.9574341814783721,-0.992853635159665,0.8818445971756745,-0.887185963957134,-0.9689177368489656,0.6579457680078137,-0.7965921736614068,-0.9381896694571282,-0.9797150004193498,0.969072049965418,-0.9874268483496826,0.16579162268798464,1.0,0.05699163000430858,0.12571099067158012,0.2938361253147373,0.48351248234678607,0.5001237434730127,0.5253749990026433,0.5438689134168986,0.5573915745014071,1.0,0.0,0.0,0.0,0.0
1,0.0,0.0,0.0,-0.22363698482513428,0.05720945820212364,-0.00020471758034545928,-0.44727396965026855,0.09881634265184402,-0.000396081421058625,-0.45767566561698914,0.13522236049175262,-0.0005754599696956575,-0.3172524571418762,0.11441891640424728,-0.0007434276049025357,-0.499282568693161,-0.556492030620575,-0.00033508098567835987,-0.5876971483230591,-0.7437229752540588,-0.0005957594257779419,-0.5772954821586609,-0.8165349960327148,-0.0007472639554180205,-0.5148851275444031,-0.7385221123695374,-0.0008250960381701589,-0.22363698482513428,-0.7385221123695374,-0.00034423809847794473,-0.17162838578224182,-0.44727396965026855,-0.0006004733731970191,-0.16122666001319885,-0.052008599042892456,-0.0006264955154620111,-0.15082493424415588,0.09361547976732254,-0.0005997730768285692,0.06761118024587631,-0.7073169350624084,-0.00038239257992245257,0.15082493424415588,-0.3224533200263977,-0.0006234540487639606,0.08321376144886017,0.020803440362215042,-0.0005497727543115616,0.020803440362215042,0.13522236049175262,-0.0004535032494459301,0.33805590867996216,-0.5720946192741394,-0.0004428084066603333,0.41086792945861816,-0.22363698482513428,-0.0006370846531353891,0.3276541829109192,0.020803440362215042,-0.0006066345958970487,0.24444042146205902,0.09881634265184402,-0.0005386139964684844,-0.9582194167448728,-0.8347727508464078,0.6846721232498161,0.9931239377009861,-0.9887110403914989,-0.9989878185839701,0.9528692979276451,-0.9181465846291675,-0.9538868742965104,0.7386704874733344,-0.8607212417924055,-0.8825560995678761,-0.9977897338680545,-0.44595575914321184,0.41265462018919163,0.3372556432655744,0.9002901596723369,0.17751725994927542,0.13681401933958698,0.2636590227452709,0.6785566820011725,0.5037925582531472,0.614741711228631,0.655544447965331,0.686604936610948,0.0,0.0,0.0,0.0,0.0
1,0.0,0.0,0.0,-0.2625434994697571,0.07001159340143204,-0.0002135980175808072,-0.5134183764457703,0.12252029031515121,-0.0004232742066960782,-0.5192526578903198,0.1983661949634552,-0.000625615066383034,-0.3267207741737366,0.1983661949634552,-0.0008154763490892947,-0.5192526578903198,-0.6126014590263367,-0.00034954689908772707,-0.6009328961372375,-0.7642932534217834,-0.0006509352824650705,-0.6009328961372375,-0.7992990612983704,-0.0008263583295047283,-0.5659270882606506,-0.700115978717804,-0.0009138960740529001,-0.20420049130916595,-0.7876304388046265,-0.00037128987605683506,-0.1633603870868683,-0.3967323899269104,-0.0006469243089668453,-0.15752609074115753,0.05834299698472023,-0.0006617105682380497,-0.15169179439544678,0.16919469833374023,-0.00062330043874681,0.13418889045715332,-0.723453164100647,-0.0004289796925149858,0.21586908400058746,-0.24504058063030243,-0.0006880623986944556,0.1108516976237297,0.12252029031515121,-0.0005954527296125889,0.04084009677171707,0.19253188371658325,-0.00048302742652595043,0.4375724792480469,-0.5309212803840637,-0.0005122854490764439,0.5075840950012207,-0.13418889045715332,-0.0007186504662968218,0.40256667137145996,0.12252029031515121,-0.0006774677895009518,0.3092178702354431,0.18086329102516174,-0.0005981999565847218,-0.9782030292276431,-0.8804674686368029,0.9429740252412107,0.988833911739593,-0.9958365508724665,-0.9992095135806269,0.938511724115109,-0.9015743081491819,-0.8741569383287994,0.6494141860988488,-0.8456623978963757,-0.8116188582081522,-0.9985272907139973,-0.2793306379898639,0.07669356876044299,0.38222541641584057,0.9002425201297405,0.22723914486059765,0.19681634241328272,0.3582283914315133,0.7872121330928251,0.5616781606002805,0.710555447836094,0.7269462547545679,0.7886291336453103,0.0,0.0,0.0,0.0,0.0
1,0.0,0.0,0.0,-0.29541388154029846,0.08000792562961578,-0.00019955179595854133,-0.5785188674926758,0.14770694077014923,-0.0003985190996900201,-0.5723643898963928,0.2646416127681732,-0.000593060627579689,-0.33849507570266724,0.307722806930542,-0.0007792036049067974,-0.5969822406768799,-0.609291136264801,-0.0003390699566807598,-0.6585267782211304,-0.7139168977737427,-0.0006342724664136767,-0.6462178826332092,-0.763152539730072,-0.0008119397098198533,-0.5785188674926758,-0.7077624201774597,-0.0009081379394046962,-0.2646416127681732,-0.8246970772743225,-0.00036851936602033675,-0.19694258272647858,-0.35695844888687134,-0.0006312152254395187,-0.17847922444343567,0.12924356758594513,-0.0006390237831510603,-0.16617031395435333,0.22771486639976501,-0.000599516264628619,0.11078020185232162,-0.7693069577217102,-0.00043309334432706237,0.24617823958396912,-0.21540595591068268,-0.0006779212271794677,0.12308911979198456,0.17847922444343567,-0.0005820641526952386,0.043081190437078476,0.24617823958396912,-0.00047086653648875654,0.44927528500556946,-0.584673285484314,-0.0005239508464001119,0.5354376435279846,-0.11078020185232162,-0.0007257763645611703,0.4185029864311218,0.153861403465271,-0.0006885702605359256,0.33234062790870667,0.2092514932155609,-0.0006135132280178368,-0.9705052711698106,-0.7132305974450427,0.42661196728977924,0.9861244698768956,-0.9944101617275646,-0.9962699622704881,0.9276369292164545,-0.8563544395343837,-0.8442377763140836,0.6711473150596223,-0.8276335333911936,-0.8345975048184866,-0.9995569837792502,-0.18113499681575432,-0.23260210101307613,0.45746348444787527,0.914118407726126,0.28189891201098366,0.24991984820461388,0.39272999268914205,0.9089320653666768,0.5395254469037789,0.7924108880602937,0.8103947534616232,0.8615269973503422,0.0,0.0,0.0,0.0,0.0
1,0.0,0.0,0.0,-0.2824030816555023,0.06915993988513947,-0.0001790244714356959,-0.5532795190811157,0.11526656895875931,-0.0003527267253957689,-0.5532795190811157,0.1959531605243683,-0.0005209774826653302,-0.32850971817970276,0.2190064787864685,-0.0006786201265640557,-0.605149507522583,-0.5820961594581604,-0.00029675805126316845,-0.6743094325065613,-0.7319427132606506,-0.0005619642324745655,-0.6282027959823608,-0.7780493497848511,-0.000723234610632062,-0.524462878704071,-0.703126072883606,-0.0008099519181996584,-0.2996930778026581,-0.7953393459320068,-0.00032254241523332894,-0.2074798196554184,-0.40919631719589233,-0.0005677152657881379,-0.17866317927837372,0.0518699549138546,-0.0005870191380381584,-0.1556098610162735,0.19018983840942383,-0.000557812221813947,0.046106625348329544,-0.7665226459503174,-0.0003797340323217213,0.20171649754047394,-0.2593497633934021,-0.000607962894719094,0.1037399098277092,0.12102989852428436,-0.000537947635166347,0.03457996994256973,0.2074798196554184,-0.0004491016734391451,0.36885300278663635,-0.6166761517524719,-0.0004599692765623331,0.4783562421798706,-0.1671365201473236,-0.000641792721580714,0.38037967681884766,0.1037399098277092,-0.0006135544972494245,0.30545639991760254,0.17866317927837372,-0.0005519353435374796,-0.9314541096568494,-0.34570783579796305,-0.15923359731255224,0.9920793195657628,-0.9852448328689751,-0.9947278881023252,0.9366767297708248,-0.8526308324429718,-0.9120071273413082,0.7123319445900885,-0.8331604492304482,-0.9054588946414686,-0.9974396868785661,-0.16780026070911622,-0.10203007277175906,0.39482013650793624,0.8771819913224691,0.24573750174453776,0.2103422266431347,0.3538706796912588,0.8048553684758355,0.4524285768432498,0.7445506004771525,0.7710858662585247,0.8347528103217187,0.0,0.0,0.0,0.0,0.0
1,0.0,0.0,0.0,-0.29526641964912415,0.08436182886362076,-0.0001936098124133423,-0.5664294362068176,0.14462028443813324,-0.0003856003168039024,-0.5302743911743164,0.2651371955871582,-0.0005708931130357087,-0.27718886733055115,0.2892405688762665,-0.0007454383303411305,-0.5905328392982483,-0.6025844812393188,-0.00034006006899289787,-0.6507912874221802,-0.7592564821243286,-0.0006421347497962415,-0.5965586304664612,-0.7592564821243286,-0.0008357380866073072,-0.5001451373100281,-0.6507912874221802,-0.000941361126024276,-0.25308549404144287,-0.8255407810211182,-0.0003708331205416471,-0.15667197108268738,-0.4037316143512726,-0.0006488937069661915,-0.12654274702072144,0.06628429889678955,-0.0006908679497428238,-0.09038767218589783,0.2289821058511734,-0.0006760978139936924,0.1144910529255867,-0.7833598852157593,-0.0004344595654401928,0.27718886733055115,-0.24103380739688873,-0.000685172388330102,0.16872365772724152,0.14462028443813324,-0.0006252124439924955,0.08436182886362076,0.2289821058511734,-0.0005417551146820188,0.44591253995895386,-0.6146361827850342,-0.0005222569452598691,0.5724552869796753,-0.1506461203098297,-0.00072291842661798,0.4519383907318115,0.12654274702072144,-0.000700295262504369,0.34949901700019836,0.192827045917511,-0.0006403502775356174,-0.917866326351299,0.3589698030674089,-0.6643620423279857,0.9973534025152128,-0.9871159845848738,-0.98806480868074,0.9062012630172059,-0.8442540679346506,-0.872142962863548,0.626390620386307,-0.7798441347849543,-0.8329579939748815,-0.9982226561620232,0.07272248117240987,-0.37686466299227767,0.40061741557118596,0.8207772674407325,0.24617716146250687,0.24402872556080604,0.399164421548391,0.8824684375493929,0.4516814779650158,0.794922938677078,0.8066263331524733,0.8599960150127545,0.0,0.0,0.0,0.0,0.0
1,0.0,0.0,0.0,-0.2890412211418152,0.07828199118375778,-0.00021617647144012153,-0.5660390257835388,0.12645553052425385,-0.0004157141374889761,-0.5238872170448303,0.23484598100185394,-0.0006038505816832185,-0.2589327394962311,0.2890412211418152,-0.000776406901422888,-0.6081908941268921,-0.6684077978134155,-0.0003592786961235106,-0.6443210244178772,-0.7647548913955688,-0.0006676657358184457,-0.5479739904403687,-0.7045379281044006,-0.0008532508509233594,-0.427540123462677,-0.5780824422836304,-0.0009505705093033612,-0.2589327394962311,-0.8611019253730774,-0.0003790935152210295,-0.138498917222023,-0.3613015115261078,-0.0006612082361243665,-0.11441214382648468,0.11441214382648468,-0.0006919503794051707,-0.1083904579281807,0.24086767435073853,-0.0006721850950270891,0.1083904579281807,-0.8129283785820007,-0.0004350415838416666,0.30710628628730774,-0.2529110610485077,-0.0007036911556497216,0.19871583580970764,0.138498917222023,-0.000631759234238416,0.10236876457929611,0.22280259430408478,-0.0005377069464884698,0.44560518860816956,-0.6382993459701538,-0.0005169578362256289,0.5901257991790771,-0.1746290624141693,-0.0007411440601572394,0.48173534870147705,0.12043383717536926,-0.0007194535573944449,0.36732321977615356,0.19269414246082306,-0.0006548782694153488,-0.9288496473737403,0.7939960609487223,-0.9686182512065896,0.998451975309554,-0.9827764019578397,-0.9999954483915079,0.8899634162834503,-0.8189987752281784,-0.8354675850115525,0.6124782388166128,-0.7935411744074132,-0.792782329466578,-0.9957437278292429,0.19739410131299345,-0.5418644309266851,0.38806131768614727,0.7190067920450744,0.26413288867735213,0.2451951242819287,0.41479851736418666,0.9066949239754045,0.3653617646085937,0.8382654373849157,0.8354055563927184,0.8984026932957958,0.0,0.0,0.0,0.0,0.0
1,0.0,0.0,0.0,-0.2607078552246094,0.08147121220827103,-0.00018699707288760692,-0.5051214694976807,0.1140596941113472,-0.00036468167672865093,-0.48339584469795227,0.19009949266910553,-0.0005335357272997499,-0.29872778058052063,0.2118251472711563,-0.0006860331050120294,-0.6137498021125793,-0.5974555611610413,-0.00029846260440535843,-0.6680639386177063,-0.744103729724884,-0.0005929780891165137,-0.5431413650512695,-0.6626325249671936,-0.0007759692380204797,-0.39106181263923645,-0.5377099514007568,-0.000869539100676775,-0.3041591942310333,-0.7875550389289856,-0.0003213860036339611,-0.19553090631961823,-0.48339584469795227,-0.0005936278612352908,-0.15207959711551666,-0.03258848190307617,-0.0006341360276564956,-0.1086282804608345,0.1140596941113472,-0.000614017597399652,0.027157070115208626,-0.7658293843269348,-0.00037894886918365955,0.19553090631961823,-0.29872778058052063,-0.0006141384947113693,0.1303539276123047,0.07060837745666504,-0.0005538397235795856,0.08147121220827103,0.14664818346500397,-0.0004688777553383261,0.3476105034351349,-0.6409068703651428,-0.0004610422474797815,0.4671016037464142,-0.2226879745721817,-0.0006321598775684834,0.39106181263923645,0.048882726579904556,-0.0006033502868376672,0.3204534351825714,0.09776545315980911,-0.0005426298012025654,-0.9029775178621727,0.8031717670889674,-0.9939811928541974,0.9996732118286433,-0.9696658423306959,-0.9816309141850912,0.9281389868806548,-0.8675011085232281,-0.9223541842598728,0.7142329149132322,-0.851839788965825,-0.7698162442416187,-0.9855283744504555,0.14523077198712603,-0.38518583723488786,0.3662084601797283,0.66487750850461,0.1575121955282497,0.1677601397070786,0.33503549157503465,0.7932885207427783,0.2831872270608,0.6724090619813208,0.7301775892349004,0.7839628088704365,0.0,0.0,0.0,0.0,0.0
1,0.0,0.0,0.0,-0.19346022605895996,0.03137192875146866,-0.00016262945428024977,-0.3660058379173279,0.03137192875146866,-0.0003122140187770128,-0.40783506631851196,0.04705789312720299,-0.00044895909377373755,-0.4758075773715973,0.10980174690485,-0.0005783330998383462,-0.5751520395278931,-0.6483531594276428,-0.00024833486531861126,-0.664039134979248,-0.747697651386261,-0.00047884800005704165,-0.6117526292800903,-0.7738409042358398,-0.0006404245505109429,-0.5176368355751038,-0.7006397247314453,-0.0007260613492690027,-0.29280465841293335,-0.836584746837616,-0.00026312744012102485,-0.214374840259552,-0.5699233412742615,-0.0004750239313580096,-0.16731694340705872,-0.209146186709404,-0.0005222284817136824,-0.13594502210617065,-0.01045730896294117,-0.0005145951872691512,0.005228654481470585,-0.8104414939880371,-0.00030249671544879675,0.09934443980455399,-0.39737775921821594,-0.0004860718036070466,0.05751520022749901,-0.09934443980455399,-0.0004454555455595255,0.04705789312720299,0.01045730896294117,-0.0003812123613897711,0.29280465841293335,-0.6901824474334717,-0.00036146354977972806,0.35031986236572266,-0.30326196551322937,-0.0004826002987101674,0.28757601976394653,-0.07842981815338135,-0.00044588837772607803,0.25097543001174927,-0.01568596437573433,-0.0003869154315907508,-0.9999898321596706,0.2631112076622227,-0.4314556925707985,0.9987183327574279,-0.9878021476510512,-0.9996382076005402,0.9735576540991286,-0.9346708470216573,-0.9990105291609748,0.8531524590714754,-0.913205419866672,-0.9674284158400299,-0.9871055246581629,-0.9363272371441563,-0.9261769321621651,0.48831303602167797,0.8711168047762535,0.13634760724582273,0.04820732023627239,0.251465433084134,0.79413073615399,0.4167172224558976,0.5870660446363206,0.6285504604752127,0.6864783395702316,0.0,0.0,0.0,0.0,1.0
1,0.0,0.0,0.0,-0.19992147386074066,0.014628400094807148,-0.00015631176938768476,-0.37546229362487793,-0.004876133520156145,-0.00028917763847857714,-0.4583565592765808,-0.024380667135119438,-0.00040449510561302304,-0.5705076456069946,0.004876133520156145,-0.0005193205433897674,-0.5119940042495728,-0.6777825355529785,-0.0002527318720240146,-0.5607553720474243,-0.7411723136901855,-0.00043776148231700063,-0.6436496376991272,-0.7460484504699707,-0.0005813570460304618,-0.7167916297912598,-0.6972870826721191,-0.0006716757197864354,-0.2291782796382904,-0.8143143057823181,-0.0002627724315971136,-0.23405440151691437,-0.4973656237125397,-0.0004350823874119669,-0.23893053829669952,-0.17066466808319092,-0.0004871569690294564,-0.21454986929893494,0.004876133520156145,-0.0005045943544246256,0.05851360037922859,-0.7509245872497559,-0.00029001833172515035,0.03900906816124916,-0.39496681094169617,-0.00044201427954249084,-0.01950453408062458,-0.11702720075845718,-0.0004073202144354582,-0.0341329351067543,0.024380667135119438,-0.0003639569622464478,0.31694868206977844,-0.604640543460846,-0.00033479975536465645,0.2779396176338196,-0.302320271730423,-0.0004497394256759435,0.19992147386074066,-0.09752266854047775,-0.0004200386756565422,0.17066466808319092,0.0,-0.00037528364919126034,-0.999959752702947,-0.6552044462321372,-0.7980415982237679,0.9583222858422745,-0.9999997755826053,-0.9883290009791799,0.9997346079334017,-0.988355336729332,-0.994553788260975,0.9378227778443785,-0.9723612779504484,-0.9973713949232222,-0.9831749134857878,-0.9927565315701685,-0.8840807680887196,0.5705287148059357,1.0,0.21460588220807242,0.04194766381821284,0.1706650822605718,0.759814264074445,0.6562060249742618,0.5915584170631341,0.5951927496085053,0.6195230457501352,1.0,0.0,0.0,0.0,1.0
1,0.0,0.0,0.0,-0.20409633219242096,-0.024011332541704178,-0.00010895744344452396,-0.38818320631980896,-0.064030222594738,-0.00021365276188589633,-0.48422855138778687,-0.02801322191953659,-0.0003128795651718974,-0.5162436366081238,0.012005666270852089,-0.0004110028385184705,-0.41219455003738403,-0.6162908673286438,-0.00017157563706859946,-0.5282493233680725,-0.6683154106140137,-0.00030959342257119715,-0.664313554763794,-0.6563097834587097,-0.0004077756020706147,-0.7843701839447021,-0.6202927827835083,-0.00047177018132060766,-0.17608310282230377,-0.6803210973739624,-0.000194320862647146,-0.31614920496940613,-0.3681737780570984,-0.0003298060910310596,-0.32015112042427063,-0.06803210824728012,-0.00035875270259566605,-0.2801322042942047,0.02801322191953659,-0.000362299382686615,0.05602644383907318,-0.5882776379585266,-0.00023237772984430194,-0.08003778010606766,-0.2721284329891205,-0.00035052854218520224,-0.13206233084201813,-0.032015111297369,-0.0003113816201221198,-0.128060445189476,0.020009445026516914,-0.0002692850539460778,0.26812654733657837,-0.432204008102417,-0.0002843180554918945,0.14806988835334778,-0.1880887746810913,-0.0003701491223182529,0.06803210824728012,-0.0160075556486845,-0.0003377693356014788,0.048022665083408356,0.024011332541704178,-0.0002970267669297755,-0.8473199164631895,-0.8730242998011608,-0.9793754023027816,0.78067359487541,-0.9177356528905065,-0.9178671262245588,0.9518847790531075,-0.9814235091052856,-0.9582035443420218,0.9951823063281915,-0.9997640956563946,-0.9995993995652313,-0.9953038320060132,-0.8403697371879293,-0.8591014742447449,0.5163833735734767,1.0,0.28152963676031906,0.12961453608444465,0.05369179603019418,0.663916569020278,0.7481764311732338,0.5414553878487692,0.4892475189858592,0.4977532120110157,1.0,0.0,0.0,0.0,1.0
1,0.0,0.0,0.0,-0.19758093357086182,-0.02927124872803688,-0.00011146982433274388,-0.3768673241138458,-0.062201403081417084,-0.00022150120639707893,-0.4829756021499634,-0.051224686205387115,-0.0003266402054578066,-0.4829756021499634,-0.04024796932935715,-0.0004288949421606958,-0.36589062213897705,-0.5927428007125854,-0.0001684441085672006,-0.5085879564285278,-0.6439675092697144,-0.000315179699100554,-0.6549441814422607,-0.6439675092697144,-0.00041563110426068306,-0.7830058932304382,-0.622014045715332,-0.0004782100149895996,-0.15367405116558075,-0.6439675092697144,-0.00018628624093253165,-0.3073481023311615,-0.36589062213897705,-0.00032614709925837815,-0.311007022857666,-0.07683702558279037,-0.00034775762469507754,-0.26710015535354614,0.00365890609100461,-0.0003425539471209049,0.05488359183073044,-0.5524948239326477,-0.00022137037012726068,-0.09879046678543091,-0.26710015535354614,-0.00034000087180174887,-0.14269733428955078,-0.04024796932935715,-0.0002904926077462733,-0.12074390053749084,0.00365890609100461,-0.00023728798259980977,0.23416998982429504,-0.39882075786590576,-0.0002712891437113285,0.09879046678543091,-0.1939220279455185,-0.00035056390333920717,0.0329301543533802,-0.04024796932935715,-0.0003130305849481374,0.036589059978723526,-0.010976718738675117,-0.0002668413217179477,-0.7818817337452451,-0.9411947392116718,-0.985622250050664,0.7390637155657168,-0.8812933711862556,-0.8717642525316472,0.9230238691303144,-0.9545179692232048,-0.7931499098259027,0.9985981014085673,-0.9840259023729089,-0.8631869483451147,-0.9994024909993483,-0.9597373796930605,-0.10290381483279659,0.48464991275929625,1.0,0.26712544058621107,0.12079955217257603,0.03820103399160443,0.5905516743448461,0.7596274633244012,0.49351210773227544,0.4475325832248175,0.4345684114286327,1.0,0.0,0.0,0.0,1.0
1,0.0,0.0,0.0,-0.2013973593711853,-0.03125131502747536,-8.617837738711387e-05,-0.38890525698661804,-0.07986447215080261,-0.0001747141795931384,-0.48613154888153076,-0.06944736838340759,-0.00026117797824554145,-0.4722420871257782,-0.055557891726493835,-0.00034569521085359156,-0.3611263036727905,-0.5868302583694458,-0.00012951792450621724,-0.5034934282302856,-0.642388105392456,-0.00025368930073454976,-0.6493328809738159,-0.642388105392456,-0.0003413089725654572,-0.7778105139732361,-0.6284986734390259,-0.0003970185643993318,-0.1562565714120865,-0.631971001625061,-0.00014966506569180638,-0.32987499237060547,-0.3750157654285431,-0.00026455489569343626,-0.333347350358963,-0.10764341801404953,-0.00028283585561439395,-0.27778947353363037,-0.024306578561663628,-0.00027916752151213586,0.03819604963064194,-0.5486341714859009,-0.00018409491167403758,-0.13542236387729645,-0.2812618315219879,-0.0002798185159917921,-0.17361842095851898,-0.06944736838340759,-0.0002341663057450205,-0.14583946764469147,-0.027778945863246918,-0.00018749177979771048,0.20834210515022278,-0.4097394645214081,-0.00023117278760764748,0.059030260890722275,-0.2187592089176178,-0.0002912893542088568,-0.0034723682329058647,-0.07291973382234573,-0.0002521512215025723,0.0034723682329058647,-0.03819604963064194,-0.00020799886260647327,-0.7978513731688736,-0.9315776083728423,-0.9942069795712786,0.6699869049451898,-0.835789342327275,-0.8247768779598157,0.8744909843002512,-0.9220283488598463,-0.720402853495331,0.9814039294069594,-0.966732461801957,-0.8240415679747295,-0.9950310967223622,-0.9357522987967036,0.6277425909251166,0.4754990761156313,1.0,0.2788509743835481,0.14846162682277347,0.03835412611834939,0.5648821468578236,0.7489532189292818,0.4680093447059894,0.41783601770390705,0.4013991467646774,1.0,0.0,0.0,0.0,1.0
1,0.0,0.0,0.0,-0.17756542563438416,-0.02390303835272789,-8.615868864580989e-05,-0.33464255928993225,-0.061464957892894745,-0.00017258150910492986,-0.4302546977996826,-0.06829439848661423,-0.00025742288562469184,-0.49171966314315796,-0.05463551729917526,-0.00034019374288618565,-0.34147199988365173,-0.5634287595748901,-0.00012416380923241377,-0.5087932348251343,-0.6214790344238281,-0.0002419841184746474,-0.662455677986145,-0.631723165512085,-0.0003208015696145594,-0.7888002991676331,-0.6146495938301086,-0.00036847908631898463,-0.15366239845752716,-0.6112348437309265,-0.00014186462794896215,-0.33464255928993225,-0.39269277453422546,-0.00025239979731850326,-0.324398398399353,-0.13658879697322845,-0.00026738879387266934,-0.2629334330558777,-0.061464957892894745,-0.000259298860328272,0.02731775864958763,-0.5395257472991943,-0.00017326352826785296,-0.15024767816066742,-0.2970806360244751,-0.00026815489400178194,-0.17073599994182587,-0.09219743311405182,-0.000222597605898045,-0.13658879697322845,-0.040976639837026596,-0.0001741198357194662,0.18780958652496338,-0.4131810963153839,-0.00021675637981388718,0.04439135640859604,-0.24585983157157898,-0.00027572180260904133,-0.006829439662396908,-0.10927103459835052,-0.0002366816916037351,0.006829439662396908,-0.07170911878347397,-0.000191724524484016,-0.7699794327773006,-0.9644671440044529,-0.9798894632018664,0.5914427110549432,-0.7440828118605951,-0.7986481212947313,0.835613055160572,-0.8615559791624122,-0.7727262154325367,0.9605009606468502,-0.9394220826650607,-0.759961804614242,-0.9949127066457432,-0.9866773348673975,-0.9582506076919031,0.4947457832357347,1.0,0.2700222183965948,0.14260299390314943,0.07203385160974737,0.572163989086402,0.756823291373935,0.4187165007208135,0.39285191007765446,0.3593012819163448,1.0,0.0,0.0,0.0,1.0
1,0.0,0.0,0.0,-0.17832626402378082,-0.016211479902267456,-8.025267743505538e-05,-0.3501679599285126,-0.04863443598151207,-0.00015968098887242377,-0.4668906033039093,-0.061603620648384094,-0.00023757934104651213,-0.47013288736343384,-0.08754198998212814,-0.0003142864734400064,-0.35989484190940857,-0.5349788069725037,-0.00010564669355517253,-0.5252519249916077,-0.5836132168769836,-0.00021949096117168665,-0.6808820962905884,-0.5965824127197266,-0.00030097461421974003,-0.8073316812515259,-0.5900978446006775,-0.00035183117142878473,-0.18481086194515228,-0.5868555307388306,-0.00012156135198893026,-0.35665252804756165,-0.4020446836948395,-0.0002296598395332694,-0.34692564606666565,-0.15887250006198883,-0.00025017079315148294,-0.2982912063598633,-0.06808821111917496,-0.0002454967761877924,-0.009726887568831444,-0.5317364931106567,-0.00015082114259712398,-0.18156856298446655,-0.32422956824302673,-0.00024400725669693202,-0.197780042886734,-0.12320724129676819,-0.0002069987531285733,-0.16211478412151337,-0.06484591960906982,-0.00016294878150802106,0.1459033042192459,-0.42149844765663147,-0.0001909934071591124,0.003242295701056719,-0.2788374423980713,-0.0002478644601069391,-0.04863443598151207,-0.13293412327766418,-0.00021259502682369202,-0.035665255039930344,-0.08105739206075668,-0.00017068965826183558,-0.7696150208269725,-0.9794842453320702,-0.9909847643527095,0.49397900677492174,-0.7045345093804102,-0.8996493727806829,0.7583961138929934,-0.8189680481975292,-0.8086041780107954,0.8995079673315594,-0.9031339063407106,-0.8328306436590335,-0.9954121169382493,-0.9971262825741158,-0.23285577069526128,0.4782139944920154,1.0,0.3059635910602954,0.1746030418885265,0.08855699160108046,0.5080486471024009,0.7464497068645185,0.40898242493211495,0.35928148733987775,0.33711520371360026,1.0,0.0,0.0,0.0,1.0
1,0.0,0.0,0.0,-0.18858669698238373,-0.019851230084896088,-8.001538662938401e-05,-0.36063069105148315,-0.05624515563249588,-0.00016115327889565378,-0.4797380864620209,-0.0694793090224266,-0.00024206026864703745,-0.5161319971084595,-0.06286223232746124,-0.00032248429488390684,-0.3837904632091522,-0.5326746702194214,-0.00010354225378250703,-0.5525259375572205,-0.5789942145347595,-0.00021609605755656958,-0.6981016397476196,-0.5922284126281738,-0.0002931561029981822,-0.8105919361114502,-0.5856112837791443,-0.00033954757964238524,-0.2117464691400528,-0.5922284126281738,-0.00012226081162225455,-0.38048192858695984,-0.41025876998901367,-0.0002324175729881972,-0.36063069105148315,-0.16211839020252228,-0.0002517441753298044,-0.30438554286956787,-0.07278784364461899,-0.00024401281552854925,-0.036393921822309494,-0.5459088683128357,-0.00015474046813324094,-0.20182085037231445,-0.3308538496494293,-0.0002545219613239169,-0.20182085037231445,-0.12903299927711487,-0.0002205704222433269,-0.16542692482471466,-0.07278784364461899,-0.00017591239884495735,0.12572446465492249,-0.4433441460132599,-0.00019732161308638752,-0.016542691737413406,-0.3010770082473755,-0.00025606126291677356,-0.05624515563249588,-0.15219277143478394,-0.00022121942311059684,-0.04631953686475754,-0.09925615787506104,-0.00017917080549523234,-0.7784925417863712,-0.984332167277922,-0.9888582365650088,0.46154687254481375,-0.6767109216669919,-0.8860271048320093,0.7503108952171983,-0.7926239190798648,-0.8395700735978331,0.8731974994873168,-0.8654261752955211,-0.9022010598121395,-0.9946395858558964,-0.9952205447091657,-0.9580965825488929,0.5199461413392533,1.0,0.31296756656934305,0.18073230947152943,0.10953225698806077,0.5492832189914633,0.7277883508710711,0.40471963498646163,0.3558793904042085,0.3282029682541654,1.0,0.0,0.0,0.0,1.0
1,0.0,0.0,0.0,-0.18481571972370148,-0.019454287365078926,-7.897317118477076e-05,-0.35017716884613037,-0.05512047931551933,-0.0001583349221618846,-0.46690288186073303,-0.05836286023259163,-0.00023652125673834234,-0.5252657532691956,-0.035666193813085556,-0.00031438234145753086,-0.3858433663845062,-0.5058114528656006,-0.00010897054016822949,-0.5641742944717407,-0.5447200536727905,-0.00022121414076536894,-0.7100814580917358,-0.5576895475387573,-0.00029957271181046963,-0.8300495743751526,-0.5576895475387573,-0.0003482553001958877,-0.21723954379558563,-0.5641742944717407,-0.00012860930291935802,-0.3923281133174896,-0.3858433663845062,-0.00024100500741042197,-0.36963143944740295,-0.14266477525234222,-0.00026061254902742803,-0.3145109713077545,-0.05512047931551933,-0.00025367466150783,-0.04863571748137474,-0.5155385732650757,-0.0001615207438590005,-0.21723954379558563,-0.3145109713077545,-0.000261667330050841,-0.21723954379558563,-0.11348333954811096,-0.00022748764604330063,-0.17508858442306519,-0.05836286023259163,-0.0001836555456975475,0.11024095863103867,-0.418267160654068,-0.0002044379652943462,-0.03242381289601326,-0.28857192397117615,-0.000264563801465556,-0.07457476854324341,-0.14266477525234222,-0.00022974234889261425,-0.061605241149663925,-0.09078667312860489,-0.00018859845295082778,-0.76204867179358,-0.9920524146956071,-0.9960726507175593,0.4141540349047827,-0.6453707030768527,-0.8920850092528014,0.7024486222815113,-0.7661914581851162,-0.794357797676186,0.8390419615143704,-0.851608949497527,-0.8647163308857749,-0.9942215924994331,-0.9829985349153825,-0.9215811006232046,0.5264753561518414,1.0,0.3193046849775577,0.18455965637963329,0.10971536350181914,0.554216921117264,0.7386178004627478,0.4024802019126368,0.3488494830822371,0.3134683890101407,1.0,0.0,0.0,0.0,1.0
1,0.0,0.0,0.0,-0.18336790800094604,0.009650942869484425,-9.199888881994411e-05,-0.3603018522262573,-0.016084903851151466,-0.00017964794824365526,-0.46967920660972595,-0.035386789590120316,-0.00026437308406457305,-0.46646222472190857,-0.09007546305656433,-0.00034722741111181676,-0.382820725440979,-0.495415061712265,-0.0001163147171610035,-0.5468867421150208,-0.540452778339386,-0.0002347716799704358,-0.6916508674621582,-0.5694056153297424,-0.0003149011463392526,-0.8106791973114014,-0.5854905247688293,-0.0003646874974947423,-0.22197167575359344,-0.5629716515541077,-0.0001288215134991333,-0.382820725440979,-0.4053395986557007,-0.00024378951638936996,-0.3442169427871704,-0.14154715836048126,-0.00025579461362212896,-0.27987733483314514,-0.06112263724207878,-0.00024151692923624068,-0.04825471341609955,-0.5308018326759338,-0.0001566089631523937,-0.20588678121566772,-0.3603018522262573,-0.0002662834303919226,-0.19623583555221558,-0.1318962126970291,-0.00021799071691930294,-0.1511981040239334,-0.07077357918024063,-0.00016100473294500262,0.11259432882070541,-0.4407263696193695,-0.00019529153360053897,-0.01930188573896885,-0.340999960899353,-0.00026714405976235867,-0.054688673466444016,-0.1737169623374939,-0.00022535970492754132,-0.0386037714779377,-0.11259432882070541,-0.0001753315591486171,-0.7991012577970068,-0.9975148683789993,-0.9980115030729958,0.38916660848704493,-0.5891345649885984,-0.8630945777748219,0.6697957051284533,-0.704958817427289,-0.8293804756009941,0.7817803838288415,-0.7551330663877106,-0.8934674121345858,-0.9806533001896979,-0.9995429859176808,-0.11565795387616458,0.47507968821360563,1.0,0.28647402284009305,0.16694247555553984,0.11902841542093087,0.4777320677466643,0.7251578350881037,0.38527837566027234,0.3379698924439826,0.30150512254725825,1.0,0.0,0.0,0.0,1.0
1,0.0,0.0,0.0,-0.1933460682630539,0.028526468202471733,-9.874464012682438e-05,-0.396200954914093,0.012678430415689945,-0.00019109332060907036,-0.5071372389793396,-0.019017646089196205,-0.0002797819906845689,-0.46593233942985535,-0.11410587280988693,-0.0003655659093055874,-0.41204899549484253,-0.46593233942985535,-0.00011701447510858998,-0.564190149307251,-0.532494068145752,-0.000230234072660096,-0.7068225145339966,-0.5673597455024719,-0.0003056934801861644,-0.8145891427993774,-0.5800381898880005,-0.0003535265859682113,-0.24722939729690552,-0.5420029163360596,-0.0001268823689315468,-0.3866921365261078,-0.4088793992996216,-0.00024118428700603545,-0.3486568331718445,-0.14580194652080536,-0.0002490038750693202,-0.2852647006511688,-0.06022254750132561,-0.00023117517412174493,-0.066561758518219,-0.5261548757553101,-0.00015321375394705683,-0.2091941088438034,-0.3708440959453583,-0.00026410474674776196,-0.19968529045581818,-0.1426323503255844,-0.00021243069204501808,-0.15531077980995178,-0.07290097326040268,-0.0001530770241515711,0.1045970544219017,-0.45008429884910583,-0.0001907922705868259,-0.022187253460288048,-0.35499605536460876,-0.0002652739640325308,-0.053883329033851624,-0.18383724987506866,-0.00022259203251451254,-0.03803529217839241,-0.11410587280988693,-0.00017194831161759794,-0.9071719769254064,-0.9851300123981851,-0.9924898666217913,0.3280115012207428,-0.5798650378088162,-0.8804597715950538,0.6458131649590856,-0.7077320614088641,-0.8652804102740815,0.7655153203673203,-0.7356404221933732,-0.9184757852859651,-0.9749165335549688,-0.9800003443626228,0.1302364433399657,0.4797011816770985,1.0,0.2915523010415365,0.17156927064975022,0.12027827071823419,0.4434901454684322,0.7142363342589629,0.3731408008830948,0.32541981728326086,0.29558156129488067,1.0,0.0,0.0,0.0,1.0
1,0.0,0.0,0.0,-0.19149577617645264,0.02393697202205658,-8.98733560461551e-05,-0.3979521691799164,0.005984243005514145,-0.00017109875625465065,-0.5146449208259583,-0.026929093524813652,-0.00025061538326554,-0.4907079339027405,-0.11669273674488068,-0.0003264169208705425,-0.41889700293540955,-0.46078670024871826,-9.994984429795295e-05,-0.5834636688232422,-0.5236212611198425,-0.00021156623552087694,-0.7240933775901794,-0.5415740013122559,-0.0002843811525963247,-0.8348019123077393,-0.5505503416061401,-0.00032888687564991415,-0.2573224604129791,-0.5355897545814514,-0.00011105681187473238,-0.4278733730316162,-0.4099206328392029,-0.0002308590046595782,-0.3740151822566986,-0.1466139554977417,-0.00024309413856826723,-0.30220428109169006,-0.05984243005514145,-0.00022538968187291175,-0.08677152544260025,-0.5206291675567627,-0.0001382265763822943,-0.24834609031677246,-0.36803093552589417,-0.00025310335331596434,-0.22440911829471588,-0.14062970876693726,-0.00020530300389509648,-0.1735430508852005,-0.06881879270076752,-0.00014466601714957505,0.07779515534639359,-0.44881823658943176,-0.00017559640400577337,-0.06283455342054367,-0.36503881216049194,-0.0002473857020959258,-0.0927557647228241,-0.19748002290725708,-0.00020669761579483747,-0.0807872787117958,-0.12267698347568512,-0.00015671942674089223,-0.8923609383536906,-0.9718675266366102,-0.9989390383444184,0.1860529975168334,-0.41983579122060494,-0.8825330434692142,0.5577608265720949,-0.6067433808490686,-0.8720503172500512,0.6510086357908194,-0.6548569724367678,-0.9442904399343752,-0.9778024221021613,-0.9823479353289993,-0.014307488253183185,0.5043922586526852,1.0,0.30807238636572204,0.1866902139785071,0.1468885630155778,0.448908073806272,0.7152923541379584,0.37199907829363243,0.3263936745412265,0.27627504616521664,1.0,0.0,0.0,0.0,1.0
1,0.0,0.0,0.0,-0.2008432298898697,0.01697266660630703,-6.854137609479949e-05,-0.3932001292705536,0.0,-0.00013697217218577862,-0.5063512325286865,-0.02545900084078312,-0.00020664952171500772,-0.4922073483467102,-0.10466478019952774,-0.00027474091621115804,-0.4073440134525299,-0.4384605586528778,-8.200485171983019e-05,-0.5968721508979797,-0.48937857151031494,-0.0001821130426833406,-0.7383110523223877,-0.5148375630378723,-0.00025242261472158134,-0.848633348941803,-0.5289814472198486,-0.0002968352928292006,-0.26590511202812195,-0.5063512325286865,-9.820697596296668e-05,-0.43563178181648254,-0.37339869141578674,-0.0002096740936394781,-0.38754257559776306,-0.14143888652324677,-0.00022884416102897376,-0.3168231248855591,-0.04243166744709015,-0.000218395798583515,-0.11315111815929413,-0.4922073483467102,-0.00012699754734057933,-0.28004899621009827,-0.3394533395767212,-0.00023089905153028667,-0.2545900046825409,-0.13578133285045624,-0.00019423963385634124,-0.2008432298898697,-0.05091800168156624,-0.00014305440708994865,0.031116556376218796,-0.42714545130729675,-0.00016399686865042895,-0.11032233387231827,-0.3394533395767212,-0.00022970486315898597,-0.14143888652324677,-0.18104177713394165,-0.0001969492732314393,-0.1301237791776657,-0.10183600336313248,-0.00015361745317932218,-0.8474081969822846,-0.9964431829145456,-0.9987208481935763,0.17995312238405464,-0.4440145467569913,-0.914781972841126,0.4927261495130944,-0.5784474135844163,-0.90466033146082,0.5872965898692178,-0.6808735669272187,-0.9441283843272426,-0.9851905455984956,-0.9911276312382544,-0.044591280730159284,0.5032125465553147,1.0,0.31965196484297337,0.2071971669748125,0.165235573366635,0.4339330846584813,0.714839541874036,0.36965319069276137,0.32574206428442615,0.27180417722990924,1.0,0.0,0.0,0.0,1.0
1,0.0,0.0,0.0,-0.2131761908531189,0.027685221284627914,-5.902142947888933e-05,-0.39866718649864197,-0.0027685221284627914,-0.00011722920316969976,-0.5011025071144104,-0.027685221284627914,-0.00017641241720411927,-0.5260192155838013,-0.10520383715629578,-0.0002347501867916435,-0.39866718649864197,-0.4346579611301422,-7.810020906617865e-05,-0.5980007648468018,-0.4789543151855469,-0.00017785468662623316,-0.7447324395179749,-0.4955654442310333,-0.0002475665241945535,-0.8637788891792297,-0.5038710236549377,-0.0002901593688875437,-0.26300960779190063,-0.49833396077156067,-9.651582513470203e-05,-0.4595746695995331,-0.3682134449481964,-0.00021157869196031243,-0.4152783155441284,-0.13565757870674133,-0.00023234743275679648,-0.34329673647880554,-0.024916699156165123,-0.0002214049600297585,-0.12181497365236282,-0.48449134826660156,-0.000126439961604774,-0.31284299492836,-0.3349911570549011,-0.000234677703701891,-0.28238925337791443,-0.12181497365236282,-0.0002009527088375762,-0.22425028681755066,-0.0332222655415535,-0.0001506102125858888,0.011074088513851166,-0.41804683208465576,-0.00016291085921693593,-0.14950019121170044,-0.321148544549942,-0.00023416336625814438,-0.17441688477993011,-0.15503723919391632,-0.0002044949505943805,-0.15780575573444366,-0.07198157161474228,-0.00016239602700807154,-0.8197100133325562,-0.9943935350668699,-0.9990725523961776,0.09896085267584162,-0.38621418948333147,-0.925609388619996,0.4056804981708112,-0.4987438889958587,-0.9052369511901965,0.5391561024183457,-0.6379559174490707,-0.9406398385552327,-0.9577061218892856,-0.9971222752781325,-0.5223528374827046,0.5364364639903724,1.0,0.34419985420649246,0.22669787844086112,0.1734474883992944,0.45456744462068766,0.7223604455522588,0.3908247759066935,0.3410949830845398,0.2951431819652688,1.0,0.0,0.0,0.0,1.0
1,0.0,0.0,0.0,-0.21606631577014923,0.027008289471268654,-6.701383244944736e-05,-0.40242353081703186,0.013504144735634327,-0.0001325162738794461,-0.4996533691883087,-0.013504144735634327,-0.0001978363434318453,-0.5158583521842957,-0.09452901780605316,-0.00026059808442369103,-0.4240301549434662,-0.4186285138130188,-8.6605352407787e-05,-0.61038738489151,-0.4699442386627197,-0.0001945045223692432,-0.7508304715156555,-0.48614922165870667,-0.00027027420583181083,-0.872367799282074,-0.48885005712509155,-0.0003160800551995635,-0.29168954491615295,-0.4807475805282593,-0.0001038683476508595,-0.4726450741291046,-0.34570610523223877,-0.0002179298608098179,-0.4240301549434662,-0.11883647739887238,-0.00023723897174932063,-0.3565094470977783,-0.018905803561210632,-0.00022723588335793465,-0.15124642848968506,-0.4672434329986572,-0.00013444741489365697,-0.32409948110580444,-0.3132961690425873,-0.00023986122687347233,-0.29168954491615295,-0.1107339933514595,-0.00020236248383298516,-0.24037379026412964,-0.029709119349718094,-0.00015133974375203252,-0.016204973682761192,-0.3970218598842621,-0.00017327697423752397,-0.1647505760192871,-0.29168954491615295,-0.00024252869479823858,-0.18635720014572144,-0.13234062492847443,-0.00021089405345264822,-0.1701522320508957,-0.05401657894253731,-0.0001680520799709484,-0.872605328087877,-0.988192055761193,-0.995710325218781,0.09560064003851243,-0.4168847957832437,-0.9275026430027226,0.40278357071306076,-0.5387527187775695,-0.9187417857690532,0.5446798453739965,-0.6827883750156403,-0.9431576968564902,-0.9807184061779091,-0.9803419043425152,-0.45140808541956534,0.524447909680479,1.0,0.3570104390899505,0.24220282741390922,0.1785205913899041,0.4263096420371247,0.7089248437120211,0.37919992390730706,0.3292478156525933,0.2987820347393805,1.0,0.0,0.0,0.0,1.0
1,0.0,0.0,0.0,-0.20936980843544006,0.013957987539470196,-8.241095929406583e-05,-0.40478163957595825,0.002791597507894039,-0.00016262524877674878,-0.5136539340019226,-0.022332780063152313,-0.00024259374185930938,-0.4969043433666229,-0.0977059081196785,-0.00031866764766164124,-0.44665560126304626,-0.44107240438461304,-0.00010077529441332445,-0.6197346448898315,-0.48573794960975647,-0.0002102637372445315,-0.7565228939056396,-0.4969043433666229,-0.00027690723072737455,-0.8709784150123596,-0.4913211464881897,-0.0003157416940666735,-0.29032614827156067,-0.5052791237831116,-0.00011537838145159185,-0.4578219950199127,-0.3712824583053589,-0.00022685216390527785,-0.399198442697525,-0.12841348350048065,-0.0002302063803654164,-0.3294084966182709,-0.06699834018945694,-0.0002093133662128821,-0.12562188506126404,-0.4913211464881897,-0.00014566896425094455,-0.28474295139312744,-0.3294084966182709,-0.00025457845185883343,-0.2540353834629059,-0.12562188506126404,-0.0002053054777206853,-0.20099501311779022,-0.0781647264957428,-0.00014682886830996722,0.030707571655511856,-0.42153123021125793,-0.00018578638264443725,-0.11166390031576157,-0.3126589059829712,-0.00025190989254042506,-0.13399668037891388,-0.1563294529914856,-0.00021138526790309697,-0.11166390031576157,-0.10328910499811172,-0.00016403426707256585,-0.8645435979407571,-0.9853977923790915,-0.9915367125152578,0.15261921145807256,-0.4240314056958958,-0.8183324800611628,0.5173695326326299,-0.6008256463511676,-0.7703942434790577,0.6635586292600926,-0.7136839529051675,-0.8574927380028943,-0.9923652747790057,-0.9856324090482519,-0.008130512509402497,0.5064192770164666,1.0,0.33615291663493235,0.21565886999255926,0.15211013605118792,0.4294145329705483,0.7146576416828575,0.34569855620364554,0.2957091499275606,0.2740689449945911,1.0,0.0,0.0,0.0,1.0
1,0.0,0.0,0.0,-0.20084649324417114,0.017986252903938293,-9.456873522140086e-05,-0.3986952602863312,0.008993126451969147,-0.0001851391716627404,-0.5006173849105835,-0.014988544397056103,-0.00027272471925243735,-0.43766549229621887,-0.08093813806772232,-0.00035738229053094983,-0.4436609148979187,-0.4466586112976074,-0.00012167575914645568,-0.5995417833328247,-0.5066127777099609,-0.00024026106984820217,-0.7344386577606201,-0.5216013193130493,-0.0003180521016474813,-0.8513492941856384,-0.524599015712738,-0.0003674706385936588,-0.28178462386131287,-0.5365898609161377,-0.00013521546497941017,-0.4016929864883423,-0.3897021412849426,-0.0002495956141501665,-0.33274567127227783,-0.14089231193065643,-0.00025723257567733526,-0.2697937786579132,-0.06594959646463394,-0.0002406592684565112,-0.09892439097166061,-0.524599015712738,-0.00016464132932014763,-0.21883274614810944,-0.3477342128753662,-0.0002732421562541276,-0.17986252903938293,-0.14089231193065643,-0.0002208957012044266,-0.13189919292926788,-0.09292897582054138,-0.0001632774219615385,0.07194501161575317,-0.45265403389930725,-0.00020556020899675786,-0.029977088794112206,-0.3237525522708893,-0.0002770775172393769,-0.03597250580787659,-0.16187627613544464,-0.00023472707835026085,-0.008993126451969147,-0.11391293257474899,-0.0001861109776655212,-0.9124388923182164,-0.9672795714301222,-0.9963878154104503,0.3918324029232491,-0.5776555454062408,-0.9096587724113235,0.7093873259296934,-0.7095001227351017,-0.8258009711186164,0.8720495967759513,-0.8068338870114973,-0.8528329006283734,-0.9909367143286398,-0.9828132837844034,0.506442905191098,0.44508670969713243,1.0,0.2777374745163189,0.1613481227498087,0.11426753371027301,0.4234319045395144,0.7132788675159626,0.3472878776582047,0.29974805633328655,0.3121028102147879,1.0,0.0,0.0,0.0,1.0
1,0.0,0.0,0.0,-0.16300494968891144,0.025356324389576912,-0.00013772027159575373,-0.35498854517936707,0.018111661076545715,-0.00024745429982431233,-0.4527915120124817,0.01086699590086937,-0.0003472713869996369,-0.38034486770629883,-0.04346798360347748,-0.00044381534098647535,-0.4672808349132538,-0.474525511264801,-0.0001765181659720838,-0.5469721555709839,-0.5904401540756226,-0.0003118423046544194,-0.6447750926017761,-0.6411527991294861,-0.0004042187938466668,-0.7389557361602783,-0.6737537384033203,-0.0004667141765821725,-0.27529722452163696,-0.6121740937232971,-0.00017622676386963576,-0.3006535768508911,-0.4238128662109375,-0.00032661500154063106,-0.23182925581932068,-0.12678162753582,-0.00035406334791332483,-0.18473893404006958,-0.014489328488707542,-0.00034568351111374795,-0.05433497950434685,-0.6157964468002319,-0.00019338472338858992,-0.06882430613040924,-0.38396719098091125,-0.00033787585562095046,-0.050712648779153824,-0.12315928936004639,-0.0003008699859492481,-0.039845652878284454,-0.039845652878284454,-0.00024529153597541153,0.15213795006275177,-0.5433498024940491,-0.0002244265633635223,0.13402628898620605,-0.3767225444316864,-0.0003240836667828262,0.11591462790966034,-0.18473893404006958,-0.0002942180435638875,0.11229229718446732,-0.11953695863485336,-0.00024852404021658003,-0.9846533677008796,-0.8822592750416508,-0.9894901895528012,0.8491514854307246,-0.935367123265497,-0.9856878774898687,0.9887068194721976,-0.9913329004851096,-0.9981781871395049,0.9864608602444208,-0.9998988049622056,-0.9992564198962846,-0.9816175039560664,-0.9993440577409964,0.7534893096417715,0.3828209342229684,1.0,0.1853065976675489,0.056350796823517214,0.16400824841097375,0.47727397843889957,0.6500302450579288,0.43824475415167585,0.4189107445789382,0.40848211374043153,1.0,0.0,0.0,0.0,1.0
1,0.0,0.0,0.0,-0.15568146109580994,0.03193465992808342,-0.00016602675896137953,-0.34728941321372986,0.035926491022109985,-0.00029194034868851304,-0.42712607979774475,0.027942826971411705,-0.0004016062885057181,-0.3432975709438324,-0.051893822848796844,-0.0005063696880824864,-0.4790198802947998,-0.5109545588493347,-0.00021604144421871752,-0.5269218683242798,-0.6147421598434448,-0.00037950396654196084,-0.6067585349082947,-0.6865951418876648,-0.000494264648295939,-0.6786115169525146,-0.7344971299171448,-0.0005716269952245057,-0.2634609341621399,-0.6826033592224121,-0.00021286636183504015,-0.25547727942466736,-0.47502806782722473,-0.0003978367894887924,-0.19160795211791992,-0.14370596408843994,-0.0004406298394314945,-0.15168963372707367,0.0039918324910104275,-0.00043811628711409867,-0.019959161058068275,-0.6865951418876648,-0.00023031837190501392,0.01596732996404171,-0.4231342375278473,-0.0004130700253881514,0.011975497007369995,-0.12773863971233368,-0.00038505069096572697,-0.0039918324910104275,-0.01596732996404171,-0.00032921292586252093,0.20757529139518738,-0.6067585349082947,-0.00026279041776433587,0.23551811277866364,-0.3991832435131073,-0.0004001329361926764,0.20757529139518738,-0.1836242824792862,-0.0003819928097072989,0.17564062774181366,-0.10378764569759369,-0.0003383604343980551,-0.9490007076108978,-0.9188763197441706,-0.9895328900278361,0.9460719204561773,-0.9884710812928243,-0.9972979715433292,0.9943372187689533,-0.9889136467496596,-0.9917698674736596,0.894521480402852,-0.9656863985805109,-0.9685163126912839,-0.9835755783837352,-0.9927485682005579,0.6519188003887448,0.3471980212849405,1.0,0.15174277508245307,0.016462039142567365,0.204013769312216,0.5024289900492297,0.6151725202395026,0.503024816837473,0.4931585599118698,0.4868922979428748,1.0,0.0,0.0,0.0,0.0
1,0.0,0.0,0.0,-0.1604992300271988,0.045269012451171875,-0.00019090299610979855,-0.349806010723114,0.0534997433423996,-0.0003353722277097404,-0.4279979467391968,0.045269012451171875,-0.0004584988346323371,-0.3292291760444641,-0.0534997433423996,-0.0005769298877567053,-0.4773823320865631,-0.5103052258491516,-0.00026122803683392704,-0.5185359716415405,-0.6131893396377563,-0.0004497610207181424,-0.5967279076576233,-0.6913812756538391,-0.0005835960619151592,-0.6625737547874451,-0.748996376991272,-0.0006737613002769649,-0.2551526129245758,-0.687265932559967,-0.00025223230477422476,-0.24280652403831482,-0.48561304807662964,-0.00046326228766702116,-0.18519142270088196,-0.1481531411409378,-0.0005160445580258965,-0.14403776824474335,0.004115364979952574,-0.0005187644856050611,-0.004115364979952574,-0.6913812756538391,-0.00026548330788500607,0.03703828528523445,-0.43211331963539124,-0.000468506186734885,0.02880755439400673,-0.1275763064622879,-0.000438833114458248,0.004115364979952574,-0.008230729959905148,-0.00038000373751856387,0.22634506225585938,-0.6131893396377563,-0.0002959434932563454,0.2633833587169647,-0.4033057689666748,-0.0004523872921708971,0.23869116604328156,-0.1810760498046875,-0.00043728991295211017,0.19753751158714294,-0.09876875579357147,-0.0003932923136744648,-0.9317573795892166,-0.9191450779883966,-0.9977851652184552,0.9569936215359238,-0.9941783241721462,-0.9955038585495036,0.9885504686153685,-0.9830391170723141,-0.9843766717706866,0.8636723699272897,-0.9595686067555406,-0.9383429701506938,-0.9733326584802877,-0.9890192812899702,0.6291959198619645,0.33354822994601097,1.0,0.14409748823087037,0.009210078257616213,0.2208539940942103,0.5013489097950405,0.6131564577117627,0.506287021077681,0.5035195926934188,0.5010885597177519,1.0,0.0,0.0,0.0,0.0
1,0.0,0.0,0.0,-0.1619386523962021,0.04982727766036987,-0.00017854513134807348,-0.3654000461101532,0.053979549556970596,-0.00031388376373797655,-0.4525977671146393,0.04567500576376915,-0.00043119295150972903,-0.3487909436225891,-0.05813182517886162,-0.0005414661718532443,-0.4941205084323883,-0.5148818492889404,-0.00022802127932664007,-0.5356432199478149,-0.6228410005569458,-0.00040284451097249985,-0.6062318682670593,-0.6975818872451782,-0.000523199385497719,-0.66436368227005,-0.7474091649055481,-0.000604346685577184,-0.2740500271320343,-0.6934295892715454,-0.00022173966863192618,-0.2532886564731598,-0.4899682402610779,-0.00041771968244574964,-0.18685229122638702,-0.14117728173732758,-0.00045847336878068745,-0.1453295648097992,-0.004152273293584585,-0.000452776497695595,-0.024913638830184937,-0.7058864235877991,-0.00023840829089749604,0.02906591258943081,-0.440140962600708,-0.0004294429672881961,0.03321818634867668,-0.1287204623222351,-0.0003920339804608375,0.012456819415092468,-0.024913638830184937,-0.00032869644928723574,0.20761366188526154,-0.6228410005569458,-0.0002720228221733123,0.2532886564731598,-0.40692275762557983,-0.00041761776083149016,0.22837501764297485,-0.1827000230550766,-0.000398031814256683,0.19100455939769745,-0.10795909911394119,-0.00035167692112736404,-0.9219726197037408,-0.9250381045567234,-0.9944573388467773,0.9625109902022557,-0.9962580365155493,-0.9943859021117757,0.9863982223004918,-0.9825537064464652,-0.9778787672306365,0.8626974782610501,-0.9495108353782612,-0.9383430433952636,-0.9615804895989127,-0.9933536665534892,0.636879674898637,0.35360249739564226,1.0,0.14538956135659,0.027856234938854457,0.2194038178154669,0.505502161100545,0.597582410926277,0.5040470977868693,0.4995839236776509,0.5044642195271137,1.0,0.0,0.0,0.0,0.0
1,0.0,0.0,0.0,-0.15564550459384918,0.03591819480061531,-0.000168619240866974,-0.3512001037597656,0.031927283853292465,-0.0002924244909081608,-0.435009241104126,0.011972730979323387,-0.00039925152668729424,-0.3392273783683777,-0.07981820404529572,-0.000499958114232868,-0.4789092540740967,-0.5307911038398743,-0.00020507337467279285,-0.5188183188438416,-0.6305638551712036,-0.00036255200393497944,-0.590654730796814,-0.7063911557197571,-0.00047455422463826835,-0.6425365805625916,-0.7662547826766968,-0.0005503947613760829,-0.2634000778198242,-0.7024002075195312,-0.0001985659182537347,-0.2434455305337906,-0.5028547048568726,-0.0003864608006551862,-0.1835818737745285,-0.1756000518798828,-0.0004352659161668271,-0.1476636826992035,-0.015963641926646233,-0.0004334849654696882,-0.01995455101132393,-0.7103820443153381,-0.0002126229665009305,0.02793637290596962,-0.4469819664955139,-0.0003967306693084538,0.02793637290596962,-0.15165458619594574,-0.0003747792507056147,0.007981820963323116,-0.02793637290596962,-0.0003193940210621804,0.20752733945846558,-0.6345547437667847,-0.00024207057140301913,0.2434455305337906,-0.42303648591041565,-0.0003791770141106099,0.21550916135311127,-0.20752733945846558,-0.0003663275274448097,0.1756000518798828,-0.11972731351852417,-0.00032438800553791225,-0.9381476004701541,-0.9294521335596602,-0.9990195771245367,0.9666197302504506,-0.9967000863718155,-0.9991844564256046,0.9885043365737758,-0.9838696396425363,-0.9872409810768888,0.8850070506266331,-0.9561841185338179,-0.9560087234082101,-0.9696002598713377,-0.9773295771780515,0.5420936298603368,0.3484916190639045,1.0,0.1485247132446632,0.029056022367513056,0.2125326161435539,0.4919756735696457,0.5877093528923016,0.5010092979149783,0.5019810836110821,0.4887175912088897,1.0,0.0,0.0,0.0,0.0
1,0.0,0.0,0.0,-0.1651868224143982,0.01835409179329872,-0.0001168831076938659,-0.363411009311676,-0.014683273620903492,-0.0002040841936832294,-0.39644837379455566,-0.055062275379896164,-0.0002811725134961307,-0.29733628034591675,-0.11379536986351013,-0.00035545314312912524,-0.4368273913860321,-0.5175853967666626,-0.00013906668755225837,-0.4918896555900574,-0.6350515484809875,-0.0002470937615726143,-0.5579643845558167,-0.7231512069702148,-0.00032718738657422364,-0.6093558073043823,-0.7928967475891113,-0.00038652680814266205,-0.23126155138015747,-0.6570764780044556,-0.00014331027341540903,-0.22391991317272186,-0.48821884393692017,-0.00028801802545785904,-0.1725284606218338,-0.20189501345157623,-0.0003240124206058681,-0.13949109613895416,-0.05873309448361397,-0.0003192970179952681,-0.011012454517185688,-0.6570764780044556,-0.00016185047570616007,0.014683273620903492,-0.4184732735157013,-0.000299889303278178,0.011012454517185688,-0.1688576489686966,-0.00027627820963971317,-0.007341636810451746,-0.06240390986204147,-0.00022908285609446466,0.19822418689727783,-0.5836601257324219,-0.00019179651280865073,0.20923663675785065,-0.40379002690315247,-0.00029277303838171065,0.1798700988292694,-0.21657827496528625,-0.0002743088116403669,0.14316190779209137,-0.14316190779209137,-0.00023592589423060417,-0.9657058473623888,-0.9790274699396712,-0.999964137427602,0.9568117740572697,-0.991015836697742,-0.9987897026466248,0.9959054018756395,-0.99256898592763,-0.9878518430629118,0.9254596410596704,-0.9766027998916654,-0.9529256093886557,-0.9622061065361713,-0.7518595174933216,0.15020268114786195,0.3183682905735878,1.0,0.1513520515043768,0.0628347081538141,0.2024616540191024,0.42051949674120775,0.5994503518689045,0.42655167913499176,0.4299530225326047,0.41572406465157025,1.0,0.0,0.0,0.0,0.0
1,0.0,0.0,0.0,-0.16655386984348297,0.012570103630423546,-8.953546785051003e-05,-0.3425353169441223,-0.06913556903600693,-0.00014704253408126533,-0.33625027537345886,-0.17598144710063934,-0.0001959805958904326,-0.21997681260108948,-0.2608296573162079,-0.00024368290905840695,-0.33625027537345886,-0.4493812024593353,-0.00011192288366146386,-0.41167089343070984,-0.6127925515174866,-0.00019902200438082218,-0.4713788628578186,-0.7384935617446899,-0.0002651943941600621,-0.5342293977737427,-0.8453394770622253,-0.0003171313146594912,-0.15398377180099487,-0.5216593146324158,-0.00011865425040014088,-0.1948366016149521,-0.5279443264007568,-0.0002341351064387709,-0.15084123611450195,-0.289112389087677,-0.0002535504463594407,-0.11941598355770111,-0.16341134905815125,-0.00024220120394602418,0.028282731771469116,-0.5059466361999512,-0.0001361283502774313,0.006285051815211773,-0.4870915114879608,-0.00025203824043273926,0.006285051815211773,-0.2608296573162079,-0.0002134769456461072,0.01571263000369072,-0.1571262925863266,-0.00015936589625198394,0.1979791224002838,-0.43995362520217896,-0.00016150018200278282,0.17912396788597107,-0.45252370834350586,-0.0002503432915546,0.14769871532917023,-0.2859698534011841,-0.00021817226661369205,0.1319860816001892,-0.20426417887210846,-0.00017265460337512195,-0.9780363975222508,-0.9999390644444922,-0.9961062348619426,-0.4256479149474702,0.3285954695798881,-0.9980280459323686,0.6921470981641968,-0.6507854877477339,-0.995893259963599,-0.16439901490575812,0.3908116733819627,-0.9999938445324638,-0.8727449302053967,-0.3671233270185734,-0.6358870432330516,0.3412066146486318,1.0,0.20239442094252566,0.15791005344538045,0.2431958292866568,0.20729342097906445,0.6672171297579877,0.2298439785021618,0.23640568428145362,0.25735040611258103,1.0,0.0,0.0,0.0,0.0
1,0.0,0.0,0.0,-0.1603437215089798,-0.014576701447367668,-8.073968638200313e-05,-0.3236027657985687,-0.1253596395254135,-0.0001338316942565143,-0.2973647117614746,-0.2478039264678955,-0.00018158349848818034,-0.18075110018253326,-0.32651811838150024,-0.0002275388251291588,-0.2740419805049896,-0.43730103969573975,-0.00010466877574799582,-0.35275617241859436,-0.6442902088165283,-0.00019147165585309267,-0.40231695771217346,-0.7754805088043213,-0.00024761672830209136,-0.4460470676422119,-0.8950095176696777,-0.00028914425638504326,-0.10495225340127945,-0.46062377095222473,-0.00011300454207230359,-0.14285168051719666,-0.5626606941223145,-0.00023875497572589666,-0.12827497720718384,-0.32651811838150024,-0.0002556035469751805,-0.10495225340127945,-0.19241246581077576,-0.00023799347400199622,0.05830680578947067,-0.43730103969573975,-0.00013160395610611886,0.026238063350319862,-0.5160152316093445,-0.00025331650977022946,0.008746021427214146,-0.2944493889808655,-0.0002132244553649798,0.011661361902952194,-0.18075110018253326,-0.0001544531696708873,0.2099045068025589,-0.38190957903862,-0.00015649783017579466,0.18949712812900543,-0.4810311496257782,-0.00023907373542897403,0.13993634283542633,-0.3236027657985687,-0.00020385411335155368,0.11369827389717102,-0.23031188547611237,-0.0001578239753143862,-0.9807745994108957,-0.9999975275917949,-0.9999450127846174,-0.991351194143342,0.9570957829155791,-0.9938965593514105,-0.8681031379079786,0.893524972335275,-0.9945532552310681,-0.7612255220523468,0.8737006760093011,-0.9995249882195453,-0.8749134893656862,-0.3756572566423023,-0.7207218397762447,0.3732091626812946,1.0,0.21917479977942775,0.1811269523607691,0.2568479759612536,0.15949348630329185,0.6956482263915528,0.172222421661349,0.16615390422331108,0.17678113301115833,1.0,0.0,0.0,0.0,1.0
1,0.0,0.0,0.0,-0.149736225605011,-0.03604760766029358,-9.837985999183729e-05,-0.2856079638004303,-0.14141754806041718,-0.0001675339590292424,-0.280062198638916,-0.26065194606781006,-0.0002311281132278964,-0.18301093578338623,-0.36602187156677246,-0.0002901771222241223,-0.24401457607746124,-0.4519815444946289,-0.00010766359628178179,-0.3105640113353729,-0.6765859127044678,-0.0001974725746549666,-0.34383872151374817,-0.806911826133728,-0.0002515364612918347,-0.3632489740848541,-0.9316920638084412,-0.0002886233851313591,-0.08595968037843704,-0.4658460319042206,-0.0001093376413336955,-0.10259704291820526,-0.5823075175285339,-0.0002404608967481181,-0.09150546789169312,-0.3604760766029358,-0.0002614075783640146,-0.07209521532058716,-0.23015011847019196,-0.0002445120771881193,0.06377653777599335,-0.4381170868873596,-0.00012343990965746343,0.05823075398802757,-0.5351683497428894,-0.0002499755355529487,0.03604760766029358,-0.32720136642456055,-0.0002143553429050371,0.027728930115699768,-0.21351276338100433,-0.000156242836965248,0.20519408583641052,-0.3826592266559601,-0.00014554819790646434,0.20519408583641052,-0.49357494711875916,-0.0002267532399855554,0.1580549031496048,-0.34938451647758484,-0.00019381898164283484,0.12200728803873062,-0.2551061511039734,-0.00014838058268651366,-0.9786553797909374,-0.9992751388809468,-0.9954280684149313,-0.99917662812321,0.9957759025827786,-0.9952125314393597,-0.9797399341049972,0.9866881387048455,-0.9994480535558016,-0.8812899693745953,0.9504950899408163,-0.9987883153248793,-0.9117041371810154,-0.5754470843708921,-0.7662273073330693,0.40922498876854796,1.0,0.24117805301922332,0.21530587756333722,0.2827807560482924,0.17178786184040448,0.6813643195322503,0.13194779230144785,0.14002205121812913,0.1630621935150624,1.0,0.0,0.0,0.0,1.0
1,0.0,0.0,0.0,-0.15458939969539642,-0.03588682413101196,-0.0001006693419185467,-0.2870945930480957,-0.14354729652404785,-0.00016966441762633622,-0.2760525047779083,-0.267770916223526,-0.00023360922932624817,-0.18771569430828094,-0.3754313886165619,-0.00029272824758663774,-0.2429261952638626,-0.4637681841850281,-0.00010937023034784943,-0.30365774035453796,-0.6873707175254822,-0.00019612984033301473,-0.32850247621536255,-0.8171153664588928,-0.0002477520320098847,-0.3450656235218048,-0.9385784864425659,-0.0002833409234881401,-0.08833679556846619,-0.4720497727394104,-0.00010887477401411161,-0.1021394208073616,-0.5824707746505737,-0.00023776193847879767,-0.08557627350091934,-0.3699103593826294,-0.0002585424517747015,-0.06901312619447708,-0.24568672478199005,-0.00024256717006210238,0.05797102302312851,-0.4416840076446533,-0.00012090324889868498,0.05797102302312851,-0.535541832447052,-0.0002464590361341834,0.04140787571668625,-0.33126300573349,-0.0002143994643120095,0.030365774407982826,-0.22084200382232666,-0.00015893217641860247,0.19323675334453583,-0.3892340064048767,-0.00014132102660369128,0.2097999006509781,-0.5051760673522949,-0.00022284143778961152,0.16839201748371124,-0.3699103593826294,-0.00019512561266310513,0.13250519335269928,-0.27881303429603577,-0.0001536481431685388,-0.976481822822531,-0.9971128096247508,-0.9985601275411906,-0.9981614504777238,0.998914087035369,-0.998499544857859,-0.9914957997808976,0.9967283286659675,-0.9998238796422696,-0.9495777189854778,0.9879855585448066,-0.9969433987090588,-0.8986062140558042,-0.5593991685891632,-0.8261995216850782,0.4197451585928669,1.0,0.25519567646930474,0.22291993079142855,0.3086978229358446,0.173119183862521,0.671396056648048,0.1200000973024394,0.14038673802291216,0.16616983100377533,1.0,0.0,0.0,0.0,1.0
1,0.0,0.0,0.0,-0.1635417640209198,-0.06269101053476334,-8.939090184867382e-05,-0.2916494905948639,-0.16626746952533722,-0.0001504089159425348,-0.2671182155609131,-0.2834723889827728,-0.00020719258463941514,-0.16626746952533722,-0.3761460781097412,-0.0002605790796224028,-0.2453126460313797,-0.4769968092441559,-9.116630826611072e-05,-0.29982656240463257,-0.6950525045394897,-0.00017727694648783654,-0.32163214683532715,-0.8204345107078552,-0.00023501038958784193,-0.33253493905067444,-0.9430908560752869,-0.00027586700161919,-0.08449658006429672,-0.4824482202529907,-9.383106953464448e-05,-0.09812506288290024,-0.5996531248092651,-0.00021452848159242421,-0.0817708820104599,-0.3761460781097412,-0.0002364538231631741,-0.06541670858860016,-0.25076404213905334,-0.0002237935404991731,0.06269101053476334,-0.44973987340927124,-0.00010868171375477687,0.05996531620621681,-0.5478649139404297,-0.00022365937184076756,0.04088544100522995,-0.3379863202571869,-0.00018706124683376402,0.029982658103108406,-0.22895847260951996,-0.00013156312343198806,0.19352442026138306,-0.3870488405227661,-0.0001316605048486963,0.20715290307998657,-0.5069794654846191,-0.00020190764917060733,0.16626746952533722,-0.3625175952911377,-0.00016624685667920858,0.13628481328487396,-0.2807466983795166,-0.00012173829600214958,-0.9736590553622301,-0.9973521279461979,-0.9965129306064585,-0.9983398632556241,0.9990871600615597,-0.9983952132485794,-0.9862080829041971,0.9929947716532314,-0.9999593112329225,-0.9392022672400001,0.9868006502244547,-0.9971406942281112,-0.951151379565217,-0.4560796948739031,-0.8131209214174291,0.4112551669318359,1.0,0.2591563235143779,0.2309133269721557,0.312077359262272,0.15248806073058604,0.6647413720462926,0.11974466687123805,0.1377434279638223,0.17018915630770987,1.0,0.0,0.0,0.0,1.0
1,0.0,0.0,0.0,-0.16508421301841736,-0.04197056218981743,-9.621949720894918e-05,-0.30778414011001587,-0.162286177277565,-0.0001590923493495211,-0.27140963077545166,-0.26581355929374695,-0.00021623828797601163,-0.162286177277565,-0.34136059880256653,-0.00027085907640866935,-0.2630155384540558,-0.4868585467338562,-0.00010656319500412792,-0.30778414011001587,-0.6911152601242065,-0.00019799181609414518,-0.32457235455513,-0.8170269727706909,-0.00025525211822241545,-0.33296647667884827,-0.9429386854171753,-0.00029705429915338755,-0.09513327479362488,-0.5036467909812927,-0.00010952814773190767,-0.10072935372591019,-0.5931839942932129,-0.00023859033535700291,-0.08394112437963486,-0.35814881324768066,-0.0002579808933660388,-0.07554701715707779,-0.2378332018852234,-0.0002417152572888881,0.061556827276945114,-0.4756664037704468,-0.00012545156641863286,0.06715290248394012,-0.537223219871521,-0.0002496957895345986,0.05036467686295509,-0.31617823243141174,-0.00021273252787068486,0.03357645124197006,-0.2182469367980957,-0.0001560548844281584,0.20145870745182037,-0.41410955786705017,-0.00014995883975643665,0.21544890105724335,-0.48965656757354736,-0.0002315434830961749,0.1818724423646927,-0.338562548160553,-0.00020084460265934467,0.15109403431415558,-0.27140963077545166,-0.00015875729150138795,-0.9611810115462909,-0.996539673322952,-0.9978239113582766,-0.9922876602539993,0.9999593111774313,-0.9999986545989176,-0.9992752010608397,0.9998879166076553,-0.995587545187964,-0.9638591613145189,0.9993675319372477,-0.9778022677673123,-0.8997789925887567,-0.3547235297027077,-0.8095721496352958,0.37797343794095584,1.0,0.24954365807038045,0.2208146739856708,0.3106326153940739,0.14740121842035717,0.6480076747930269,0.14933245823501107,0.16634560989969743,0.19972967872691338,1.0,0.0,0.0,0.0,1.0
1,0.0,0.0,0.0,-0.21448871493339539,-0.010906205512583256,-0.00012206187238916755,-0.3889879882335663,-0.10542665421962738,-0.00022611486201640218,-0.2799259424209595,-0.1599576771259308,-0.00032627166365273297,-0.10906205326318741,-0.19994710385799408,-0.0004206918238196522,-0.3671755790710449,-0.5925704836845398,-0.00017199176363646984,-0.42897742986679077,-0.8143300414085388,-0.00031776551622897387,-0.432612806558609,-0.9015796780586243,-0.0004132040776312351,-0.41080039739608765,-0.894308865070343,-0.00046927251969464123,-0.14541608095169067,-0.7161741852760315,-0.0001806126965675503,-0.11633285880088806,-0.5816643238067627,-0.0003430610231589526,-0.08724964410066605,-0.29083216190338135,-0.0003772273485083133,-0.07270804047584534,-0.1345098614692688,-0.00036968610947951674,0.07270804047584534,-0.6943617463111877,-0.00020623827003873885,0.11633285880088806,-0.4871438443660736,-0.0003560549230314791,0.10179125517606735,-0.2290303111076355,-0.00032523387926630676,0.08361424505710602,-0.11269745975732803,-0.00027253676671534777,0.2690197229385376,-0.6034767031669617,-0.00024548236979171634,0.31627994775772095,-0.43624821305274963,-0.00035195413511246443,0.26538434624671936,-0.24720732867717743,-0.0003278304939158261,0.21812410652637482,-0.1599576771259308,-0.00028350797947496176,-0.9602393713016293,-0.973632298144753,0.35544390009349114,0.9999194068838962,-0.9935913892528933,-0.9999761628171088,0.9517738787100658,-0.9654123930242865,-0.9951312089798874,0.7682019259877939,-0.8585192355370934,-0.9728791968483822,-0.9023440543106866,0.5734616970775408,-0.9728061650861467,0.22775766831484567,0.9841471494579737,0.15290356477512163,0.14032865561579055,0.27048968534602885,0.32998000573356834,0.5300675624701562,0.3887215673587776,0.42525689559225277,0.44071991784843856,1.0,0.0,0.0,0.0,0.0
1,0.0,0.0,0.0,-0.24398191273212433,0.03558069467544556,-0.00020535601652227342,-0.4828808605670929,0.04574660584330559,-0.0003830439818557352,-0.406636506319046,0.1016591265797615,-0.0005456418148241937,-0.17790347337722778,0.116907998919487,-0.000696892908308655,-0.5082956552505493,-0.7116138935089111,-0.0003035838599316776,-0.5286274552345276,-0.8488537073135376,-0.0005427604191936553,-0.4981297254562378,-0.7776923179626465,-0.0006994223804213107,-0.44730016589164734,-0.615037739276886,-0.0007853439310565591,-0.19823530316352844,-0.8793514370918274,-0.0003083495539613068,-0.14232277870178223,-0.5845400094985962,-0.0005426784045994282,-0.11182504147291183,-0.16773755848407745,-0.0005951581406407058,-0.07624434679746628,0.05591252073645592,-0.0005923265125602484,0.116907998919487,-0.8386877775192261,-0.00034064723877236247,0.20840121805667877,-0.47271493077278137,-0.0005670935497619212,0.17282052338123322,-0.09149321168661118,-0.0005350509309209883,0.1474057286977768,0.08641026169061661,-0.0004682529252022505,0.406636506319046,-0.6963649988174438,-0.00039385721902363,0.4981297254562378,-0.37105581164360046,-0.0005727233947254717,0.4269683361053467,-0.08641026169061661,-0.0005557888653129339,0.3507239818572998,0.03558069467544556,-0.0005006713327020407,-0.8901268156335046,0.966942878059193,-0.9948007413185332,0.9994112170572967,-0.9934645629697999,-0.9964128096415719,0.9273677150252165,-0.9434054598897927,-0.9988078868571753,0.6947699408693198,-0.8682429586727411,-0.951222737362634,-0.9947734920738356,0.7805316246387783,-0.8439556105745044,0.2128793370253847,0.7604929046781255,0.0945503100684046,0.17086663103054273,0.3525245391321559,0.7554450828819097,0.41082892457809816,0.6822691565624398,0.7350180140296297,0.765933256414735,0.0,0.0,0.0,0.0,0.0
1,0.0,0.0,0.0,-0.31012043356895447,0.04067153483629227,-0.00021859005209989846,-0.6253248453140259,0.025419708341360092,-0.00038690955261699855,-0.5948211550712585,0.06609123945236206,-0.0005451530450955033,-0.2796168029308319,0.07625912874937057,-0.0006844569579698145,-0.5388978123664856,-0.7270036935806274,-0.00031589349964633584,-0.5744854211807251,-0.8185146450996399,-0.0005454728961922228,-0.5287299156188965,-0.6456605792045593,-0.0006557648885063827,-0.4778905212879181,-0.508394181728363,-0.0007100012735463679,-0.2084416151046753,-0.8642700910568237,-0.0003151048149447888,-0.14235037565231323,-0.4778905212879181,-0.0005496216472238302,-0.13218247890472412,-0.04067153483629227,-0.0005778740160167217,-0.14235037565231323,0.0610073022544384,-0.0005621301243081689,0.11693066358566284,-0.8185146450996399,-0.00034320104168727994,0.22369343042373657,-0.38637956976890564,-0.0005737218307331204,0.1576021909713745,-0.005083941854536533,-0.0005394644686020911,0.09151095151901245,0.07625912874937057,-0.0004737654817290604,0.4067153334617615,-0.6914160847663879,-0.00039443583227694035,0.5134781002998352,-0.3304562270641327,-0.0005551305366680026,0.42196717858314514,-0.03558759391307831,-0.0005376703338697553,0.3202883303165436,0.050839416682720184,-0.0004895416786894202,-0.9645669534573277,0.9937167473411798,-0.9954017642844822,0.9977395652605677,-0.9893373120363619,-0.992454856495282,0.9271335580075909,-0.9155844820515421,-0.8724081092847823,0.6827325966549987,-0.8317764598913673,-0.8443839709856656,-0.9840661789567381,0.6379583856650461,-0.6254793900703195,0.2898300801696716,0.697742457111805,0.15487360738698225,0.11912150811606896,0.3242984814346062,0.7350375481400085,0.44735941216923564,0.6882057997243768,0.7097015426135802,0.7639329179720242,0.0,0.0,0.0,0.0,0.0
1,0.0,0.0,0.0,-0.24604280292987823,0.05905027315020561,-0.00023106581647880375,-0.4871647357940674,0.08365455269813538,-0.00043618815834634006,-0.4576396048069,0.1279422640800476,-0.0006267937715165317,-0.2608053684234619,0.10825883597135544,-0.0008035089704208076,-0.531452476978302,-0.6544738411903381,-0.0003503456537146121,-0.6101861596107483,-0.7922578454017639,-0.0006485983030870557,-0.5511358976364136,-0.6889198422431946,-0.0008329306147061288,-0.4576396048069,-0.49208560585975647,-0.0009227258851751685,-0.23620109260082245,-0.8168621063232422,-0.00035291427047923207,-0.18207167088985443,-0.5117690563201904,-0.0006273341132327914,-0.1427048295736313,-0.07873369753360748,-0.0006704901461489499,-0.11317969113588333,0.08857540786266327,-0.0006504523917101324,0.0688919872045517,-0.7725744247436523,-0.00039098880370147526,0.17715081572532654,-0.403510183095932,-0.0006454982794821262,0.11810054630041122,-0.01968342438340187,-0.0005926448502577841,0.07381284236907959,0.12302140146493912,-0.0005046583828516304,0.3444599211215973,-0.6347904205322266,-0.0004533329629339278,0.44779789447784424,-0.31001392006874084,-0.0006460351287387311,0.36414334177970886,-0.024604279547929764,-0.0006177237373776734,0.2854096591472626,0.08365455269813538,-0.0005489115719683468,-0.9867620507040044,0.9999941299703868,-0.9971356903929254,0.9943983578468434,-0.9963951458083837,-0.9964730862315969,0.9307755074625532,-0.9056104715071359,-0.9890279514994723,0.6929488808894986,-0.8291723703323794,-0.9415215318812962,-0.991054645631614,0.4673639979799032,-0.4691552304545581,0.2823828270714359,0.671999371077116,0.14372079893629738,0.14346726064438464,0.29741730144628237,0.7098830395656768,0.3957228438367059,0.6656622371754094,0.713581190220039,0.7494863345929812,0.0,0.0,0.0,0.0,0.0
1,0.0,0.0,0.0,-0.3026338219642639,0.04174259677529335,-0.0002223319752374664,-0.615703284740448,0.03652477264404297,-0.0003962015325669199,-0.579178512096405,0.09913866221904755,-0.0005621463060379028,-0.2504555583000183,0.09392084181308746,-0.0007111441809684038,-0.5270002484321594,-0.7044063210487366,-0.00032003363594412804,-0.5583072304725647,-0.8296340703964233,-0.000555949576664716,-0.5113468170166016,-0.6939706206321716,-0.0006706216954626143,-0.46438637375831604,-0.5687428712844849,-0.0007306436309590936,-0.1982773244380951,-0.8557232022285461,-0.0003245224943384528,-0.12522777915000916,-0.4748220145702362,-0.0005681985639967024,-0.11479213833808899,-0.010435649193823338,-0.0005908977473154664,-0.14609909057617188,0.0834851935505867,-0.0005713725695386529,0.13566343486309052,-0.8139806389808655,-0.0003605104284361005,0.24523775279521942,-0.37046554684638977,-0.000592902593780309,0.18262384831905365,0.03130694478750229,-0.0005472313496284187,0.10435649007558823,0.09913866221904755,-0.00047748765791766346,0.42786160111427307,-0.6783171892166138,-0.00042177495197393,0.5374358892440796,-0.2869803309440613,-0.0005875699571333826,0.4435150623321533,0.005217824596911669,-0.0005704424111172557,0.3339407742023468,0.07304954528808594,-0.0005253916024230421,-0.9220940931117878,0.9961037616467744,-0.9996741511997059,0.9992695956543753,-0.9860856489221991,-0.9413394435577448,0.9181706001984279,-0.9222986505588032,-0.7634842248488489,0.6706241827383059,-0.8342598970842503,-0.7612935095749092,-0.9882065488224203,0.5181926803842055,-0.4900982554540776,0.2674876059154027,0.7342504281838952,0.16827075728517715,0.14394088737410055,0.3418376031765544,0.7373996259879758,0.4340478967237642,0.7032311403226618,0.7226722655943969,0.7754930245356219,0.0,0.0,0.0,0.0,0.0
1,0.0,0.0,0.0,-0.251243531703949,0.06029844656586647,-0.00022086435637902468,-0.49243730306625366,0.09044767171144485,-0.0004216229426674545,-0.48238757252693176,0.13567151129245758,-0.0006077170837670565,-0.27134302258491516,0.13064663112163544,-0.0007789775263518095,-0.5426860451698303,-0.62810879945755,-0.000360067468136549,-0.6080093383789062,-0.7939295768737793,-0.0006807221216149628,-0.5225865244865417,-0.6632829308509827,-0.0008811290026642382,-0.4120393991470337,-0.4673129618167877,-0.0009810214396566153,-0.24119378626346588,-0.8039792776107788,-0.00036613212432712317,-0.16582073271274567,-0.517561674118042,-0.0006626028334721923,-0.14069637656211853,-0.08039792627096176,-0.0007127551943995059,-0.12059689313173294,0.09044767171144485,-0.0006945581990294158,0.07034818828105927,-0.7738300561904907,-0.00040781579446047544,0.19596995413303375,-0.3617906868457794,-0.0006626580725423992,0.1155720204114914,0.00502487039193511,-0.0006062922184355557,0.050248704850673676,0.1155720204114914,-0.0005182212335057557,0.35174092650413513,-0.6431834101676941,-0.0004749889194499701,0.4572632312774658,-0.28139275312423706,-0.0006643609958700836,0.3718404173851013,-0.00502487039193511,-0.000640069367364049,0.28139275312423706,0.07034818828105927,-0.0005765421665273607,-0.94365237271602,0.9792991188867065,-0.9978573772696678,0.9994164869801235,-0.9800828848804417,-0.9982184440768553,0.9262010506100558,-0.8719169046664196,-0.9498807074247821,0.707928298358489,-0.8345006515568314,-0.8384943544542686,-0.9938246414545105,0.09417007458802938,-0.19363465463668897,0.30115805263570317,0.6230239529360023,0.15074771747002796,0.12602417505895805,0.29005359166762124,0.7281819975976678,0.3548118640800728,0.6620278468733262,0.6962723520329119,0.7314065757902386,0.0,0.0,0.0,0.0,0.0
1,0.0,0.0,0.0,-0.29372137784957886,0.019913313910365105,-0.00019466075173113495,-0.5874427556991577,-0.014934984967112541,-0.0003586127713788301,-0.5376594662666321,0.04480495676398277,-0.000517061969731003,-0.25389474630355835,0.08960991352796555,-0.0006616246537305415,-0.4779195189476013,-0.6670960187911987,-0.00031272077467292547,-0.5326811671257019,-0.846315860748291,-0.000534512335434556,-0.4978328347206116,-0.76666259765625,-0.0006319559179246426,-0.4231579303741455,-0.5973994135856628,-0.0006719893426634371,-0.16926316916942596,-0.8214241862297058,-0.0003169644623994827,-0.13939319550991058,-0.4978328347206116,-0.0005367774283513427,-0.13441486656665802,-0.07965325564146042,-0.0005380522343330085,-0.13939319550991058,0.04480495676398277,-0.000499111891258508,0.14437152445316315,-0.7865759134292603,-0.000348345231031999,0.21406812965869904,-0.4082229435443878,-0.000563154520932585,0.13939319550991058,-0.04480495676398277,-0.0005035253707319498,0.07467492669820786,0.049783285707235336,-0.0004221298440825194,0.4231579303741455,-0.6571393609046936,-0.0004013892903458327,0.5028111934661865,-0.3285696804523468,-0.0005666633369401097,0.4132012724876404,-0.0547616146504879,-0.0005415829946286976,0.3186130225658417,0.029869969934225082,-0.0004852589045185596,-0.9476140356114677,0.9932926255408531,-0.9999948260165293,0.9938264664202121,-0.9967900566789794,-0.9986543286879148,0.9345893018582826,-0.926863154321075,-0.9220735786765717,0.6895424183439219,-0.850362599518744,-0.8655190261836757,-0.982791566921825,0.7262330427845003,-0.7521635829752674,0.2692450839234539,0.7320854696102127,0.14641788014182036,0.08974908612395777,0.3200104783725752,0.7167147590088253,0.4073746503600887,0.6432123253737506,0.6426495135540492,0.7012604128542603,0.0,0.0,0.0,0.0,0.0
1,0.0,0.0,0.0,-0.2421618103981018,0.025225188583135605,-0.00021242235379759222,-0.4792785942554474,0.03531526401638985,-0.00040530646219849586,-0.46918851137161255,0.0706305280327797,-0.0005834965268149972,-0.2825221121311188,0.06558549404144287,-0.000748343940358609,-0.5448640584945679,-0.6810801029205322,-0.0003309844760224223,-0.5902694463729858,-0.8072060346603394,-0.0006051813834346831,-0.539819061756134,-0.7567556500434875,-0.0007657532696612179,-0.44900837540626526,-0.5953144431114197,-0.0008431612513959408,-0.24720685184001923,-0.8526114225387573,-0.0003345566219650209,-0.18162135779857635,-0.5448640584945679,-0.0005778499180451035,-0.1664862483739853,-0.13117098808288574,-0.000598545593675226,-0.1463060975074768,0.010090075433254242,-0.0005712844431400299,0.0706305280327797,-0.8172961473464966,-0.00037158880149945617,0.18162135779857635,-0.4288282096385956,-0.0006006440962664783,0.10594579577445984,-0.0706305280327797,-0.0005309255211614072,0.05045037716627121,0.04540533944964409,-0.0004413472779560834,0.3581976890563965,-0.6810801029205322,-0.0004324647889006883,0.44900837540626526,-0.34810760617256165,-0.000613745825830847,0.3632427155971527,-0.07567556947469711,-0.0005809951107949018,0.2875671684741974,0.015135113149881363,-0.0005141336005181074,-0.9463047646183171,0.904809992628304,-0.9629625344489545,0.997391975890631,-0.9850027051386325,-0.9944580672156353,0.9342997577659025,-0.8839718446988052,-0.9718350157510112,0.7313988561080152,-0.8412285591116527,-0.9250054794410014,-0.9981239889665073,0.23358703914588128,-0.2486444272461183,0.29003578854504825,0.7456597632521156,0.14665472560447537,0.06787547949645079,0.2879656302178798,0.7040098720649968,0.37652370750543296,0.6208883010949031,0.6633410288841041,0.7183858742635789,0.0,0.0,0.0,0.0,0.0
1,0.0,0.0,0.0,-0.2706339955329895,-0.024603091180324554,-0.00017421782831661403,-0.4871411919593811,-0.06888865679502487,-0.000334111595293507,-0.4822205603122711,-0.08857112377882004,-0.00047784007620066404,-0.4280937612056732,-0.09841236472129822,-0.0006131496629677713,-0.45269685983657837,-0.7922195196151733,-0.0002836929925251752,-0.5166649222373962,-0.8561875224113464,-0.0005057213129475713,-0.5707917213439941,-0.7725370526313782,-0.0006448612548410892,-0.6052360534667969,-0.6150772571563721,-0.0007149901357479393,-0.14269793033599854,-0.9103143215179443,-0.00029236378031782806,-0.1623803973197937,-0.5806329250335693,-0.0004900010535493493,-0.17222163081169128,-0.2115865796804428,-0.0005237775621935725,-0.14761854708194733,-0.03936494514346123,-0.0005134010571055114,0.14761854708194733,-0.8414257168769836,-0.00032415695022791624,0.11317421495914459,-0.4330143928527832,-0.000493635656312108,0.05904741585254669,-0.13777731359004974,-0.00043841113802045584,0.0541267991065979,-0.029523707926273346,-0.00037050596438348293,0.40349069237709045,-0.6938071250915527,-0.0003770610492210835,0.35920512676239014,-0.34444326162338257,-0.0005047792219556868,0.2755546271800995,-0.11317421495914459,-0.00046686988207511604,0.23618966341018677,-0.034444328397512436,-0.0004050293646287173,-0.9647615713731257,0.20952483036954683,-0.9362668629656609,0.9769499770635407,-0.9994564241031814,-0.9858277319606026,0.9959943235346185,-0.9952813976658543,-0.9907801142972713,0.9208025146289402,-0.9756844000266186,-0.9932114921305397,-0.9938346026583234,0.04319664668273686,-0.41217372816855286,0.439260332051622,0.8629201363621484,0.1527779331571994,0.061656281919521584,0.23868836350705763,0.6908802031917344,0.5972627334958522,0.6238172601851899,0.621230737164692,0.6602655433898266,0.0,0.0,0.0,0.0,0.0
1,0.0,0.0,0.0,-0.21245889365673065,-0.01863674446940422,-0.0001033960870699957,-0.3839169442653656,-0.0521828830242157,-0.00020681529713328928,-0.49201005697250366,-0.041000839322805405,-0.00030337474890984595,-0.6150125861167908,-0.01863674446940422,-0.00039848036249168217,-0.3950989842414856,-0.6299219727516174,-0.00018345196440350264,-0.5851937532424927,-0.641103982925415,-0.0003180871135555208,-0.7454697489738464,-0.5777390599250793,-0.0004058210470248014,-0.8684722781181335,-0.4957374036312103,-0.00045700278133153915,-0.17891274392604828,-0.6709228157997131,-0.0002019315434154123,-0.38764429092407227,-0.39137163758277893,-0.0003166318347211927,-0.4025536775588989,-0.0931837186217308,-0.0003312702174298465,-0.3615528345108032,0.0037273489870131016,-0.00032784653012640774,0.02609144151210785,-0.5740117430686951,-0.00023275653074961156,-0.19009479880332947,-0.28327852487564087,-0.0003318132658023387,-0.2385503351688385,-0.04472818598151207,-0.00028177612693980336,-0.21245889365673065,0.014909395948052406,-0.0002362288360018283,0.20500418543815613,-0.42119041085243225,-0.00027635967126116157,0.029818791896104813,-0.21245889365673065,-0.00035034079337492585,-0.05591023340821266,-0.03727348893880844,-0.00030743819661438465,-0.0521828830242157,0.022364092990756035,-0.0002592371020000428,-0.5801796138378775,-0.9067662100800225,-0.9777145189171285,0.6200679709027801,-0.8301576000430253,-0.9003605127846711,0.8287292565080041,-0.905182361557532,-0.8180355334734752,0.9700716086146701,-0.9705865644864899,-0.8690487232805789,-0.9944172983566285,-0.9564254045143599,-0.9970545382206011,0.6152950069017606,1.0,0.3615722080003549,0.21298150942387503,0.056773877617877354,0.7019182742811448,0.800722651595595,0.5478518092167938,0.4954682703852189,0.48185272035157745,1.0,0.0,0.0,0.0,1.0
2,0.0,0.0,0.0,-0.1895011067390442,-0.008613687008619308,-8.898899250198156e-05,-0.3732597529888153,-0.08326563984155655,-0.00015180371701717377,-0.5110787153244019,-0.15217512845993042,-0.00021420906705316156,-0.6259278655052185,-0.21247093379497528,-0.0002728360996115953,-0.3962295949459076,-0.4220706522464752,-6.841135473223403e-05,-0.4909801483154297,-0.5886019468307495,-0.00015171480481512845,-0.5656321048736572,-0.69196617603302,-0.00019284726295154542,-0.6173142194747925,-0.7867166996002197,-0.00021793479390908033,-0.24979691207408905,-0.4766239821910858,-7.66801240388304e-05,-0.31296393275260925,-0.6546401977539062,-0.00019172787142451853,-0.24692568182945251,-0.4450404644012451,-0.0001951373997144401,-0.20385724306106567,-0.3560323715209961,-0.00016140453226398677,-0.08900809288024902,-0.49385136365890503,-0.00010043031215900555,-0.1263340711593628,-0.631670355796814,-0.00021524900512304157,-0.09187932312488556,-0.43068432807922363,-0.0001693811354925856,-0.07465194910764694,-0.3474186956882477,-0.00010277651017531753,0.08039440959692001,-0.4737527668476105,-0.0001328275684500113,0.057424578815698624,-0.611571729183197,-0.00020111510821152478,0.04019720479846001,-0.4680103063583374,-0.00016353168757632375,0.02296983078122139,-0.3818734288215637,-0.00011639983131317422,-0.972154017497316,-0.9941523152908446,-0.9920551211804052,-0.9899689463287998,0.9993606555885122,-0.9894424510602929,-0.9962893717966197,0.9955182270223595,-0.9994138020266417,-0.9449860472979964,0.9597803153802611,-0.9969621083537871,-0.9426013814985331,-0.9969778803725682,-0.999804040651591,0.6610065598922589,1.0,0.4102643715879075,0.35534865829546197,0.3825636460260582,0.5204594334212338,0.6383715800214413,0.07493644050160635,0.06192536868452101,0.15413866200629395,1.0,0.0,0.0,0.0,1.0
2,0.0,0.0,0.0,-0.1922772377729416,-0.017218858003616333,-7.866266969358549e-05,-0.38168469071388245,-0.10044333338737488,-0.00013341501471586525,-0.525175154209137,-0.16644896566867828,-0.00018985039787366986,-0.6399675607681274,-0.21523572504520416,-0.000243609058088623,-0.39316391944885254,-0.4304714500904083,-5.389812577050179e-05,-0.4878676235675812,-0.5940505862236023,-0.0001352879626210779,-0.5653524994850159,-0.6944939494132996,-0.00017609698988962919,-0.6141392588615417,-0.7891976237297058,-0.00020126953313592821,-0.2468036264181137,-0.4821280241012573,-6.676963676000014e-05,-0.31854885816574097,-0.6686656475067139,-0.00018057739362120628,-0.2611526846885681,-0.4534299075603485,-0.00018371570331510156,-0.21236591041088104,-0.361596018075943,-0.0001491133589297533,-0.08609429001808167,-0.49934688210487366,-9.48846063693054e-05,-0.13201124966144562,-0.6457071900367737,-0.00020780386694241315,-0.103313148021698,-0.4419506788253784,-0.00016112207958940417,-0.08035466820001602,-0.3587262034416199,-9.35387724894099e-05,0.08322448283433914,-0.47064876556396484,-0.00013100459182169288,0.05452638119459152,-0.6170090436935425,-0.00019741151481866837,0.031567905098199844,-0.47064876556396484,-0.0001589625171618536,0.017218858003616333,-0.3845544755458832,-0.00011140277638332918,-0.9769043338868869,-0.9912638225481086,-0.9835956407453625,-0.9943922192884549,0.9943265215430144,-0.9741810390489356,-0.9911331401029325,0.9865696515779983,-0.9916596798153626,-0.9328176070173959,0.9396409529315122,-0.9999542834069252,-0.9477511947627553,-0.9998530569519389,-0.9995717372920876,0.6751925153739489,1.0,0.41934589569842967,0.367615799331925,0.3849397964421472,0.5362298138783776,0.6372469287790986,0.08511690546277126,0.05139121789910633,0.1460075748505957,1.0,0.0,0.0,0.0,1.0
2,0.0,0.0,0.0,-0.1954272985458374,-0.022991446778178215,-7.501801155740395e-05,-0.38510674238204956,-0.10920937359333038,-0.00012600327318068594,-0.5402989983558655,-0.1666879951953888,-0.00017979110998567194,-0.6610041260719299,-0.2097969502210617,-0.00023174572561401874,-0.39947640895843506,-0.43971142172813416,-3.775740333367139e-05,-0.4885682463645935,-0.5949037075042725,-0.00011622482270468026,-0.5661643743515015,-0.6926173567771912,-0.00015815654478501529,-0.6236430406570435,-0.7817091941833496,-0.00018503371393308043,-0.25577986240386963,-0.49719005823135376,-5.3373532864497975e-05,-0.33050206303596497,-0.6839955449104309,-0.000166455443832092,-0.27589738368988037,-0.46845075488090515,-0.00017493207997176796,-0.22991447150707245,-0.37073707580566406,-0.00014319825277198106,-0.09196578711271286,-0.5115597248077393,-8.428102592006326e-05,-0.14369654655456543,-0.6610041260719299,-0.00019856647122651339,-0.12070509791374207,-0.45408108830451965,-0.00015773686754982919,-0.10346151143312454,-0.3649892210960388,-9.267200948670506e-05,0.07759613543748856,-0.477072536945343,-0.00012253649765625596,0.04885682463645935,-0.6178951263427734,-0.0001912912557600066,0.020117515698075294,-0.4713246822357178,-0.00015540483582299203,0.002873930847272277,-0.3793588876724243,-0.00010867820674320683,-0.9766870449912983,-0.9887702972855665,-0.9951844465743848,-0.9955252897330096,0.9912486389103699,-0.9816760546863218,-0.987954338371118,0.9753294216656828,-0.9967591834686013,-0.9349934798002146,0.923019933945847,-0.9999657314402899,-0.9524803729252173,-0.9974148463056848,-0.9999317437744621,0.69349927489551,1.0,0.43624154245753194,0.37936980153580946,0.37936980153580946,0.5554690244220104,0.6301723279778947,0.09705901828701684,0.03650679925239907,0.13691974647873736,1.0,0.0,0.0,0.0,1.0
2,0.0,0.0,0.0,-0.19647517800331116,-0.01733604446053505,-7.613270281581208e-05,-0.38428232073783875,-0.10690560936927795,-0.00012956350110471249,-0.5374174118041992,-0.16180308163166046,-0.0001855383306974545,-0.6616590619087219,-0.1935858428478241,-0.0002393750037299469,-0.40739706158638,-0.4420691430568695,-4.251011341693811e-05,-0.49407729506492615,-0.59520423412323,-0.00012203104415675625,-0.5749788284301758,-0.6905524730682373,-0.00016286021855194122,-0.6327656507492065,-0.7743433713912964,-0.00018901235307566822,-0.2629300057888031,-0.5027453303337097,-5.854047412867658e-05,-0.33516353368759155,-0.6934418082237244,-0.0001703099551377818,-0.28026604652404785,-0.47385188937187195,-0.00017504770949017256,-0.2340366095304489,-0.3785036504268646,-0.00014161392755340785,-0.10112693160772324,-0.517192006111145,-9.002075967146084e-05,-0.14735637605190277,-0.6732164025306702,-0.0002036677033174783,-0.12713100016117096,-0.4622945487499237,-0.0001608528837095946,-0.10979495197534561,-0.3727249801158905,-9.594651055522263e-05,0.06645484268665314,-0.4854092597961426,-0.0001290611835429445,0.040450770407915115,-0.6212082505226135,-0.00019877083832398057,0.011557362973690033,-0.4709625542163849,-0.0001636060478631407,-0.008668022230267525,-0.3785036504268646,-0.00011830606672447175,-0.9737729955734734,-0.9822787653247685,-0.99501765098603,-0.9928347033534195,0.9931504778774013,-0.9787597704086667,-0.9954944556489724,0.9815370251940752,-0.9954350099627731,-0.9475682564296106,0.9289657100316946,-0.999678172544855,-0.9369462849760977,-0.9949241195667776,-0.9956062151447908,0.6893970061709753,1.0,0.4450147892667266,0.38855995439553587,0.37860289154523036,0.5562929443139689,0.624460596270433,0.09368245466998266,0.035420034794125206,0.1327864861063778,1.0,0.0,0.0,0.0,1.0
2,0.0,0.0,0.0,-0.19430658221244812,-0.0174005888402462,-8.501828415319324e-05,-0.39151325821876526,-0.09860333800315857,-0.00014225843187887222,-0.5423183441162109,-0.1537051945924759,-0.00019969306595157832,-0.6670225858688354,-0.18270617723464966,-0.0002541858411859721,-0.4176141321659088,-0.4466150999069214,-5.071791383670643e-05,-0.5046170949935913,-0.594520092010498,-0.00012835784582421184,-0.582919716835022,-0.6815230846405029,-0.0001711391523713246,-0.6467218995094299,-0.762725830078125,-0.00020031006715726107,-0.27260923385620117,-0.5104172825813293,-6.636412581428885e-05,-0.35381197929382324,-0.7250245213508606,-0.00018148271192330867,-0.2929099202156067,-0.513317346572876,-0.00019409670494496822,-0.25230854749679565,-0.4118139445781708,-0.00016655285435263067,-0.11310382932424545,-0.5278178453445435,-9.737129585118964e-05,-0.16240549087524414,-0.722124457359314,-0.00021534549887292087,-0.1392047107219696,-0.5162174701690674,-0.00018148146045859903,-0.12760432064533234,-0.4176141321659088,-0.00012303463881835341,0.058001961559057236,-0.4988168776035309,-0.0001363008632324636,0.040601372718811035,-0.6467218995094299,-0.0002128069318132475,0.014500490389764309,-0.5017169713973999,-0.00018531415844336152,-0.011600392870604992,-0.40311363339424133,-0.00014567954349331558,-0.9758690696692817,-0.9798493128670458,-0.997766617298658,-0.9917144256835162,0.9966706743006453,-0.9949642604155211,-0.9993008611131811,0.99072751165769,-0.9999880222726273,-0.9730085946644331,0.9567434500840999,-0.9967473407347456,-0.9549535666569923,-0.9991883574396793,-0.9925894149680019,0.6915929104070758,1.0,0.4829599763800601,0.43667430219928827,0.4032805590052437,0.5604352023483998,0.6177481173435214,0.10433904658919856,0.029942846126641394,0.13761272308311018,1.0,0.0,0.0,0.0,1.0
2,0.0,0.0,0.0,-0.1899210661649704,-0.003014619927853346,-9.088398655876517e-05,-0.37682750821113586,-0.09345322102308273,-0.00015005031309556216,-0.5124853849411011,-0.15676024556159973,-0.00020667420176323503,-0.6390994191169739,-0.19595029950141907,-0.0002618612488731742,-0.397929847240448,-0.48535382747650146,-7.090192229952663e-05,-0.48233920335769653,-0.6390994191169739,-0.00015336976503022015,-0.5577046871185303,-0.7174795866012573,-0.00021292967721819878,-0.6210117340087891,-0.7838011980056763,-0.0002524168521631509,-0.24719883501529694,-0.5577046871185303,-8.971288480097428e-05,-0.33160820603370667,-0.8440936207771301,-0.00021208063117228448,-0.3165351152420044,-0.7054210901260376,-0.0002546968462411314,-0.28638890385627747,-0.5607193112373352,-0.0002475220535416156,-0.0813947394490242,-0.56976318359375,-0.0001206554370583035,-0.13264328241348267,-0.8260058760643005,-0.00024361725081689656,-0.1356579065322876,-0.6571871638298035,-0.00024338136427104473,-0.11455556005239487,-0.515500009059906,-0.00020570559718180448,0.09345322102308273,-0.5275585055351257,-0.00015864186570979655,0.07838012278079987,-0.7144649624824524,-0.0002453114720992744,0.0452192984521389,-0.5938801169395447,-0.00023667715140618384,0.0361754409968853,-0.4612368643283844,-0.0002071356138912961,-0.9829998986581839,-0.9654315278177895,-0.9999933225449352,-0.9914839573560877,0.9841374138734748,-0.9952870909697684,-0.9984603464266181,0.9769227456078453,-0.9863023044047137,-0.9674623903984271,0.9397706788625205,-0.9800089787201889,-0.9069586764950321,-0.9999015679138622,-0.990704231418676,0.6684644325346756,1.0,0.6296227723040987,0.528075074783607,0.46265336791878703,0.5626043785037207,0.6090726556724912,0.2076590235512588,0.08825175752401516,0.16613268587573066,1.0,0.0,0.0,0.0,1.0
2,0.0,0.0,0.0,-0.190140962600708,-0.01558532565832138,-7.284745515789837e-05,-0.37404781579971313,-0.12156553566455841,-0.00013274062075652182,-0.4831450879573822,-0.19325803220272064,-0.0002016872604144737,-0.5860082507133484,-0.26183345913887024,-0.00026333038113079965,-0.4239208400249481,-0.5517204999923706,-4.7248347982531413e-05,-0.5392522811889648,-0.7667980194091797,-0.0001747229543980211,-0.5797740817070007,-0.7480956315994263,-0.0002691087720450014,-0.5486034750938416,-0.6234130263328552,-0.0003115594736300409,-0.26495054364204407,-0.6234130263328552,-7.42042830097489e-05,-0.345994234085083,-0.9382365942001343,-0.00020618691632989794,-0.36781367659568787,-0.8166710734367371,-0.0002717807947192341,-0.3366430401802063,-0.635881245136261,-0.0002826384734362364,-0.09351195394992828,-0.635881245136261,-0.00011779877968365327,-0.1465020626783371,-0.9288854002952576,-0.000224075120058842,-0.16520445048809052,-0.7636809349060059,-0.00022682810958940536,-0.14026792347431183,-0.5828911662101746,-0.00019759245333261788,0.09974608570337296,-0.5953594446182251,-0.0001700028224149719,0.08104369044303894,-0.8135539889335632,-0.0002364667598158121,0.03117065131664276,-0.7075737714767456,-0.00022538505436386913,0.01558532565832138,-0.5548375844955444,-0.00019676015654113144,-0.9867547433162719,-0.05976880876208855,-0.18633391148356648,-0.9887836825175691,0.9091521795059309,-0.9399434549509429,-0.9994587835649379,0.9577721185794303,-0.9689633762316968,-0.9685394685132864,0.8651495146519962,-0.9433687811845284,-0.9043231913593511,-0.9982839323427263,-0.9999780992500139,0.6418430598453092,0.8304273988192861,0.7194953927499129,0.5995308611605683,0.5550564649373462,0.5001874919202968,0.43590135432710136,0.2528822958827973,0.10168522275438473,0.1689667958563049,0.0,0.0,0.0,0.0,1.0
2,0.0,0.0,0.0,-0.1996675580739975,-0.030718086287379265,-8.009158773347735e-05,-0.38090428709983826,-0.13515958189964294,-0.00014304410433396697,-0.46691492199897766,-0.2273138463497162,-0.00021471963555086404,-0.49456119537353516,-0.36554524302482605,-0.0002763618831522763,-0.41162237524986267,-0.5160638689994812,-5.7009889133041725e-05,-0.5252792835235596,-0.7310904860496521,-0.00018905680917669088,-0.522207498550415,-0.5959308743476868,-0.0002847177966032177,-0.4576995074748993,-0.43619683384895325,-0.0003292094625066966,-0.2733909785747528,-0.5959308743476868,-8.10211495263502e-05,-0.38090428709983826,-0.924614429473877,-0.00020070260507054627,-0.399335116147995,-0.7740957736968994,-0.00026177536346949637,-0.3563297986984253,-0.6082181334495544,-0.0002779704227577895,-0.11672873049974442,-0.6205053329467773,-0.00012326308933552355,-0.19352394342422485,-0.9276862144470215,-0.0002241794572910294,-0.21809841692447662,-0.764880359172821,-0.00024191246484406292,-0.1873803287744522,-0.5990027189254761,-0.00022928696125745773,0.06757979094982147,-0.5990027189254761,-0.00017467582074459642,0.03686170279979706,-0.8355319499969482,-0.00023359182523563504,-0.027646278962492943,-0.7464495301246643,-0.00023180253629107028,-0.04607712849974632,-0.6020745038986206,-0.00021655400632880628,-0.9825578965495668,0.8944838849921832,-0.9355106894791242,-0.9935107523369917,0.9056119553836506,-0.9303181922798854,-0.9982581554174169,0.9230769229098503,-0.9450910148105822,-0.9709820831373945,0.7276612247725194,-0.8776927702297478,-0.9322768095615382,-0.95619581209428,-0.8506723104037166,0.6149911819554489,0.6322630749903607,0.7049115659765315,0.627627004355635,0.6038351111444841,0.3620317256490869,0.31232135292323826,0.2530411074710253,0.13875885401887314,0.16907460263490465,0.0,0.0,0.0,0.0,1.0
2,0.0,0.0,0.0,-0.20068857073783875,-0.04561103880405426,-7.879346230765805e-05,-0.37401050329208374,-0.15507753193378448,-0.00014249341620597988,-0.45915111899375916,-0.24934034049510956,-0.00021580768225248903,-0.49563995003700256,-0.38009196519851685,-0.00027948268689215183,-0.41049933433532715,-0.5260472893714905,-5.357377085601911e-05,-0.5260472893714905,-0.7419395446777344,-0.00018470762006472796,-0.5382102131843567,-0.6172693967819214,-0.00028156410553492606,-0.4743547737598419,-0.45915111899375916,-0.0003273463808000088,-0.270625501871109,-0.5990249514579773,-7.849709800211713e-05,-0.37401050329208374,-0.927424430847168,-0.00019849369709845632,-0.40441787242889404,-0.7753876447677612,-0.0002621000458020717,-0.36184754967689514,-0.6051064133644104,-0.0002802584203891456,-0.11250722408294678,-0.6172693967819214,-0.00012177401367807761,-0.18852561712265015,-0.9304651618003845,-0.00022053893189877272,-0.22501444816589355,-0.7753876447677612,-0.00024299808137584478,-0.19460709393024445,-0.608147144317627,-0.0002344899403396994,0.06689618527889252,-0.5899027585983276,-0.00017444192781113088,0.04257030040025711,-0.8362023234367371,-0.0002323626831639558,-0.030407357960939407,-0.7541024684906006,-0.00023497984511777759,-0.05169250816106796,-0.6111878752708435,-0.00022356667614076287,-0.9853768273434536,0.8316782962717623,-0.8864998153649531,-0.992887668127221,0.8764349220341835,-0.9037378167444909,-0.9983284998658527,0.8919282586493092,-0.9167440983827605,-0.9777452508948706,0.6784919851723437,-0.8371235308541619,-0.9428081597496839,-0.9629971382398298,-0.8949627212217477,0.6246030307695406,0.6601759651399237,0.705044356900799,0.638525616167049,0.6133700415326578,0.36078052574255504,0.32908866359902006,0.25709607873323215,0.1500165895857582,0.1723966274631858,0.0,0.0,0.0,0.0,1.0
2,0.0,0.0,0.0,-0.2071121335029602,-0.03350343555212021,-8.673905540490523e-05,-0.380720853805542,-0.13705949485301971,-0.00015880701539572328,-0.47818538546562195,-0.21320366859436035,-0.00023951039474923164,-0.5421465039253235,-0.32894280552864075,-0.00031175295589491725,-0.40813273191452026,-0.5269176363945007,-7.221041596494615e-05,-0.5147345662117004,-0.7583959102630615,-0.00020729491370730102,-0.539100706577301,-0.6517940759658813,-0.0003051942039746791,-0.481231153011322,-0.4934141933917999,-0.0003510352107696235,-0.2649817168712616,-0.59697026014328,-9.506151400273666e-05,-0.36244624853134155,-0.9320046305656433,-0.0002202476025559008,-0.3929038941860199,-0.7797162532806396,-0.000287654489511624,-0.35026317834854126,-0.6061075925827026,-0.00030835368670523167,-0.1035560667514801,-0.6152448654174805,-0.00013628596207126975,-0.16751717031002045,-0.9289588332176208,-0.00023943606356624514,-0.21320366859436035,-0.7736247181892395,-0.00026907428400591016,-0.1857917755842209,-0.59697026014328,-0.0002653526025824249,0.08223570138216019,-0.5878329873085022,-0.00018687505507841706,0.06091533601284027,-0.8406316041946411,-0.00024785884306766093,-0.012183066457509995,-0.7583959102630615,-0.00025631513562984765,-0.036549199372529984,-0.6121991276741028,-0.00024948103236965835,-0.9742409650462901,0.7922640491221182,-0.8391783696755701,-0.9909477572639308,0.8867676361468735,-0.9054990811186583,-0.9994092384726501,0.8836571419999869,-0.9047533198230064,-0.9752089955858725,0.6889328647830063,-0.8464607574454325,-0.929603775457157,-0.992151709329922,-0.919993604666261,0.6341342909106896,0.6892322461256124,0.7000362688651313,0.6252137023437848,0.6132892207761668,0.4257194215683003,0.3434892042497592,0.2539301804826845,0.13968767041695904,0.1789553744239808,0.0,0.0,0.0,0.0,1.0
2,0.0,0.0,0.0,-0.19563724100589752,-0.033625151962041855,-7.971996819833294e-05,-0.366819828748703,-0.14061427116394043,-0.00014839679352007806,-0.4738089442253113,-0.21092140674591064,-0.00022635959612671286,-0.5777412056922913,-0.2965126931667328,-0.0002974694943986833,-0.39127448201179504,-0.5380024313926697,-6.510360253741965e-05,-0.4921499490737915,-0.758094310760498,-0.0001944730756804347,-0.5532865524291992,-0.7061281800270081,-0.0002879204403143376,-0.5318887233734131,-0.5716275572776794,-0.0003301193646620959,-0.2476033866405487,-0.6113663911819458,-8.93910473678261e-05,-0.34542199969291687,-0.9384474158287048,-0.00021353828196879476,-0.3851608335971832,-0.810060441493988,-0.00027440598933026195,-0.3515356779098511,-0.6358210444450378,-0.00028724403819069266,-0.08864812552928925,-0.6266505122184753,-0.0001311066880589351,-0.15895526111125946,-0.9353905916213989,-0.0002336319739697501,-0.20786456763744354,-0.7886626124382019,-0.0002529248595237732,-0.1803530752658844,-0.6174800395965576,-0.000239030530792661,0.09170495718717575,-0.5960822105407715,-0.00018186165834777057,0.07947763055562973,-0.8497992753982544,-0.000242897032876499,0.0061136637814342976,-0.7794921398162842,-0.00024530841619707644,-0.021397823467850685,-0.6388778686523438,-0.00023128889733925462,-0.9802578499361481,0.27128795544296075,-0.5198927025355764,-0.995565468741626,0.8305115916520582,-0.8819512841189421,-0.9965265122425646,0.8547874735796727,-0.8864853530899864,-0.9799062919273352,0.6563489906212874,-0.8176610125495913,-0.9255208798479787,-0.9997404744918615,-0.9942227192607854,0.6493880132598293,0.780809722755384,0.7265299668504267,0.6432798067464303,0.639236137186153,0.4844284229021712,0.41623470849411753,0.2763924849772776,0.1526275246406231,0.1955321189839728,0.0,0.0,0.0,0.0,1.0
2,0.0,0.0,0.0,-0.18588384985923767,-0.02998126484453678,-8.874950435711071e-05,-0.3567770719528198,-0.1319175660610199,-0.0001583508274052292,-0.4677077531814575,-0.21286697685718536,-0.00023318517196457833,-0.5756403207778931,-0.29381638765335083,-0.00030063369194976985,-0.389756441116333,-0.5306683778762817,-6.822498835390434e-05,-0.5036852359771729,-0.7105559706687927,-0.00019779180001933128,-0.5876327753067017,-0.7105559706687927,-0.0003019873984158039,-0.602623462677002,-0.6116178035736084,-0.0003532310656737536,-0.24884450435638428,-0.6206122040748596,-8.786233956925571e-05,-0.3207995295524597,-0.9384136199951172,-0.00021772581385448575,-0.4047470688819885,-0.9144285917282104,-0.00029650679789483547,-0.4107433259487152,-0.7465335130691528,-0.00032183571602217853,-0.0899437963962555,-0.632604718208313,-0.00012481745216064155,-0.13791382312774658,-0.9414117336273193,-0.00022668734891340137,-0.21286697685718536,-0.8964398503303528,-0.0002591460943222046,-0.21886323392391205,-0.755527913570404,-0.0002543889859225601,0.0899437963962555,-0.5906309485435486,-0.00017192646919284016,0.08694566786289215,-0.842473566532135,-0.00024097556888591498,0.020986884832382202,-0.8394754528999329,-0.00025488159735687077,-0.005996252875775099,-0.7345409989356995,-0.0002455308858770877,-0.9976261874214566,-0.535052300275359,-0.14980589552201168,-0.9874370241226922,0.055609629142189955,-0.3088643666049539,-0.9999171794799738,0.376774031869269,-0.5504865759166763,-0.9867404250301036,0.033512741508522244,-0.2927611383652221,-0.9294332401547644,-0.9957187267040877,-0.9999141253221143,0.6462893700823423,0.8586218828834863,0.8520695197910387,0.7865898067357568,0.7345655223499866,0.4831407534769228,0.49419035212249574,0.3922820475096189,0.29505472440988106,0.2867551163402654,0.0,0.0,0.0,0.0,1.0
2,0.0,0.0,0.0,-0.1937475949525833,-0.029355697333812714,-8.177736890502274e-05,-0.35226836800575256,-0.12035835534334183,-0.00014699673920404166,-0.43739989399909973,-0.20842544734477997,-0.00021998008014634252,-0.4638200104236603,-0.33465495705604553,-0.00028151177684776485,-0.4080441892147064,-0.5166602730751038,-4.628998431144282e-05,-0.531338095664978,-0.672245442867279,-0.00017881167877931148,-0.5342736840248108,-0.6076629161834717,-0.00028992301668040454,-0.46675556898117065,-0.452077716588974,-0.0003432348312344402,-0.27300798892974854,-0.619405210018158,-6.238916103029624e-05,-0.3493327796459198,-0.8953487277030945,-0.00017172636580653489,-0.4080441892147064,-0.9129621982574463,-0.0002500209666322917,-0.3992374837398529,-0.7720548510551453,-0.00028206012211740017,-0.11448721587657928,-0.6399542093276978,-9.810944175114855e-05,-0.14971405267715454,-0.9100266098976135,-0.000179650989593938,-0.21429657936096191,-0.9335111379623413,-0.0002105996827594936,-0.23778113722801208,-0.8278306722640991,-0.00021012536308262497,0.05871139466762543,-0.6017917990684509,-0.0001449831761419773,0.06751810014247894,-0.8337017893791199,-0.00020284972561057657,0.0205489881336689,-0.8777353167533875,-0.00021568273950833827,-0.011742278933525085,-0.8072816729545593,-0.00020594582019839436,-0.9999984545389511,0.7547331296254648,-0.8983215075016602,-0.9894634909318242,-0.5322922301713519,0.3465352741422473,-0.9988804252262841,-0.4604247561091805,0.12973531832980373,-0.9982423984185724,-0.6557645330888325,0.3177817134396793,-0.9320498871749185,-0.9607209807599496,-0.8461235149110891,0.5719466756205364,0.6497962489962955,0.869171582201998,0.8613033811101001,0.807367126009382,0.34640770321863606,0.3202523041865821,0.38903379999227766,0.3636866501546845,0.35837334340046434,0.0,0.0,0.0,0.0,1.0
2,0.0,0.0,0.0,-0.20171211659908295,-0.03800373524427414,-7.327676576096565e-05,-0.3537270426750183,-0.1344747543334961,-0.00013152864994481206,-0.4297345280647278,-0.22509904205799103,-0.0001989297743421048,-0.4618915319442749,-0.33911022543907166,-0.0002551009238231927,-0.39173078536987305,-0.5232821702957153,-3.533456037985161e-05,-0.5262055397033691,-0.6723737716674805,-0.00016593436885159463,-0.5437456965446472,-0.5992896556854248,-0.00027516871341504157,-0.4882017970085144,-0.44435134530067444,-0.00032595559605397284,-0.26017940044403076,-0.6197531819343567,-5.3710726206190884e-05,-0.3332635164260864,-0.8916260600090027,-0.00015794808859936893,-0.4034242331981659,-0.9150129556655884,-0.00022873636044096202,-0.4005008935928345,-0.7805382013320923,-0.00025397026911377907,-0.10524110496044159,-0.6343700289726257,-9.19059311854653e-05,-0.1373981088399887,-0.9003961682319641,-0.0001677647524047643,-0.20755885541439056,-0.9413232207298279,-0.00019017624435946345,-0.23971585929393768,-0.8477755784988403,-0.0001824710489017889,0.06431400775909424,-0.5992896556854248,-0.0001417249586666003,0.0818541944026947,-0.8273120522499084,-0.0001957188214873895,0.029233641922473907,-0.8857793211936951,-0.00020414461323525757,-0.014616820961236954,-0.8273120522499084,-0.00018935474508907646,-0.9958357491931435,0.565757790226573,-0.836591639591714,-0.9909203062235648,-0.5516654398550764,0.33677141215579115,-0.9990274385802791,-0.6038879318567938,0.19570704467904285,-0.9995459066228217,-0.6897975034588611,0.19325649725304053,-0.92893851797616,-0.9531205477871126,-0.911864552863719,0.5730092522047454,0.6601433543961622,0.8772917736491128,0.8810148519886334,0.8274412249295299,0.35085142265985453,0.3510048930306386,0.4021885887452623,0.38592746509859394,0.3731605412934102,0.0,0.0,0.0,0.0,1.0
2,0.0,0.0,0.0,-0.19421006739139557,-0.0411960743367672,-7.813052070559934e-05,-0.3501666486263275,-0.135358527302742,-0.00014039111556485295,-0.4325588047504425,-0.22363583743572235,-0.00021081147133372724,-0.46492713689804077,-0.34722405672073364,-0.0002696378214750439,-0.391362726688385,-0.5296638011932373,-4.36999362136703e-05,-0.5267212390899658,-0.6797352433204651,-0.00017825033864937723,-0.5502618551254272,-0.6002856492996216,-0.0002886766742449254,-0.5002380609512329,-0.43844395875930786,-0.00034024243359453976,-0.2589467465877533,-0.623826265335083,-6.072025644243695e-05,-0.3295685946941376,-0.8974859118461609,-0.00017173547530546784,-0.4031330347061157,-0.9151414036750793,-0.00024466548347845674,-0.4031330347061157,-0.7738977074623108,-0.00026988470926880836,-0.10004761070013046,-0.6355965733528137,-9.758645319379866e-05,-0.12947337329387665,-0.9004285335540771,-0.00017938368546310812,-0.20009522140026093,-0.9386820197105408,-0.0002020226966124028,-0.23540614545345306,-0.8445195555686951,-0.00019272163626737893,0.067679263651371,-0.5944005250930786,-0.00014597199333366007,0.08827730268239975,-0.8209789395332336,-0.00020445065456442535,0.044138651341199875,-0.8916007876396179,-0.00021488999482244253,0.005885153543204069,-0.8474621176719666,-0.00020027691789437085,-0.9952460548857666,0.5216994987526518,-0.8321448176650236,-0.9900904454478456,-0.46894811900382033,0.23337266391477005,-0.9989664462470725,-0.5704716639162282,0.13721782001745447,-0.9997420526661145,-0.7965319370999009,0.29371060086483103,-0.9446840159821652,-0.9619682114909842,-0.8800743460855771,0.5802773985709896,0.6651851709501718,0.8726018151517921,0.8767151187276947,0.847482600739344,0.35299344421756895,0.3657087202754212,0.3992520351895119,0.3808785757813211,0.3971777376390311,0.0,0.0,0.0,1.0,1.0
2,0.0,0.0,0.0,-0.1985538899898529,-0.040878742933273315,-7.468579133274034e-05,-0.3562290370464325,-0.1343158632516861,-0.00013437621237244457,-0.43214669823646545,-0.22483308613300323,-0.00020174309611320496,-0.48762500286102295,-0.33870959281921387,-0.00025720620760694146,-0.394187867641449,-0.5285037159919739,-3.624597957241349e-05,-0.525583803653717,-0.6744992733001709,-0.00016685636364854872,-0.5431032776832581,-0.5956616997718811,-0.0002731556014623493,-0.4905449151992798,-0.4379865229129791,-0.00032154511427506804,-0.25695210695266724,-0.6248607635498047,-5.2542520279530436e-05,-0.33578968048095703,-0.8788929581642151,-0.00015869238995946944,-0.4058675169944763,-0.9139319062232971,-0.00022825482301414013,-0.41170734167099,-0.7942155599594116,-0.00025211047613993287,-0.10219685733318329,-0.6394603252410889,-8.908681047614664e-05,-0.13139595091342926,-0.8876526951789856,-0.00016679456166457385,-0.20147380232810974,-0.9402110576629639,-0.00018734982586465776,-0.2452724575996399,-0.8701332211494446,-0.0001779048761818558,0.06715793162584305,-0.5956616997718811,-0.0001366580108879134,0.0875973030924797,-0.8029752969741821,-0.00019121900550089777,0.04671856388449669,-0.8934925198554993,-0.00020182943262625486,-0.002919910242781043,-0.8876526951789856,-0.00018858966359402984,-0.9957734920831787,0.5804738280504604,-0.857492557497646,-0.9960228316287632,-0.6922252010837434,0.40310333028092493,-0.9991444059938331,-0.6893633871004317,0.0847998524913025,-0.9999020532123457,-0.86659007326478,-0.3022819021106194,-0.9454216952372698,-0.9434401274839322,-0.9702430320789727,0.5937191099513529,0.6576219520073625,0.8945844523515444,0.90404119026617,0.8876575072247015,0.37694861544413993,0.35553390612927177,0.4189492351052546,0.40703546156421394,0.4313979274946595,0.0,0.0,1.0,1.0,1.0
2,0.0,0.0,0.0,-0.19301626086235046,-0.046875376254320145,-5.806679473607801e-05,-0.3474292457103729,-0.13511137664318085,-0.00010504734382266179,-0.43015050888061523,-0.21231788396835327,-0.00015634404553566128,-0.521143913269043,-0.29228174686431885,-0.00020332330313976854,-0.35018664598464966,-0.49357014894485474,-2.1235469830571674e-05,-0.47426849603652954,-0.6314389109611511,-0.00012519603478722274,-0.5404455065727234,-0.6314389109611511,-0.00021425177692435682,-0.570776641368866,-0.5569897890090942,-0.0002575986727606505,-0.2261047512292862,-0.579048752784729,-4.10711691074539e-05,-0.2977965176105499,-0.8023961186408997,-0.00011794605234172195,-0.3777603805065155,-0.8989042639732361,-0.00017413293244317174,-0.441180020570755,-0.8878747820854187,-0.00020038026559632272,-0.08547862619161606,-0.5928356647491455,-7.911952707218006e-05,-0.12959662079811096,-0.8106682896614075,-0.00014017336070537567,-0.19301626086235046,-0.92372065782547,-0.00016675978258717805,-0.26195064187049866,-0.9650812745094299,-0.00017357402248308063,0.06341962516307831,-0.5514749884605408,-0.00012557410809677094,0.05790487676858902,-0.7389765381813049,-0.00017358454351779073,0.016544250771403313,-0.8575436472892761,-0.00018847004685085267,-0.038603249937295914,-0.9430222511291504,-0.00018818533862940967,-0.9933090859734787,-0.6689648086842049,-0.377297230039991,-0.9980988600379915,-0.9281731179478087,-0.4966464284674051,-0.998396924393846,-0.9519050084200864,-0.8682431129246829,-0.9896641880065438,-0.9534751934730382,-0.9719697108124609,-0.9608060228224309,-0.9732583327204128,-0.999551345262529,0.5975111761709209,0.7975109068960126,0.9914441263821586,1.0,0.943812087851612,0.4289680981601287,0.46519129541931403,0.5485790447237012,0.5407493297999978,0.5061703083012573,1.0,1.0,1.0,1.0,1.0
2,0.0,0.0,0.0,-0.18979670107364655,-0.043382104486227036,-5.016681461711414e-05,-0.33621129393577576,-0.1301463097333908,-9.521027095615864e-05,-0.4148413836956024,-0.203353613615036,-0.00014654618280474097,-0.4853372871875763,-0.3090974986553192,-0.0001920986542245373,-0.34434545040130615,-0.4880486726760864,-1.3089314961689524e-05,-0.471780389547348,-0.6209063529968262,-0.00011345578241162002,-0.48262590169906616,-0.5341421365737915,-0.00019838401931338012,-0.4609348475933075,-0.41755273938179016,-0.00023876590421423316,-0.21691052615642548,-0.5693901181221008,-3.3989159419434145e-05,-0.2901178300380707,-0.7890120148658752,-0.00010202543489867821,-0.3633251190185547,-0.8595079183578491,-0.00015838265244383365,-0.44195517897605896,-0.8784875869750977,-0.00018876037211157382,-0.0813414454460144,-0.5829470157623291,-7.194698991952464e-05,-0.12472354620695114,-0.7944347858428955,-0.00012550971587188542,-0.19250808656215668,-0.8974672555923462,-0.00015746476128697395,-0.27113816142082214,-0.9625404477119446,-0.00017169483180623502,0.059650395065546036,-0.5395649075508118,-0.00011664497287711129,0.04609348624944687,-0.7293616533279419,-0.00015251956938300282,0.013556907884776592,-0.8405282497406006,-0.00016215688083320856,-0.03795934095978737,-0.9354265928268433,-0.00016164527914952487,-0.9887525655173773,0.6302478462398772,-0.9528511397546695,-0.9991084913888149,-0.8858314785094373,-0.8629668443624212,-0.9979729803209986,-0.9288190392684308,-0.9560564794928399,-0.9835897636935437,-0.9773116061043972,-0.9774830055964553,-0.9522591897221394,-0.9770309479286637,-0.9729562155666415,0.5754073195385621,0.6219415454345062,0.9833945258690024,1.0,0.9361964798377408,0.3899702300768732,0.3448387560411976,0.549242132128216,0.548762791518195,0.5055882939942502,0.0,1.0,1.0,1.0,1.0
2,0.0,0.0,0.0,-0.18908356130123138,-0.045920293778181076,-5.101523856865242e-05,-0.3322468400001526,-0.14046207070350647,-9.57082593231462e-05,-0.40247786045074463,-0.22149787843227386,-0.0001468220871174708,-0.4619041383266449,-0.32954564690589905,-0.00019162922399118543,-0.3457528054714203,-0.49161726236343384,-1.4162614206725266e-05,-0.4808124899864197,-0.6320793032646179,-0.0001193139105453156,-0.4943184554576874,-0.5456411242485046,-0.0002068246976705268,-0.4700077176094055,-0.41868501901626587,-0.0002474536304362118,-0.21879668533802032,-0.567250669002533,-3.541424302966334e-05,-0.2917289137840271,-0.791449785232544,-0.0001102305541280657,-0.3673623502254486,-0.861680805683136,-0.00016867807426024228,-0.44299575686454773,-0.8751867413520813,-0.00019776109547819942,-0.08103581517934799,-0.580756664276123,-7.414746505673975e-05,-0.12155371904373169,-0.7941509485244751,-0.000131883512949571,-0.18638236820697784,-0.8994975090026855,-0.00016420561587437987,-0.2647169828414917,-0.9643261432647705,-0.00017674447735771537,0.059426262974739075,-0.5402387380599976,-0.00011984869342995808,0.045920293778181076,-0.7266210913658142,-0.0001564939448144287,0.010804775170981884,-0.8400712609291077,-0.00016491069982293993,-0.03781671077013016,-0.9373142123222351,-0.00016248886822722852,-0.9883398339907633,0.6051908738621871,-0.9413469060759668,-0.9985623904134644,-0.873760897915387,-0.8409990231605583,-0.9987996572946343,-0.9344748184267074,-0.946751501669304,-0.9835023348295675,-0.9741579151550572,-0.9866674773390044,-0.9409432417548796,-0.9629475241437462,-0.9777700880578868,0.5674114678565944,0.6294477514631397,0.9809164719646873,1.0,0.9380768156909283,0.3607293849533255,0.35319921394339576,0.5468374526510038,0.5485520363520267,0.5075925322479318,0.0,1.0,1.0,1.0,1.0
2,0.0,0.0,0.0,-0.191190704703331,-0.0457780547440052,-5.0535749323898926e-05,-0.3366033434867859,-0.1427198201417923,-9.39939491217956e-05,-0.4093096852302551,-0.22350463271141052,-0.00014387766714207828,-0.4766303598880768,-0.3285248875617981,-0.00018807267770171165,-0.34198901057243347,-0.49548014998435974,-1.2735988093481865e-05,-0.4739375114440918,-0.6274286508560181,-0.00011689515667967498,-0.49548014998435974,-0.5412582159042358,-0.00020486075663939118,-0.4793231785297394,-0.4200809895992279,-0.000246504379902035,-0.21542614698410034,-0.5735720992088318,-3.448612551437691e-05,-0.2854396402835846,-0.7943839430809021,-0.00010902980284299701,-0.36353161931037903,-0.864397406578064,-0.0001674365485087037,-0.43893077969551086,-0.8724759221076965,-0.0001963490212801844,-0.07809197902679443,-0.584343433380127,-7.370010280283168e-05,-0.11579155176877975,-0.7970767617225647,-0.00013208419841248542,-0.18041940033435822,-0.9020969867706299,-0.0001642632851144299,-0.25581854581832886,-0.9667248129844666,-0.0001762942411005497,0.06462784111499786,-0.5385653972625732,-0.00011983216973021626,0.05116371065378189,-0.7243704199790955,-0.00015916448319330812,0.013464134186506271,-0.8401619791984558,-0.00016903792857192457,-0.03769957646727562,-0.9344109296798706,-0.00016700380365364254,-0.9836156671537518,0.5144948338820864,-0.9295776869087429,-0.9986357952007153,-0.8613657528946692,-0.8114478879033675,-0.999095207724533,-0.9300451037713211,-0.9521762714478712,-0.9816691777093582,-0.970759801887928,-0.983377579484203,-0.9383431632253474,-0.9689176272936901,-0.9867812982486177,0.5788826592979897,0.6373529466147572,0.9766649066759803,1.0,0.935171147109883,0.37874012059702716,0.36560613873794284,0.5421202888576154,0.546989984488798,0.5018797111423846,0.0,1.0,1.0,1.0,1.0
2,0.0,0.0,0.0,-0.18974579870700836,-0.04608112573623657,-5.496051744557917e-05,-0.3388317823410034,-0.14095403254032135,-0.00010069974814541638,-0.4337047040462494,-0.21414169669151306,-0.00015029474161565304,-0.5285776257514954,-0.30901458859443665,-0.00019661700935103,-0.336121141910553,-0.48791778087615967,-2.3068600057740696e-05,-0.4743645191192627,-0.6261611580848694,-0.00012202948710182682,-0.5421308875083923,-0.6126078963279724,-0.00020626912009902298,-0.5719480514526367,-0.5394201874732971,-0.0002477270318195224,-0.21414169669151306,-0.5692374110221863,-4.20145588577725e-05,-0.28461870551109314,-0.7888004183769226,-0.00011446306598372757,-0.3632276952266693,-0.8728306889533997,-0.00016769443755038083,-0.43641534447669983,-0.8782520294189453,-0.00019206290016882122,-0.07318766415119171,-0.5827906727790833,-7.752778037684038e-05,-0.12197944521903992,-0.7942216992378235,-0.00013506179675459862,-0.1843245029449463,-0.9053585529327393,-0.00016012898413464427,-0.25209084153175354,-0.9677035808563232,-0.00016642060654703528,0.06776636093854904,-0.5394201874732971,-0.00012048439384670928,0.05150243267416954,-0.721034049987793,-0.00016680799308232963,0.016263926401734352,-0.8375921845436096,-0.00017907134315464646,-0.03523850813508034,-0.9324650764465332,-0.00017666249186731875,-0.9834530502187354,-0.5547003399463462,-0.5515918271780015,-0.998789165697916,-0.9041209187653091,-0.7352369834005954,-0.9948155163709892,-0.959821318838475,-0.9505451076708458,-0.9771280942242416,-0.979208254196367,-0.9793139780691572,-0.9465324471163254,-0.9959216039769954,-0.9917778466541961,0.6122779870016315,0.7861925878228684,0.9807063584069413,1.0,0.9331307677303085,0.43629110217449607,0.4723018243478108,0.5490948326993197,0.5501923548760096,0.5023585455843749,1.0,1.0,1.0,1.0,1.0
2,0.0,0.0,0.0,-0.1898476481437683,-0.04610585793852806,-5.305337253957987e-05,-0.3444378674030304,-0.14374178647994995,-9.566508379066363e-05,-0.4366495907306671,-0.2223929613828659,-0.00014161577564664185,-0.539709746837616,-0.30918046832084656,-0.00018416075909044594,-0.3363015651702881,-0.4854675531387329,-2.248145938210655e-05,-0.46377068758010864,-0.623785138130188,-0.00011558491678442806,-0.5369976162910461,-0.6292093396186829,-0.0001927720004459843,-0.5803914070129395,-0.5695429444313049,-0.00022989285935182124,-0.21154452860355377,-0.5668308138847351,-4.151983739575371e-05,-0.28477147221565247,-0.7837995886802673,-0.00010962259693769738,-0.3552863299846649,-0.8705870509147644,-0.00015901932783890516,-0.4285132586956024,-0.8814355134963989,-0.00018208596156910062,-0.07593905925750732,-0.5831034779548645,-7.660233677597716e-05,-0.12475702911615372,-0.7892237901687622,-0.00013366971688810736,-0.18713554739952087,-0.9004203081130981,-0.00015890211216174066,-0.26036250591278076,-0.965510904788971,-0.00016617352957837284,0.06237851455807686,-0.5451339483261108,-0.00011853734031319618,0.051530078053474426,-0.7268452644348145,-0.0001650943304412067,0.016272656619548798,-0.8434659838676453,-0.00017798876797314733,-0.03525742143392563,-0.935677707195282,-0.00017689974629320204,-0.9903868387547692,-0.7301514506285597,-0.5268221479969106,-0.9994974987435663,-0.9370120688205376,-0.7375229758850956,-0.9946946560512173,-0.9614211540102456,-0.9450910772827404,-0.984975670037733,-0.9727563367480293,-0.9767618611467823,-0.9476279279568937,-0.9898095810636447,-0.9999800947888987,0.6219961266696071,0.8131625861014827,0.9800776503506134,1.0,0.936341742985434,0.44587596420459374,0.48675674089680865,0.5461867625925242,0.5497238934030474,0.5054735063224475,1.0,1.0,1.0,1.0,1.0
2,0.0,0.0,0.0,-0.19892384111881256,-0.05967715382575989,-5.31735822733026e-05,-0.34385406970977783,-0.18187323212623596,-9.144474461209029e-05,-0.4148983061313629,-0.29554399847984314,-0.0001366033684462309,-0.4831007719039917,-0.4092147648334503,-0.0001748929644236341,-0.34385406970977783,-0.5342525839805603,8.876752985997882e-07,-0.4774172306060791,-0.6734992861747742,-0.00010774186375783756,-0.5200437903404236,-0.6393980383872986,-0.00020235090050846338,-0.5115184783935547,-0.5342525839805603,-0.0002472086052875966,-0.21597446501255035,-0.6195057034492493,-1.870061350928154e-05,-0.28986045718193054,-0.8440054655075073,-9.676140325609595e-05,-0.3694300055503845,-0.9292585253715515,-0.00015518486907240003,-0.4291071593761444,-0.8923155069351196,-0.0001805250212782994,-0.07104422897100449,-0.6308727860450745,-5.821560262120329e-05,-0.10798723250627518,-0.8496890068054199,-0.00011837259080493823,-0.17334792017936707,-0.9576762318611145,-0.00014652710524387658,-0.23870861530303955,-0.9690433144569397,-0.00015162481577135623,0.07672777026891708,-0.58824622631073,-0.00010671255586203188,0.07956953346729279,-0.7729611992835999,-0.0001541005476610735,0.03125946223735809,-0.8894737362861633,-0.00017186038894578815,-0.03125946223735809,-0.9491509199142456,-0.0001711184740997851,-0.9814919580652518,-0.08970698276486076,-0.5595449371252477,-0.9998468092169226,-0.9077190246711464,-0.19535725583582958,-0.9984815425065393,-0.9297634357121091,-0.6567276902334855,-0.9934726391772387,-0.9177409043763737,-0.9148776027746879,-0.9175033648169298,-0.9518134543558511,-0.9998347880493701,0.6331217269853163,0.7396465740368551,0.9901313390302272,0.9980113339482058,0.9496655275480678,0.37796601203120844,0.4051091658937398,0.5251740440531462,0.5107363770825122,0.48119972994173454,0.0,1.0,1.0,1.0,1.0
2,0.0,0.0,0.0,-0.20536503195762634,-0.07130730152130127,-4.651213384931907e-05,-0.3479796350002289,-0.19680815935134888,-8.180246368283406e-05,-0.4164346754550934,-0.3166044354438782,-0.00012530294770840555,-0.4905942678451538,-0.4392530024051666,-0.0001610666367923841,-0.3479796350002289,-0.5362309217453003,6.375682005455019e-06,-0.47633281350135803,-0.693107008934021,-0.00010113539610756561,-0.5077080130577087,-0.6588795185089111,-0.00019427543156780303,-0.4962988495826721,-0.5476400852203369,-0.0002376188786001876,-0.2196265012025833,-0.6217997074127197,-1.39643607326434e-05,-0.2909338176250458,-0.8499830961227417,-9.142385533777997e-05,-0.36794570088386536,-0.929847240447998,-0.0001503119128756225,-0.4221392571926117,-0.8870628476142883,-0.00017622056475374848,-0.07415959984064102,-0.6360611915588379,-5.340849747881293e-05,-0.10553481429815292,-0.8499830961227417,-0.00010995417687809095,-0.16543294489383698,-0.9583702087402344,-0.0001383579074172303,-0.22818337380886078,-0.9555178880691528,-0.00014405864931177348,0.07701189070940018,-0.5932767987251282,-0.00010161715908907354,0.08556876331567764,-0.7758234739303589,-0.0001414104044670239,0.03422750532627106,-0.8842105865478516,-0.00015639190678484738,-0.0313752144575119,-0.929847240447998,-0.00015458463167306036,-0.9939446946442243,0.14263009272181723,-0.6643632518067535,-0.999328531743185,-0.8941202351775281,-0.09876783044886561,-0.9995630886367854,-0.9361667637838498,-0.44344457675583054,-0.9966198546494991,-0.8827020611013361,-0.8675109363752204,-0.9258729329531651,-0.946043877966672,-0.999695268370401,0.6585028129478467,0.7390685343981148,0.9823859117934205,0.9823859117934205,0.9303764071702838,0.3795727811520308,0.38971679370601614,0.5131869769462926,0.49173655223608287,0.459669895573794,0.0,1.0,1.0,1.0,1.0
2,0.0,0.0,0.0,-0.20961827039718628,-0.07648234069347382,-4.513599560596049e-05,-0.3569175899028778,-0.19828754663467407,-7.912806904641911e-05,-0.4249018728733063,-0.3200927674770355,-0.00012160745973233134,-0.49288618564605713,-0.44473063945770264,-0.0001559731172164902,-0.33708882331848145,-0.5410417318344116,7.731794539722614e-06,-0.46739208698272705,-0.6968390941619873,-9.91421184153296e-05,-0.5098822712898254,-0.6656796336174011,-0.0001923657109728083,-0.507049560546875,-0.5552051067352295,-0.0002353554591536522,-0.2152836173772812,-0.6260221004486084,-1.1542429092514794e-05,-0.28326791524887085,-0.852636456489563,-8.750465349294245e-05,-0.3625829517841339,-0.9319514632225037,-0.0001450717099942267,-0.41923654079437256,-0.8809632658958435,-0.00016948363918345422,-0.06798430532217026,-0.640185534954071,-4.964293839293532e-05,-0.09914377331733704,-0.8554691076278687,-0.00010411531548015773,-0.1614627093076706,-0.9602782726287842,-0.00013064517406746745,-0.22378166019916534,-0.9461148381233215,-0.00013387815852183849,0.08214769512414932,-0.6061933636665344,-9.692190360510722e-05,0.09347841143608093,-0.7874848246574402,-0.00013679075345862657,0.039657510817050934,-0.8951266407966614,-0.00015253317542374134,-0.03399215266108513,-0.9262861013412476,-0.0001495884935138747,-0.9903080216685757,-0.06373275496233599,-0.5704988239397573,-0.9992094215698324,-0.880471131410328,-0.052558986158150404,-0.9992803034351009,-0.9238803698757699,-0.3078751046607766,-0.9973893741309319,-0.8647889882966903,-0.7603737507868266,-0.9423913370222645,-0.9320442268270278,-0.9999527169006247,0.6638690847138625,0.7518989488709524,0.9756308153107488,0.9722198953703313,0.9269096487877131,0.38710989175427374,0.40593750937404344,0.5056817400852552,0.4777577452398878,0.4496700207048036,0.0,1.0,1.0,1.0,1.0
2,0.0,0.0,0.0,-0.20396076142787933,-0.0670555904507637,-5.1323069783393294e-05,-0.35762983560562134,-0.18719686567783356,-8.70182120706886e-05,-0.44424328207969666,-0.2989561855792999,-0.00012868379417341202,-0.5448266863822937,-0.39674559235572815,-0.0001635415683267638,-0.3157200813293457,-0.5364447236061096,-6.254239451664034e-06,-0.4386553168296814,-0.7040836811065674,-0.00010311418736819178,-0.5252687931060791,-0.723641574382782,-0.00018628001271281391,-0.5699725151062012,-0.6537920236587524,-0.0002256667794426903,-0.19557881355285645,-0.6146762371063232,-2.4943585231085308e-05,-0.26263439655303955,-0.8521648049354553,-0.00010316417319700122,-0.3520418405532837,-0.9359843134880066,-0.00016129593132063746,-0.4135094881057739,-0.8773106336593628,-0.00018492256640456617,-0.053085677325725555,-0.628646194934845,-6.05846980761271e-05,-0.08940745890140533,-0.8521648049354553,-0.00012084060290362686,-0.15646304190158844,-0.9583361744880676,-0.00015232311852741987,-0.21513669192790985,-0.930396318435669,-0.0001581108954269439,0.09778940677642822,-0.5923243761062622,-0.00010477866453584284,0.114553302526474,-0.7795212268829346,-0.00015455691027455032,0.061467625200748444,-0.8912805914878845,-0.0001788201043382287,-0.008381948806345463,-0.9108384251594543,-0.00018152491247747093,-0.9949242262432746,-0.7544598429713222,-0.34029591565810424,-0.9994599718787207,-0.8564434868589895,-0.05547014166586344,-0.9970487030675079,-0.920192504508937,-0.11861713324483887,-0.9972406853355621,-0.8614072891956989,-0.6567169244659349,-0.9407636651114764,-0.9694223045634633,-0.9901919888412642,0.6739756617889062,0.8673596485693286,0.9698783942101251,0.9549455749714787,0.910877076004045,0.4581398799119377,0.5092872137420852,0.5146301263806631,0.47196983132760234,0.4446086991369417,1.0,1.0,1.0,1.0,1.0
2,0.0,0.0,0.0,-0.2025865912437439,-0.06165678799152374,-7.542037928942591e-05,-0.3640686571598053,-0.2025865912437439,-0.00013226756709627807,-0.47857412695884705,-0.31415602564811707,-0.00019696689560078084,-0.5960156321525574,-0.4051731824874878,-0.00025446739164181054,-0.32883620262145996,-0.5813354253768921,-3.766899317270145e-05,-0.40810921788215637,-0.7721778750419617,-0.0001590261235833168,-0.5255507230758667,-0.8044742941856384,-0.00025528777041472495,-0.5872074961662292,-0.7398814558982849,-0.00030309907742775977,-0.1879063993692398,-0.6547363996505737,-6.136347656138241e-05,-0.21726678311824799,-0.9747644662857056,-0.00018895557150244713,-0.3259001672267914,-0.9454041123390198,-0.00026265758788213134,-0.352324515581131,-0.7809860110282898,-0.00028232569457031786,-0.03523245081305504,-0.6576724052429199,-0.00010236585512757301,-0.041104525327682495,-0.9630203247070312,-0.00019994552712887526,-0.14092980325222015,-0.9189797639846802,-0.0002280128828715533,-0.16735413670539856,-0.7780499458312988,-0.0002188204525737092,0.13799376785755157,-0.5989516973495483,-0.00015331298345699906,0.15267395973205566,-0.8426427841186523,-0.00021295146143529564,0.055784713476896286,-0.8602589964866638,-0.000226380187086761,-0.002936037490144372,-0.7721778750419617,-0.0002176727430196479,-0.9926779930830735,-0.6147465839874131,-0.4739582377199378,-0.9823804917520862,0.17162250645273222,-0.4107853813256485,-0.9994121469440266,0.3859741183147664,-0.5653355671924508,-0.9862085718014929,-0.11939974627061378,-0.39691116322221653,-0.9122305005426851,-0.9984950428126353,-0.9936108590343843,0.7206941012237671,0.9445831862387574,0.8567799100766803,0.7958449440980877,0.7721835346065004,0.521642883639081,0.5591751623117712,0.3904122710028654,0.29202111979442,0.2850541009370447,1.0,0.0,0.0,0.0,1.0
2,0.0,0.0,0.0,-0.20613539218902588,-0.057259831577539444,-7.754881517030299e-05,-0.38650384545326233,-0.19468341767787933,-0.0001379041059408337,-0.5153384804725647,-0.3006141185760498,-0.0002046725421678275,-0.6441730856895447,-0.3779148757457733,-0.0002630147500894964,-0.33496999740600586,-0.5783242583274841,-4.79627815366257e-05,-0.4323117136955261,-0.7787336707115173,-0.00016853284614626318,-0.5554203391075134,-0.793048620223999,-0.0002595731057226658,-0.612680196762085,-0.7186108827590942,-0.0003034092951565981,-0.191820427775383,-0.647036075592041,-7.025631202850491e-05,-0.22903932631015778,-0.9734171032905579,-0.0001967351563507691,-0.3378329873085022,-0.9390612244606018,-0.0002630493836477399,-0.3607369363307953,-0.7701447010040283,-0.00027721968945115805,-0.03721889108419418,-0.6441730856895447,-0.00010987247515004128,-0.05153384804725647,-0.9476501941680908,-0.0002040132530964911,-0.16032752394676208,-0.9161573052406311,-0.0002269097458338365,-0.18609444797039032,-0.78445965051651,-0.00021579898020718247,0.1374235898256302,-0.5897762775421143,-0.00015990131942089647,0.15746453404426575,-0.8302675485610962,-0.00021770228340756148,0.06012282148003578,-0.8560344576835632,-0.00022981000074651092,-0.0028629915323108435,-0.775870680809021,-0.0002209376252721995,-0.997348372107081,-0.5378740271665529,-0.5140815802562191,-0.9847853920219725,0.19115035310501197,-0.42652758896610565,-0.9999440595160595,0.23248987382523298,-0.45732360274801737,-0.9893923577140582,-0.17472816073527594,-0.39603836067567066,-0.9286163561434668,-0.9993130026434793,-0.9891084170478768,0.7468458645857788,0.9443402926825176,0.8504434674944132,0.8062308334085457,0.7758760288329666,0.5703542506398438,0.5740443887751651,0.39153217488537506,0.30946655202352114,0.2957358481433236,1.0,0.0,0.0,0.0,1.0
2,0.0,0.0,0.0,-0.19288279116153717,-0.07334979623556137,-6.350278272293508e-05,-0.3640323281288147,-0.2091827541589737,-0.00010871811537072062,-0.46726536750793457,-0.31241580843925476,-0.00016206198779400438,-0.5677817463874817,-0.4237988293170929,-0.00020697928266599774,-0.31241580843925476,-0.5704984068870544,-1.6485681044287048e-05,-0.44553208351135254,-0.7063313722610474,-0.00012799703108612448,-0.5406151413917542,-0.654714822769165,-0.00021977761934977025,-0.5677817463874817,-0.5406151413917542,-0.00026251800591126084,-0.1901661455631256,-0.654714822769165,-3.484798799036071e-05,-0.25808262825012207,-0.9073641300201416,-0.00012731263996101916,-0.35588234663009644,-0.9345307350158691,-0.00017937508528120816,-0.3939155638217926,-0.81228107213974,-0.0001903140509966761,-0.051616523414850235,-0.6601481437683105,-7.184495188994333e-05,-0.057049840688705444,-0.9155141115188599,-0.00014432058378588408,-0.15213291347026825,-0.9535473585128784,-0.00015530768723692745,-0.21733273565769196,-0.8720476031303406,-0.00013768453209195286,0.10051638633012772,-0.6003816723823547,-0.00011912107584066689,0.12768298387527466,-0.801414430141449,-0.00017026545538101345,0.057049840688705444,-0.8774809241294861,-0.0001757323188940063,-0.01901661418378353,-0.8530309796333313,-0.00015806347073521465,-0.9626191996809966,-0.27438985829084594,-0.6676784099548633,-0.9997986091010002,-0.5085983287139654,-0.030667427450429312,-0.9983897324256629,-0.39105699362330854,-0.29000735736813477,-0.9995019233191087,-0.6350682105830978,-0.4235673556499211,-0.9531039942315908,-0.9934473306801174,-0.9986876152344006,0.7085066549360406,0.7839903650129325,0.9027569016224178,0.8987216248486761,0.8532428708839107,0.48265145200488746,0.4790214605126865,0.4372939893087923,0.39569663884733003,0.3630371615554929,0.0,0.0,0.0,1.0,1.0
2,0.0,0.0,0.0,-0.19591189920902252,-0.06883390992879868,-5.163372406968847e-05,-0.3574068546295166,-0.2144441157579422,-9.162337664747611e-05,-0.4580102562904358,-0.32298988103866577,-0.0001408760726917535,-0.5612611174583435,-0.42359331250190735,-0.0001832331472542137,-0.2965153157711029,-0.5506712794303894,-1.897469519462902e-05,-0.4474204182624817,-0.688339114189148,-0.0001291720400331542,-0.5427289009094238,-0.6248001456260681,-0.00021961539459880441,-0.5665560364723206,-0.5056645274162292,-0.00026220380095764995,-0.17737969756126404,-0.6300950646400452,-4.402111153467558e-05,-0.23297631740570068,-0.9001357555389404,-0.00014377407205756754,-0.36270177364349365,-0.9319052696228027,-0.00019794968829955906,-0.4394780397415161,-0.8207120299339294,-0.000209348916541785,-0.04765424504876137,-0.6300950646400452,-8.578273263992742e-05,-0.05030170455574989,-0.8974882960319519,-0.00015542414621450007,-0.1747322380542755,-0.9504374861717224,-0.00016777943528722972,-0.2673932611942291,-0.8948408365249634,-0.00015373386850114912,0.09530849009752274,-0.5744984149932861,-0.00013711278734263033,0.12443053722381592,-0.778352677822113,-0.00018657612963579595,0.03441695496439934,-0.8657188415527344,-0.00019502485520206392,-0.060891538858413696,-0.8657188415527344,-0.0001821723853936419,-0.9436526915240081,-0.24084394146107155,-0.707106847135455,-0.9974544979175326,-0.4288472068671497,-0.35614067137451466,-0.997849991978513,-0.4006460073857322,-0.5875726324360917,-0.9997468029586524,-0.5879942161074708,-0.7175806690149157,-0.9226723018069956,-0.99598564432545,-0.9987026801946127,0.703168135165149,0.7593960809248975,0.9309721822179653,0.9339375648119459,0.8678576781174672,0.479007615239528,0.4821564406359943,0.49352536992547963,0.455749564419287,0.3894093190236367,0.0,1.0,1.0,1.0,1.0
2,0.0,0.0,0.0,-0.20695409178733826,-0.08278163522481918,-7.215690857265145e-05,-0.3802781403064728,-0.2405841201543808,-0.00010667820606613532,-0.4811682403087616,-0.39062583446502686,-0.00014481694961432368,-0.5147982835769653,-0.5432544946670532,-0.00017907065921463072,-0.33112654089927673,-0.48634210228919983,-5.968101959297201e-06,-0.4139081835746765,-0.6467314958572388,-6.441333243856207e-05,-0.47599440813064575,-0.7553824186325073,-0.00011648375220829621,-0.5122113823890686,-0.8588594794273376,-0.00015557701408397406,-0.20954100787639618,-0.5277329087257385,-1.6708409020793624e-05,-0.2561056911945343,-0.778664767742157,-0.00011268126399954781,-0.2871488034725189,-0.7165785431861877,-0.00016965894610621035,-0.2819749414920807,-0.6079276204109192,-0.00018539880693424493,-0.07760778069496155,-0.5277329087257385,-4.0353115764446557e-05,-0.10865089297294617,-0.7553824186325073,-0.0001283761375816539,-0.16297633945941925,-0.6777746081352234,-0.0001567867147969082,-0.16297633945941925,-0.5561891198158264,-0.00015096440620254725,0.06467314809560776,-0.49151596426963806,-7.150571764213964e-05,0.03104311227798462,-0.6751877069473267,-0.0001274536771234125,-0.02845618687570095,-0.6389707326889038,-0.00014048581942915916,-0.04397774487733841,-0.5354936718940735,-0.00013698983821086586,-0.9926532797944347,-0.9990894293185819,-0.9833982394269534,-0.9811466224927144,0.797818261736079,-0.8721428973289541,-0.9999450739882535,0.7342372106047703,-0.8192318972766282,-0.9517461000800815,0.3575994383031852,-0.6409066544990044,-0.9365816012487782,-0.9712742260962554,-0.9304719974216044,0.7484268879574755,1.0,0.6701387433308773,0.5795753708660242,0.5372965217418078,0.4265392103480832,0.6047106638305848,0.2642628693611024,0.15839258679264037,0.14509126872191816,1.0,0.0,0.0,0.0,1.0
2,0.0,0.0,0.0,-0.20378941297531128,-0.07896839827299118,-7.186148286564276e-05,-0.37701040506362915,-0.23181045055389404,-0.00010713026858866215,-0.47126302123069763,-0.3795577883720398,-0.00014678240404464304,-0.4839998483657837,-0.5349472165107727,-0.00018212279246654361,-0.3286104202270508,-0.48145249485969543,-6.339350420603296e-06,-0.41267356276512146,-0.6470313668251038,-6.397862307494506e-05,-0.4789051115512848,-0.7514734268188477,-0.00011176410043844953,-0.5171156525611877,-0.8559155464172363,-0.0001477320765843615,-0.21143151819705963,-0.5196629762649536,-1.799681740521919e-05,-0.2598314881324768,-0.7667576670646667,-0.00011663576879072934,-0.29804202914237976,-0.6775997877120972,-0.00016714785306248814,-0.29804202914237976,-0.5578734874725342,-0.0001756417186697945,-0.08151576668024063,-0.5196629762649536,-4.2959130951203406e-05,-0.11717890948057175,-0.7336418628692627,-0.00013511450379155576,-0.17067363858222961,-0.6317471861839294,-0.0001570757885929197,-0.16812627017498016,-0.5069261789321899,-0.00014423503307625651,0.06368418782949448,-0.48654723167419434,-7.540734077338129e-05,0.02292630821466446,-0.6674103140830994,-0.00013256628881208599,-0.040757883340120316,-0.6088208556175232,-0.00014078279491513968,-0.061136823147535324,-0.49164196848869324,-0.00013255310477688909,-0.991674365120555,-0.9954560126546358,-0.9770995764617705,-0.9814367443663894,0.8262831523909139,-0.9191450426402367,-0.9999542395543053,0.7969327093209807,-0.8757291036391512,-0.9387540601355224,0.4987065675919714,-0.7931392591981746,-0.9382378068490959,-0.9610629583586152,-0.8841804533452015,0.7214044416458227,1.0,0.6324965843211108,0.5340792048804852,0.49542864583637003,0.39562353874050366,0.6090883684229961,0.24337966607001607,0.11966670164943766,0.10332396572465838,1.0,0.0,0.0,0.0,1.0
2,0.0,0.0,0.0,-0.19800306856632233,-0.0701783075928688,-6.308213050942868e-05,-0.37094247341156006,-0.20802854001522064,-9.747430885909125e-05,-0.45615899562835693,-0.3559042513370514,-0.00013583943655248731,-0.4285889267921448,-0.5012736320495605,-0.00017004640540108085,-0.33585330843925476,-0.4837290346622467,-1.0182381629419979e-05,-0.4235762059688568,-0.6516556739807129,-6.085358472773805e-05,-0.48874175548553467,-0.7468976974487305,-9.84188009169884e-05,-0.5313500165939331,-0.8471524119377136,-0.00012803364370483905,-0.21805401146411896,-0.5213245749473572,-2.2466374502982944e-05,-0.2807132303714752,-0.7318594455718994,-0.00010963085514958948,-0.2857259511947632,-0.6040347218513489,-0.00014141478459350765,-0.26567500829696655,-0.4862354099750519,-0.00013932592992205173,-0.09022925049066544,-0.518818199634552,-4.635188088286668e-05,-0.13534387946128845,-0.7118085026741028,-0.0001349686353933066,-0.15790118277072906,-0.5739582777023315,-0.00013503631635103375,-0.14536935091018677,-0.44362714886665344,-0.00010838075104402378,0.052633728832006454,-0.4862354099750519,-7.64740543672815e-05,0.007519104052335024,-0.6466429233551025,-0.00013405764184426516,-0.04260825738310814,-0.5539073348045349,-0.0001280057622352615,-0.05514009669423103,-0.4336016774177551,-0.00010882132482947782,-0.9921359991778739,-0.9929689309978695,-0.9804266091170152,-0.9942931698617101,0.9465379148210058,-0.9784885688535656,-0.9983499831293945,0.9242073855571348,-0.966887435768072,-0.9279228382376619,0.7181061088725528,-0.9242387479745625,-0.9452766828560067,-0.9304943844716893,-0.7582196988607055,0.6595178423451062,1.0,0.5540831051305433,0.4668375491379847,0.43709362731757584,0.3257757938757056,0.6072490392689311,0.16973868466772496,0.04963626762270901,0.07061563142836207,1.0,0.0,0.0,0.0,1.0
2,0.0,0.0,0.0,-0.19939711689949036,-0.05483420565724373,-6.115634460002184e-05,-0.3688846528530121,-0.18194986879825592,-9.769812459126115e-05,-0.42621132731437683,-0.3339901566505432,-0.0001376422878820449,-0.3688846528530121,-0.4735681414604187,-0.00017337556346319616,-0.32900524139404297,-0.4635983109474182,-2.0865261831204407e-05,-0.42621132731437683,-0.6405632495880127,-7.106523844413459e-05,-0.4860304594039917,-0.7477391958236694,-0.00010476662282599136,-0.5308948159217834,-0.8474377393722534,-0.00013121156371198595,-0.20936697721481323,-0.5009852647781372,-3.245733387302607e-05,-0.26170870661735535,-0.6879200339317322,-0.00012213630543556064,-0.2592162489891052,-0.5483420491218567,-0.00014710219693370163,-0.2442614734172821,-0.4112565517425537,-0.0001390207908116281,-0.0772663801908493,-0.5009852647781372,-5.462674380396493e-05,-0.12213073670864105,-0.6704728007316589,-0.00014374441525433213,-0.13708551228046417,-0.520924985408783,-0.00013528803538065404,-0.12213073670864105,-0.3863319158554077,-0.00010276229295413941,0.062311600893735886,-0.46858322620391846,-8.296664600493386e-05,0.017447248101234436,-0.6031762957572937,-0.00014553838991560042,-0.029909567907452583,-0.4960003197193146,-0.00013791985111311078,-0.04735681414604187,-0.3738695979118347,-0.00011587202607188374,-0.9934075505746405,-0.999977048977809,-0.9962855984725117,-0.992464283768742,0.9676243577534586,-0.9958800234626533,-0.9944138466932401,0.9364452024674572,-0.9779628706604793,-0.898720323942238,0.7399400624361985,-0.9626509829968755,-0.9304581877860465,-0.8436614539019325,-0.7315017054442365,0.6002855441197612,1.0,0.4783258777971572,0.4051768373060274,0.3768569305300213,0.2723978898335188,0.6234996573318435,0.13581067641401007,0.011476288390433282,0.06462177574365836,1.0,0.0,0.0,0.0,1.0
2,0.0,0.0,0.0,-0.18533383309841156,-0.04695123806595802,-7.775679841870442e-05,-0.3558409512042999,-0.16062265634536743,-0.00012532486289273947,-0.41761890053749084,-0.2990052402019501,-0.00017278634186368436,-0.35831207036972046,-0.43244561553001404,-0.00021511690283659846,-0.32865867018699646,-0.44233009219169617,-4.885643647867255e-05,-0.43244561553001404,-0.6301349997520447,-0.00011063552665291354,-0.49916577339172363,-0.7363930940628052,-0.0001499013160355389,-0.5461170077323914,-0.8377088904380798,-0.0001797049044398591,-0.2026316523551941,-0.47692573070526123,-5.6528391723986715e-05,-0.26688072085380554,-0.6721440553665161,-0.00016028419486247003,-0.2569962441921234,-0.5139924883842468,-0.00018667487893253565,-0.23722730576992035,-0.3756099045276642,-0.00017681378812994808,-0.06919129937887192,-0.47198349237442017,-7.552249007858336e-05,-0.1210847720503807,-0.65484619140625,-0.0001784028863767162,-0.1284981220960617,-0.48681020736694336,-0.00016516976756975055,-0.11120029538869858,-0.3459564745426178,-0.0001258932752534747,0.07413353025913239,-0.4299744963645935,-0.00010164074046770111,0.03459564968943596,-0.5634148716926575,-0.00017556603415869176,-0.004942235536873341,-0.4448011815547943,-0.00016646159929223359,-0.019768942147493362,-0.3237164318561554,-0.00014090519107412547,-0.9910146530319646,-0.9984421933147654,-0.9919800946253922,-0.9964895713516277,0.9675293758658634,-0.9968432574390826,-0.9914377163471961,0.9490453740475032,-0.9862065439538287,-0.8965886854919725,0.8197590220250597,-0.980084755807447,-0.9427916505856444,-0.8457037929694373,-0.6688732930987118,0.5616020064559158,1.0,0.44425177800119997,0.36338877059176816,0.32431953766689925,0.2620728294992095,0.6469287191724893,0.13244648764637196,0.019224091233776126,0.09461894086722598,1.0,0.0,0.0,0.0,1.0
2,0.0,0.0,0.0,-0.1830369085073471,-0.0337173268198967,-6.994014256633818e-05,-0.35644030570983887,-0.13968606293201447,-0.00011503093264764175,-0.4142414331436157,-0.272146999835968,-0.0001615957880858332,-0.3443984091281891,-0.38774925470352173,-0.00020431082521099597,-0.3299481272697449,-0.42869171500205994,-4.9817357648862526e-05,-0.4407336115837097,-0.6165453791618347,-0.00011651382374111563,-0.5105766654014587,-0.7249224781990051,-0.00015861949941609055,-0.5635610222816467,-0.826074481010437,-0.00019042570784222335,-0.20471233129501343,-0.46240904927253723,-6.15852331975475e-05,-0.2769637405872345,-0.6334040760993958,-0.0001693967351457104,-0.2625134587287903,-0.4672257900238037,-0.0001948804856510833,-0.23361289501190186,-0.33476486802101135,-0.00018412887584418058,-0.0674346536397934,-0.45759227871894836,-8.423616964137182e-05,-0.13246092200279236,-0.6165453791618347,-0.00018889631610363722,-0.1348693072795868,-0.44314199686050415,-0.00017134621157310903,-0.11319387704133987,-0.3130894601345062,-0.00012890184007119387,0.07706817239522934,-0.4142414331436157,-0.0001136641003540717,0.026492184028029442,-0.527435302734375,-0.0001876116293715313,-0.014450282789766788,-0.4046079218387604,-0.00017540491535328329,-0.026492184028029442,-0.2914140224456787,-0.000147469894727692,-0.9924298554121095,-0.9992153742642228,-0.9959574738797915,-0.999855546053253,0.9514007556709985,-0.99180934871582,-0.9708598142114544,0.9201993763317639,-0.9840157059648915,-0.8229908050482337,0.7371540121961457,-0.976812516778509,-0.9336298359354083,-0.819194803497633,-0.5776628111174955,0.518613315885903,1.0,0.40821875249892986,0.3329232393422111,0.292615776155858,0.2419616959619645,0.6591386894318197,0.129836614452752,0.04033737225323508,0.09953109050947594,1.0,0.0,0.0,0.0,1.0
2,0.0,0.0,0.0,-0.17860737442970276,-0.028577180579304695,-7.065518730087206e-05,-0.34768903255462646,-0.1262158751487732,-0.00011829213326564059,-0.3953176736831665,-0.2524317502975464,-0.00016673406935296953,-0.3262561559677124,-0.3572147488594055,-0.00021231561549939215,-0.3262561559677124,-0.4286577105522156,-6.013826350681484e-05,-0.43818342685699463,-0.6167908310890198,-0.0001306397607550025,-0.5072449445724487,-0.726336658000946,-0.00017455071792937815,-0.5596364736557007,-0.8287382125854492,-0.00020712547120638192,-0.19289596378803253,-0.4572348892688751,-7.404100324492902e-05,-0.2714832127094269,-0.619172215461731,-0.00018534655100665987,-0.2524317502975464,-0.4405648708343506,-0.0002081490820273757,-0.21671028435230255,-0.3095861077308655,-0.00019452061678748578,-0.050010066479444504,-0.4453277289867401,-9.862280421657488e-05,-0.11669015139341354,-0.5905950665473938,-0.0002076294767903164,-0.1190715879201889,-0.40484338998794556,-0.00018447847105562687,-0.09763869643211365,-0.27862751483917236,-0.00013711900101043284,0.10002013295888901,-0.40008053183555603,-0.00012967873772140592,0.04286577180027962,-0.5072449445724487,-0.0002034950302913785,0.009525726549327374,-0.376266211271286,-0.00018341302347835153,0.004762863274663687,-0.2714832127094269,-0.00014955912774894387,-0.993521927038019,-0.9996669030858217,-0.9959894157767566,-0.9986171940241937,0.9408894118269874,-0.9872293686449788,-0.9497075423978169,0.9034069309352961,-0.9836593546185666,-0.7418736671445695,0.7390012831827316,-0.9792986945548412,-0.9341131710919418,-0.7736118312463334,-0.5868962024518182,0.4837824923200136,1.0,0.3778980638512652,0.2952399346210952,0.2715250378094433,0.23268570959295162,0.6706430839424148,0.1282378219435035,0.06773991917754559,0.1237410509172015,1.0,0.0,0.0,0.0,1.0
2,0.0,0.0,0.0,-0.170502707362175,-0.024014465510845184,-8.66325426613912e-05,-0.34100541472435,-0.10326220095157623,-0.00014992766955401748,-0.39623868465423584,-0.20892584323883057,-0.0002113159280270338,-0.3169909417629242,-0.3097866177558899,-0.00026887861895374954,-0.3362025320529938,-0.4250560402870178,-8.482997509418055e-05,-0.444267600774765,-0.6123688817024231,-0.00016901863273233175,-0.5187124609947205,-0.7180325388908386,-0.00021938268037047237,-0.5739457011222839,-0.8188932538032532,-0.0002550942590460181,-0.19451716542243958,-0.4538733959197998,-9.579866309650242e-05,-0.283370703458786,-0.5907558798789978,-0.0002176303678425029,-0.25215187668800354,-0.39623868465423584,-0.00023598848201800138,-0.21132729947566986,-0.2713634669780731,-0.00021781574469059706,-0.04322603717446327,-0.4418661594390869,-0.0001195123913930729,-0.11286798864603043,-0.5595370531082153,-0.0002398534707026556,-0.10326220095157623,-0.35781553387641907,-0.00020714927813969553,-0.08405063301324844,-0.24014465510845184,-0.00015127862570807338,0.11286798864603043,-0.39623868465423584,-0.00015103550686035305,0.06483905762434006,-0.4850921928882599,-0.00022969386191107333,0.03362025320529938,-0.3434068560600281,-0.00020281797333154827,0.021613018587231636,-0.25215187668800354,-0.0001630853075766936,-0.9893716012991469,-0.9959084499822672,-0.9936496487490606,-0.9854376856361999,0.9144609990363056,-0.9877268293156916,-0.9060762649806944,0.8838283283345274,-0.9934800677225007,-0.7157836157004775,0.7567786300657523,-0.9963003035478972,-0.9567558872633816,-0.7936271355146265,-0.41064702108570517,0.443228009391497,1.0,0.34394389960534577,0.2544287480591031,0.2530765236100349,0.2272758319482827,0.6768687593481298,0.1392043936768845,0.10358452431563574,0.14589184483612405,1.0,0.0,0.0,0.0,1.0
2,0.0,0.0,0.0,-0.17173531651496887,-0.022080253809690475,-8.88136200956069e-05,-0.34347063302993774,-0.09322773665189743,-0.00015371188055723906,-0.40971139073371887,-0.18890884518623352,-0.00021647549874614924,-0.331203818321228,-0.2870433032512665,-0.00027484624297358096,-0.3606441617012024,-0.41952481865882874,-8.367880946025252e-05,-0.47104543447494507,-0.5986202359199524,-0.00016749613860156387,-0.5470996499061584,-0.6992080211639404,-0.00021614671277347952,-0.6035269498825073,-0.7973425388336182,-0.00025071692653000355,-0.2109890878200531,-0.4563252627849579,-9.516863065073267e-05,-0.2944033741950989,-0.5863534212112427,-0.00022104608069639653,-0.2600563168525696,-0.37781769037246704,-0.000239161032368429,-0.21589581668376923,-0.2526962459087372,-0.0002189959486713633,-0.05642731487751007,-0.4489651620388031,-0.00011985057062702253,-0.11776135861873627,-0.5569130778312683,-0.00024546499480493367,-0.10304118692874908,-0.34347063302993774,-0.00021273431775625795,-0.08341429382562637,-0.22080254554748535,-0.00015517052088398486,0.10304118692874908,-0.40480464696884155,-0.00015233831072691828,0.058880679309368134,-0.47349879145622253,-0.0002351361617911607,0.03189370036125183,-0.32384371757507324,-0.00020934581698384136,0.017173530533909798,-0.22816263139247894,-0.00016929517732933164,-0.9875989789973223,-0.9954933406460962,-0.9921279429430556,-0.9905898740535164,0.9182555218515146,-0.9845427378268251,-0.9242735171588644,0.9013847803756326,-0.995970826694831,-0.6817899383413741,0.7318604561207935,-0.9996681983266555,-0.9651210758446971,-0.8405541125107933,-0.28644176078618194,0.43828060143296443,1.0,0.3323649063877246,0.23603332882112862,0.22880808615036663,0.23373786945672656,0.6725355276224794,0.14487393766029807,0.12697041778124113,0.16969106047392524,1.0,0.0,0.0,0.0,1.0
2,0.0,0.0,0.0,-0.1818634569644928,-0.0298953615128994,-8.403914398513734e-05,-0.35376179218292236,-0.10463377088308334,-0.0001443432702217251,-0.41106122732162476,-0.20179370045661926,-0.00020383049559313804,-0.34379667043685913,-0.2989536225795746,-0.0002594591351225972,-0.35376179218292236,-0.423517644405365,-7.678304245928302e-05,-0.46836066246032715,-0.5979072451591492,-0.0001606924633961171,-0.5430991053581238,-0.7000497579574585,-0.00021304195979610085,-0.6003985404968262,-0.799700915813446,-0.0002508973120711744,-0.20428498089313507,-0.4608868360519409,-9.134136780630797e-05,-0.2815146744251251,-0.6103636622428894,-0.0002182519092457369,-0.24912801384925842,-0.41355252265930176,-0.00024553961702622473,-0.2142501026391983,-0.28400593996047974,-0.00023237646382767707,-0.047334324568510056,-0.4534129798412323,-0.00011826309491880238,-0.10961632430553436,-0.5729944109916687,-0.00024356880749110132,-0.09965121001005173,-0.3687094748020172,-0.00021938011923339218,-0.08470352739095688,-0.241654172539711,-0.000168156941072084,0.10961632430553436,-0.40856996178627014,-0.0001525925617897883,0.07224712520837784,-0.4808170795440674,-0.00023647189664188772,0.03986048325896263,-0.3363228142261505,-0.0002156093978555873,0.019930241629481316,-0.23418033123016357,-0.00017942844715435058,-0.9934504297735114,-0.9987345995009989,-0.9939718131175432,-0.9982200633684156,0.9511681285857335,-0.9950142376851099,-0.930083310411515,0.9083670866406497,-0.9976637868651099,-0.7388289339891014,0.7662321589974838,-0.9996136748826875,-0.9696011075144749,-0.8093068746691302,-0.41905835021151694,0.4555979562804962,1.0,0.35575626144361505,0.25606924524200686,0.2350269636526875,0.2497660623441952,0.6738905276689249,0.13231689056484655,0.10858901114925427,0.16561451742432587,1.0,0.0,0.0,0.0,1.0
2,0.0,0.0,0.0,-0.20367497205734253,-0.044928304851055145,-8.406222332268953e-05,-0.3953690826892853,-0.15575145184993744,-0.00015489791985601187,-0.48223045468330383,-0.293531596660614,-0.0002297050814377144,-0.42831650376319885,-0.4313117265701294,-0.0002963355218525976,-0.3983643054962158,-0.5571109652519226,-4.485430326894857e-05,-0.47624000906944275,-0.7368241548538208,-0.00015262063243426383,-0.5541157722473145,-0.8146998882293701,-0.0002168540668208152,-0.5840679407119751,-0.811704695224762,-0.000250770099228248,-0.2306319624185562,-0.587063193321228,-6.471444794442505e-05,-0.32947424054145813,-0.7667763829231262,-0.00018728195573203266,-0.29053637385368347,-0.5271587371826172,-0.0001978385989787057,-0.23961761593818665,-0.40734994411468506,-0.00017009733710438013,-0.05091874301433563,-0.5750823020935059,-0.00010475009185029194,-0.1257992535829544,-0.7518002986907959,-0.00022339160204865038,-0.1257992535829544,-0.5271587371826172,-0.00017230994126293808,-0.10782793164253235,-0.3953690826892853,-0.00010615048813633621,0.13778012990951538,-0.5091874599456787,-0.0001549387670820579,0.08985660970211029,-0.6469675898551941,-0.00023740972392261028,0.03893786296248436,-0.48223045468330383,-0.00020197752746753395,0.011980880983173847,-0.3564312160015106,-0.0001558282383484766,-0.9776434629902987,-0.9299606624067231,-0.633237946051414,-0.9917540210818611,0.9421690419218852,-0.9711525250548222,-0.9515733914831092,0.9207516990393089,-0.9908302325990311,-0.8259016782197679,0.8053605135610932,-0.9960702980199044,-0.9532237709152429,-0.88508539111584,-0.5934276673387718,0.6078527000263343,1.0,0.47259987731370207,0.4098092091870849,0.3566325554517478,0.3202124716078843,0.6001683074656468,0.13667790148478573,0.050323239821365384,0.14988320030434832,1.0,0.0,0.0,0.0,1.0
2,0.0,0.0,0.0,-0.24660642445087433,-0.06165160611271858,-7.801824540365487e-05,-0.447785347700119,-0.21091338992118835,-0.00014911819016560912,-0.525661051273346,-0.3731544613838196,-0.00022683881979901344,-0.48996803164482117,-0.5418851375579834,-0.00029150338377803564,-0.4185819625854492,-0.6100264191627502,-5.453514677355997e-05,-0.5159265995025635,-0.8566328287124634,-0.00017431576270610094,-0.5581092834472656,-0.8112053275108337,-0.000238167674979195,-0.5321506857872009,-0.6586987376213074,-0.00025855997228063643,-0.2530960738658905,-0.6359849572181702,-7.145002746256068e-05,-0.3634199798107147,-0.8696120977401733,-0.00019442147458903491,-0.34719589352607727,-0.6327401399612427,-0.0002085434680338949,-0.29527872800827026,-0.460764616727829,-0.00018114005797542632,-0.07463089376688004,-0.6327401399612427,-0.00010760845907498151,-0.1687307059764862,-0.8631224632263184,-0.00021899334387853742,-0.17846517264842987,-0.6392297744750977,-0.00017575448146089911,-0.14926178753376007,-0.460764616727829,-0.00011418415670050308,0.12005838751792908,-0.593802273273468,-0.0001529156434116885,0.05191713944077492,-0.7625330090522766,-0.0002297799801453948,-0.00973446387797594,-0.5970471501350403,-0.00019588771101552993,-0.029203392565250397,-0.43805086612701416,-0.00014738425670657307,-0.9746995690600196,0.43177204193466734,-0.6082238493241137,-0.9980516106292332,0.9313135347868012,-0.9748385392092945,-0.9636737094765219,0.9084560817971415,-0.9789285634722896,-0.8346418539858306,0.7381733578777975,-0.972566123799643,-0.92363356237479,-0.8846952029904859,-0.7924474043992512,0.7305533773006885,0.8467989423831315,0.5472600876581031,0.4843378551362755,0.43902324422122657,0.3677819980743776,0.4387777139952625,0.17334524312542599,0.041416985681017864,0.1114121993517289,0.0,0.0,0.0,0.0,1.0
2,0.0,0.0,0.0,-0.23971454799175262,-0.06478771567344666,-8.006057032616809e-05,-0.44055646657943726,-0.21056006848812103,-0.00015201412315946072,-0.528019905090332,-0.3660506010055542,-0.00023112901544664055,-0.4859078526496887,-0.537738025188446,-0.0002973373339045793,-0.4178807735443115,-0.6122438907623291,-4.837033338844776e-05,-0.5183017253875732,-0.8551978468894958,-0.0001687486656010151,-0.5539349913597107,-0.8098464608192444,-0.0002369426510995254,-0.5215411186218262,-0.6640740633010864,-0.00026046865968964994,-0.2559114694595337,-0.6446377635002136,-6.442239828174934e-05,-0.35309305787086487,-0.8973098397254944,-0.00018622081552166492,-0.346614271402359,-0.6705528497695923,-0.00020663670147769153,-0.3045022487640381,-0.48914724588394165,-0.00018388548051007092,-0.07450587302446365,-0.6413983702659607,-0.00010019706678576767,-0.1587298959493637,-0.8875917196273804,-0.00020919472444802523,-0.1781662106513977,-0.6737922430038452,-0.00017549056792631745,-0.15549051761627197,-0.48914724588394165,-0.00012009403144475073,0.11985727399587631,-0.6025257706642151,-0.00014517760428134352,0.06154832988977432,-0.7871707081794739,-0.0002170491497963667,-0.0064787715673446655,-0.6349195837974548,-0.00018779021047521383,-0.03239385783672333,-0.4729503095149994,-0.00014360839850269258,-0.9786593282283937,0.49068739878772744,-0.6335692492132965,-0.9999423657743881,0.9432172053829809,-0.9801581064015958,-0.9771932801888132,0.9129730047319735,-0.9774318127567047,-0.8765063024420584,0.7477857363716698,-0.96599258918323,-0.9345254906186461,-0.9087278590393246,-0.729692855533578,0.724754233553306,0.844393029389161,0.5761828532811731,0.5132663760103556,0.4740584200599911,0.36217445745132865,0.4284472697241401,0.17915304318185818,0.03177248107310189,0.09718155374060675,0.0,0.0,0.0,0.0,1.0
2,0.0,0.0,0.0,-0.23528197407722473,-0.05801473185420036,-7.567027205368504e-05,-0.43833354115486145,-0.19660547375679016,-0.0001360883325105533,-0.5285786390304565,-0.33841925859451294,-0.0002028530725510791,-0.5221325755119324,-0.5027943253517151,-0.0002578832791186869,-0.435110479593277,-0.6188238263130188,-3.456255217315629e-05,-0.5253556370735168,-0.8508827090263367,-0.0001433573488611728,-0.5575860142707825,-0.8122062683105469,-0.00020911528554279357,-0.531801700592041,-0.6929537653923035,-0.00023415144823957235,-0.27073541283607483,-0.6607233285903931,-5.1019938837271184e-05,-0.3577575087547302,-0.9250126481056213,-0.00016225164290517569,-0.3609805405139923,-0.7251841425895691,-0.0001885769743239507,-0.3223040699958801,-0.5543630123138428,-0.00017345734522677958,-0.09346818178892136,-0.6639463901519775,-8.660906314617023e-05,-0.15792898833751678,-0.9153435230255127,-0.00019017078739125282,-0.1869363635778427,-0.712291955947876,-0.00017037983343470842,-0.16115203499794006,-0.5382477641105652,-0.00012612598948180676,0.09991426020860672,-0.6220468282699585,-0.0001306055928580463,0.04834561049938202,-0.8154292702674866,-0.00020172442600596696,-0.02256128378212452,-0.6671693921089172,-0.00018202056526206434,-0.04834561049938202,-0.5060173869132996,-0.00014603817544411868,-0.9708775972257029,0.48395234243884916,-0.6155780992540296,-0.9974946054968035,0.9446678804123406,-0.9716252724090199,-0.993829675863699,0.9238026368486812,-0.9585362889041225,-0.9131444818532267,0.7605036646183855,-0.9589697655504946,-0.9368940551397427,-0.9190409357228643,-0.8219757242998421,0.7248618222631965,0.8734976217190134,0.6412474351558313,0.5618546824530872,0.5083216474175691,0.38239172081433315,0.43121579982368097,0.18703074576978373,0.032931825775610546,0.0918087082883626,0.0,0.0,0.0,0.0,1.0
2,0.0,0.0,0.0,-0.194413959980011,-0.04556577280163765,-7.174312486313283e-05,-0.3766770660877228,-0.1792253702878952,-0.00012016890832455829,-0.47388404607772827,-0.2855454981327057,-0.00017637407290749252,-0.5710909962654114,-0.39490336179733276,-0.00022853886184748262,-0.3645261824131012,-0.5862796306610107,-1.478146168665262e-05,-0.4556577205657959,-0.7503163814544678,-0.0001164359346148558,-0.5376760959625244,-0.7837312817573547,-0.00019107686239294708,-0.5680533051490784,-0.7806935906410217,-0.00022860094031784683,-0.22479115426540375,-0.6531094312667847,-3.980950350523926e-05,-0.31896039843559265,-0.9477680921554565,-0.00016845566278789192,-0.3493376076221466,-0.7867690324783325,-0.00021829913021065295,-0.31288498640060425,-0.6257699728012085,-0.00021068246860522777,-0.06379207968711853,-0.6682980060577393,-8.200212323572487e-05,-0.12454644590616226,-0.935617208480835,-0.00019915915618184954,-0.1701122224330902,-0.7594295740127563,-0.000202483162865974,-0.14581046998500824,-0.6045058965682983,-0.00016394608246628195,0.11847101151943207,-0.6288076639175415,-0.00013166257122065872,0.0850561112165451,-0.8384101986885071,-0.00019782506569754332,0.012150872498750687,-0.7320901155471802,-0.00018514743715059012,0.0030377181246876717,-0.6014682054519653,-0.00015285277913790196,-0.99879131072225,-0.7795670642646583,-0.8839540063716302,-0.9997544536779286,0.8795807015797356,-0.9174601526660793,-0.9917795986733335,0.8885816539774447,-0.9176498614098428,-0.9413076179239832,0.7254118371678546,-0.8620887221466594,-0.920073146417774,-0.9805806141984649,-0.9999018826271785,0.6943296513854954,0.9654880428781045,0.6996321234992645,0.6218425548278101,0.6014759001631957,0.4775775921559233,0.5360797174833069,0.23760007839033567,0.10469516718389209,0.14477657178370645,1.0,0.0,0.0,0.0,1.0
2,0.0,0.0,0.0,-0.1858460158109665,-0.04438113793730736,-6.59981815260835e-05,-0.3356323540210724,-0.18029837310314178,-0.00011106460442533717,-0.43826374411582947,-0.29125121235847473,-0.00016449615941382945,-0.5408951044082642,-0.3633705675601959,-0.0002118057745974511,-0.3356323540210724,-0.5519903898239136,-1.8064221876556985e-05,-0.4354899227619171,-0.696229100227356,-0.00011548503243830055,-0.5076092481613159,-0.7628008127212524,-0.00020084643620066345,-0.5381212830543518,-0.7378364205360413,-0.00024848096654750407,-0.2024889439344406,-0.6324312090873718,-4.2115036194445565e-05,-0.2579653561115265,-0.9153609275817871,-0.00014786567771807313,-0.324537068605423,-0.945872962474823,-0.0002233573904959485,-0.3356323540210724,-0.8265987038612366,-0.0002521864662412554,-0.05825024098157883,-0.6352050304412842,-8.045656431932002e-05,-0.08598845452070236,-0.9181347489356995,-0.0001613530475879088,-0.14701251685619354,-0.9153609275817871,-0.00018156073929276317,-0.16642926633358002,-0.8071819543838501,-0.00017206235497724265,0.10540520399808884,-0.5797286033630371,-0.00012856515240855515,0.11650048196315765,-0.8044081330299377,-0.00018470565555617213,0.06657170504331589,-0.8487892746925354,-0.0001949398429132998,0.027738211676478386,-0.7877652049064636,-0.0001844882790464908,-0.9982460131526332,-0.975933924225025,-0.139194786487526,-0.9932516362683502,-0.5837861996382061,0.33066252996566187,-0.9999802768337666,-0.05227987138447408,-0.2211752438211093,-0.9914954798967262,-0.6266910781299476,0.15923247387506465,-0.8763923995421666,-0.9961789101860319,-0.9776535810711386,0.6516177476806452,0.9132234521628871,0.8921404480557392,0.8241610075823814,0.7882534501135033,0.45777422867280093,0.5099831063393172,0.4202349096658539,0.33434797301043645,0.3326523216572633,1.0,0.0,0.0,0.0,1.0
2,0.0,0.0,0.0,-0.18555514514446259,-0.06272286176681519,-4.5524942834163085e-05,-0.3292950391769409,-0.17510132491588593,-7.700742571614683e-05,-0.41815242171287537,-0.2744125425815582,-0.00011552443174878135,-0.5148501992225647,-0.3606564700603485,-0.0001477307960158214,-0.31884121894836426,-0.5331443548202515,3.689648792715161e-06,-0.4312196969985962,-0.6664304137229919,-8.232009713537991e-05,-0.4991694688796997,-0.7239263653755188,-0.00016133107419591397,-0.5357577800750732,-0.6951783895492554,-0.00020388312987051904,-0.19862240552902222,-0.6141613721847534,-1.763997170201037e-05,-0.25089144706726074,-0.8389183282852173,-8.579045970691368e-05,-0.3162277638912201,-0.9486833214759827,-0.00014350407582242042,-0.3632699251174927,-0.9277756810188293,-0.00017325581575278193,-0.06272286176681519,-0.6141613721847534,-5.445253918878734e-05,-0.09147084504365921,-0.8389183282852173,-0.00010807076614582911,-0.13328608870506287,-0.9356160759925842,-0.00012784183491021395,-0.18294169008731842,-0.9173218607902527,-0.00012936348502989858,0.08101703226566315,-0.5645057559013367,-9.962466720025986e-05,0.09931120276451111,-0.736993670463562,-0.00014421631931327283,0.07579012960195541,-0.8363048434257507,-0.00015846079622860998,0.03136143088340759,-0.8493720889091492,-0.00015560004976578057,-0.9869838790450399,-0.9859139094390243,-0.20118826595477712,-0.9964495680038943,-0.9528161577135599,-0.1184081887164379,-0.9996763328274723,-0.9607972542406126,-0.05513075844094237,-0.9993200469397292,-0.9433459467474619,-0.4956719964908602,-0.943557032569788,-0.9843163084717542,-0.9936696387718285,0.628604673253416,0.8776727414606383,0.9963597654305006,0.9353860357820016,0.8499509060429155,0.42797979104342143,0.49287142663107303,0.5323343385012987,0.45970208011467034,0.4059613646389359,1.0,1.0,1.0,1.0,1.0
2,0.0,0.0,0.0,-0.18658772110939026,-0.05781591311097145,-5.1156497647752985e-05,-0.3311275243759155,-0.176075741648674,-8.794612949714065e-05,-0.4204793870449066,-0.28119558095932007,-0.0001313206012127921,-0.47829529643058777,-0.39945539832115173,-0.000166349665960297,-0.31535953283309937,-0.5282272100448608,-1.59050921411108e-06,-0.43099135160446167,-0.662255048751831,-9.933917317539454e-05,-0.4704113006591797,-0.6753950119018555,-0.00018287012062501162,-0.4704113006591797,-0.6044390797615051,-0.000223571973037906,-0.19184371829032898,-0.6096950769424438,-1.9034532670048065e-05,-0.24703162908554077,-0.8330747485160828,-8.957403770182282e-05,-0.31010353565216064,-0.9460785984992981,-0.0001450608833692968,-0.3600354790687561,-0.9329386353492737,-0.00017229803779628128,-0.05255992338061333,-0.6175791025161743,-5.4352200095308945e-05,-0.08409587293863297,-0.8304467797279358,-0.00010782126628328115,-0.12614381313323975,-0.9434506297111511,-0.00012863923620898277,-0.18921571969985962,-0.9487066268920898,-0.00013082158693578094,0.09197986125946045,-0.5702751278877258,-9.8654672910925e-05,0.11037583649158478,-0.7437229156494141,-0.00014075401122681797,0.07883988320827484,-0.8488427400588989,-0.00015396076196338981,0.01839597336947918,-0.8803787231445312,-0.00015062633610796183,-0.9849648003804783,-0.8591445945419005,0.31622593068292254,-0.9980387820444235,-0.9646030464813622,-0.24909661349507656,-0.9980676395408037,-0.9782096100921305,-0.42536112250724273,-0.9985289769751609,-0.9221777407749874,-0.6978161689135077,-0.9267036922608995,-0.9837410033806931,-0.9689681811525989,0.6231621350415308,0.7659200360322905,1.0,0.9673917716004471,0.8805708577301967,0.39030802924672237,0.40177042471394236,0.538360699203517,0.4929224234281747,0.4300509767727746,0.0,1.0,1.0,1.0,1.0
2,0.0,0.0,0.0,-0.19677408039569855,-0.06199731305241585,-5.1397244533291087e-05,-0.3369419276714325,-0.18329639732837677,-8.522827556589618e-05,-0.4178079664707184,-0.3018999397754669,-0.00012575418804772198,-0.4690231382846832,-0.43398118019104004,-0.00015544675989076495,-0.33155083656311035,-0.5337159633636475,2.5120632471953286e-06,-0.45554545521736145,-0.6711882948875427,-9.723760740598664e-05,-0.4717186689376831,-0.6442329287528992,-0.0001793832634575665,-0.4474588632583618,-0.5364115238189697,-0.00021651900897268206,-0.20755621790885925,-0.6172775626182556,-1.1860101949423552e-05,-0.269553542137146,-0.8410069942474365,-8.017294021556154e-05,-0.33155083656311035,-0.9434373378753662,-0.00013561706873588264,-0.37737494707107544,-0.9191775321960449,-0.00016289492486976087,-0.06469284743070602,-0.6307552456855774,-4.4561773393070325e-05,-0.09973480552434921,-0.8437025547027588,-9.479282016400248e-05,-0.1455589085817337,-0.9542195200920105,-0.00011695372813846916,-0.20755621790885925,-0.9542195200920105,-0.00012014945241389796,0.08086606115102768,-0.5930177569389343,-8.644200715934858e-05,0.09703926742076874,-0.7682275772094727,-0.00012770036119036376,0.05930177494883537,-0.8760489821434021,-0.00014399230713024735,-0.010782141238451004,-0.9110909104347229,-0.00014228548388928175,-0.9841949485880878,0.2921526554870767,-0.7236387139239291,-0.9985399699967596,-0.9627084388309649,-0.057350005047676754,-0.9981468392600579,-0.9736749371080484,-0.38301503385264296,-0.999054950200068,-0.9094978849890258,-0.7175806728033823,-0.9178626118450348,-0.9666416956628335,-0.974004470459061,0.6390010840382159,0.6985390738276256,0.9936292806471128,0.9765318641261992,0.9111547680488908,0.3667323577263594,0.348336653669944,0.5212950826387882,0.4902027722356573,0.4461112987580696,0.0,1.0,1.0,1.0,1.0
2,0.0,0.0,0.0,-0.1963953673839569,-0.0572819821536541,-5.671221879310906e-05,-0.3382364809513092,-0.17730137705802917,-9.544334170641378e-05,-0.4282510280609131,-0.29459306597709656,-0.000140471471240744,-0.47462213039398193,-0.4309787154197693,-0.0001746488269418478,-0.3382364809513092,-0.5291764140129089,-4.618431376002263e-06,-0.46916672587394714,-0.6710175275802612,-0.00011010358139174059,-0.4800775647163391,-0.6437403559684753,-0.00019742159929592162,-0.4473450183868408,-0.5291764140129089,-0.00023772925487719476,-0.21276165544986725,-0.6164632439613342,-1.7616899640415795e-05,-0.27549904584884644,-0.8428634405136108,-9.121137554757297e-05,-0.3382364809513092,-0.9410611391067505,-0.0001519916404504329,-0.38733530044555664,-0.902873158454895,-0.00018285746045876294,-0.07092054933309555,-0.6301017999649048,-4.934605021844618e-05,-0.09819768369197845,-0.8455911874771118,-0.00010197286610491574,-0.15002423524856567,-0.954699695110321,-0.00012785251601599157,-0.21821707487106323,-0.9465165734291077,-0.0001339903537882492,0.07637597620487213,-0.5919138193130493,-9.069534280570224e-05,0.09274225682020187,-0.7664874792098999,-0.00013389598461799324,0.05182655528187752,-0.8783237338066101,-0.00015352672198787332,-0.019093994051218033,-0.9110562801361084,-0.000154535096953623,-0.9844304969694117,0.43033735170423876,-0.7907212394033972,-0.998078135293219,-0.9558670932823362,0.0923864121551189,-0.9999042997545294,-0.9500077297588203,-0.31837940319104513,-0.9993929351755538,-0.9029525943503615,-0.7055051282869971,-0.9137147554973009,-0.977195957744333,-0.9470640624134228,0.6410997360191366,0.6929251680180925,0.9824503337719696,0.9713456064900401,0.9112563298135885,0.36798222291332583,0.34278323418512224,0.5116100135586539,0.4854070076796855,0.4466888848340197,0.0,1.0,1.0,1.0,1.0
2,0.0,0.0,0.0,-0.192600816488266,-0.06053168699145317,-6.0798953199991956e-05,-0.3356757164001465,-0.17609217762947083,-0.00010261357965646312,-0.4209703505039215,-0.29440411925315857,-0.0001493870367994532,-0.4732477366924286,-0.4319761097431183,-0.00018552089750301093,-0.3384271562099457,-0.5310279726982117,-1.1069410902564414e-05,-0.464993417263031,-0.6741028428077698,-0.00011344549420755357,-0.4759991765022278,-0.6410855650901794,-0.0001987314026337117,-0.44848477840423584,-0.5282765030860901,-0.000239292872720398,-0.20910945534706116,-0.6163226366043091,-2.2608282961300574e-05,-0.2778954803943634,-0.841940701007843,-9.363467688672245e-05,-0.3384271562099457,-0.9409925937652588,-0.0001563231198815629,-0.385201632976532,-0.9162296056747437,-0.0001915688771987334,-0.06328312307596207,-0.6300798058509827,-5.257054726826027e-05,-0.09905184805393219,-0.841940701007843,-0.00010503071098355576,-0.1430748999118805,-0.9547497630119324,-0.00013745331671088934,-0.20910945534706116,-0.9547497630119324,-0.00015071466623339802,0.08529464900493622,-0.591559648513794,-9.195016173180193e-05,0.09905184805393219,-0.7676518559455872,-0.00013415052671916783,0.057780247181653976,-0.8804608583450317,-0.00015632832946721464,-0.013757200911641121,-0.9162296056747437,-0.00016180635429918766,-0.9877239588934655,0.5010333500779788,-0.8467312067865813,-0.9995141712390413,-0.9682600099399218,-0.06161146823136397,-0.9977460150445862,-0.9790987924997698,-0.36354253861289726,-0.9978732194702536,-0.9095092436812889,-0.7272971409258813,-0.9305432119900903,-0.9646334857887275,-0.9660062961672583,0.6407548777230488,0.6929752710443239,0.9939100201445934,0.9773811424069342,0.9163328896781441,0.37051063617903807,0.3476745132143108,0.5236409494719255,0.49206857541677795,0.4517633509465927,0.0,1.0,1.0,1.0,1.0
2,0.0,0.0,0.0,-0.2000991553068161,-0.06578602641820908,-6.041239248588681e-05,-0.34263554215431213,-0.1809115707874298,-9.941803727997467e-05,-0.43309134244918823,-0.30426037311553955,-0.00014237100549507886,-0.5016184449195862,-0.4358324110507965,-0.00017432108870707452,-0.3453766405582428,-0.5290293097496033,-1.0329596989322454e-05,-0.4796897768974304,-0.6797889471054077,-0.0001097454660339281,-0.49613627791404724,-0.6606013178825378,-0.0001920343202073127,-0.4659843444824219,-0.5536990165710449,-0.00023043509281706065,-0.21654567122459412,-0.6140028834342957,-2.0664701878558844e-05,-0.28507277369499207,-0.8387718200683594,-9.095093264477327e-05,-0.3481177091598511,-0.9374508857727051,-0.00015261660155374557,-0.391975075006485,-0.9072989225387573,-0.0001863808138296008,-0.07126819342374802,-0.6304494142532349,-4.9034631956601515e-05,-0.10690229386091232,-0.8387718200683594,-0.000101302211987786,-0.15624180436134338,-0.9511562585830688,-0.0001317439746344462,-0.21654567122459412,-0.948415219783783,-0.00014262508193496615,0.07949144393205643,-0.5948153138160706,-8.678634912939742e-05,0.08771470189094543,-0.7702447175979614,-0.00013135306653566658,0.04659843444824219,-0.879888117313385,-0.00015443524171132594,-0.01918759010732174,-0.9155221581459045,-0.00015919543511699885,-0.9888613487785058,0.13399372982565544,-0.5540805179793707,-0.9990698600117307,-0.9630745491485312,0.03375603864441631,-0.9983845826403244,-0.9703126054588425,-0.3599981687960303,-0.9963032683735199,-0.9188613525349394,-0.7546978599519975,-0.9352689005125673,-0.9667403415674732,-0.9883831902012425,0.6645080599240798,0.7236878526580145,0.9883500567531952,0.9728223758412493,0.9157231989947127,0.39270467350370697,0.3641497313999966,0.5168525495188254,0.48640311557433324,0.4512478383469575,0.0,1.0,1.0,1.0,1.0
2,0.0,0.0,0.0,-0.18970654904842377,-0.060486145317554474,-5.4845018894411623e-05,-0.3326737880706787,-0.17595969140529633,-9.000678255688399e-05,-0.4398992359638214,-0.2859345078468323,-0.00012919881555717438,-0.5361272096633911,-0.3876611888408661,-0.00016112976300064474,-0.3216763138771057,-0.5251296758651733,-1.8629372107170639e-06,-0.4344004988670349,-0.65160071849823,-8.324276859639212e-05,-0.49763599038124084,-0.6900919079780579,-0.00015608841204084456,-0.5278790593147278,-0.6543501019477844,-0.00019525033712852746,-0.20345339179039001,-0.607610821723938,-1.6365798728656955e-05,-0.2694382667541504,-0.8275604248046875,-7.87249009590596e-05,-0.3381725251674652,-0.9347858428955078,-0.0001356495195068419,-0.39590930938720703,-0.9182896614074707,-0.0001680814748397097,-0.06598488241434097,-0.6213576793670654,-4.7156681830529124e-05,-0.10172669589519501,-0.8330591917037964,-0.00010087614646181464,-0.15396472811698914,-0.9512820839881897,-0.00013471937563735992,-0.21720024943351746,-0.9457833170890808,-0.0001481984945712611,0.08523047715425491,-0.585615873336792,-8.600260480307043e-05,0.09347858279943466,-0.7670742869377136,-0.00013253054930828512,0.04948866367340088,-0.8797984719276428,-0.0001595393114257604,-0.019245591014623642,-0.9100415110588074,-0.00016882586351130158,-0.9841318987262846,-0.956505648384499,-0.15484323798838232,-0.9994991201983228,-0.9614459291518974,-0.28762005863148193,-0.9981120806135464,-0.9692059515840331,-0.323405538415914,-0.9950934189654307,-0.9141090841952858,-0.707938209664094,-0.9320511569412756,-0.9929702814353925,-0.9998857943646315,0.6615992494273124,0.8407321104252042,1.0,0.9704030737099364,0.9102449949934412,0.44229741728018757,0.4656420603294109,0.5382188296617171,0.49172453673599215,0.44962648403313005,1.0,1.0,1.0,1.0,1.0
2,0.0,0.0,0.0,-0.19811195135116577,-0.05227954313158989,-6.313062476692721e-05,-0.34944745898246765,-0.1705964058637619,-0.00010437850869493559,-0.44850343465805054,-0.2834101617336273,-0.00015132143744267523,-0.5090376734733582,-0.4127332270145416,-0.0001881032803794369,-0.34394437074661255,-0.5227954387664795,-5.941012204857543e-06,-0.4760189950466156,-0.6548700332641602,-0.00011570275819394737,-0.5035345554351807,-0.6246029734611511,-0.0002084719017148018,-0.4815221130847931,-0.5117892026901245,-0.00025219039525836706,-0.22012439370155334,-0.6108452081680298,-1.6767064153100364e-05,-0.2889132499694824,-0.8309695720672607,-9.629357373341918e-05,-0.36045369505882263,-0.9327771067619324,-0.00016125805268529803,-0.41548478603363037,-0.8942553400993347,-0.00019335545948706567,-0.07429198175668716,-0.6273545026779175,-4.74570770165883e-05,-0.11281374841928482,-0.8364726901054382,-0.00010590608144411817,-0.16784484684467316,-0.9492864012718201,-0.00013400593888945878,-0.23388215899467468,-0.9410317540168762,-0.0001388752571074292,0.06878887116909027,-0.591584324836731,-8.81481755641289e-05,0.07154043018817902,-0.7704353332519531,-0.00013573610340245068,0.027515549212694168,-0.8777459859848022,-0.00015651412832085043,-0.038521766662597656,-0.908013105392456,-0.0001565242710057646,-0.9793664740197754,0.04756368543507652,-0.5974196966676714,-0.9990759865932123,-0.9524394846883313,-0.0018118400276750102,-0.9979336747694946,-0.9633226596519571,-0.323559600430617,-0.994966521834444,-0.9192205430152596,-0.7305172694113906,-0.9188861291214305,-0.9826246260261413,-0.9602882010158545,0.6553381533126938,0.7027031792936763,0.9860630320021919,0.969660597621796,0.9088298897052063,0.3993259496697555,0.36991744747606053,0.5200959735753998,0.4855691997827172,0.44394580256468624,0.0,1.0,1.0,1.0,1.0
2,0.0,0.0,0.0,-0.19802352786064148,-0.06050718575716019,-5.654583583236672e-05,-0.3520418107509613,-0.18977254629135132,-9.446991316508502e-05,-0.45655423402786255,-0.30253592133522034,-0.00013995805056765676,-0.5170614123344421,-0.4290509521961212,-0.00017568869225215167,-0.335539847612381,-0.5253124237060547,3.92620086131501e-06,-0.46755552291870117,-0.6518274545669556,-0.00010337054845876992,-0.5060601234436035,-0.6078221797943115,-0.00019529250857885927,-0.4895581603050232,-0.49230846762657166,-0.00023932609474286437,-0.21727581322193146,-0.6133228540420532,-1.1433735380705912e-05,-0.2805333137512207,-0.8360993266105652,-9.313545160694048e-05,-0.3685437738895416,-0.9296104311943054,-0.00015625631203874946,-0.4373019337654114,-0.8856052160263062,-0.0001856779563240707,-0.07975947111845016,-0.6243241429328918,-4.658247416955419e-05,-0.1072627380490303,-0.8498509526252747,-0.0001049931815941818,-0.18152156472206116,-0.9543633460998535,-0.00012809463078156114,-0.26678168773651123,-0.940611720085144,-0.00012917252024635673,0.06050718575716019,-0.5885699391365051,-9.15387281565927e-05,0.06325751543045044,-0.7700914740562439,-0.00013724852760788053,0.01100130658596754,-0.8828548789024353,-0.00015432260988745838,-0.06875816732645035,-0.915858805179596,-0.00015208586410153657,-0.9717522237960319,0.04527830105915738,-0.6518860147139207,-0.9979656464461506,-0.887716083005018,-0.18472432324354013,-0.9999836759568088,-0.8793010936344596,-0.44201393355669005,-0.9961923875798017,-0.9008365798140658,-0.7354248181031824,-0.9203996357241796,-0.9921835132663854,-0.9549408038192245,0.6718908017569928,0.6942873142944049,0.9876889978790891,0.9777131043649434,0.9184362116499266,0.4047558795493218,0.3757893613019265,0.5260518081710923,0.4943720197904672,0.4478859759274232,0.0,1.0,1.0,1.0,1.0
2,0.0,0.0,0.0,-0.20016531646251678,-0.0695018470287323,-4.966326741850935e-05,-0.3586295247077942,-0.19460517168045044,-8.585938485339284e-05,-0.4587121903896332,-0.3002479672431946,-0.00013118426431901753,-0.5365542769432068,-0.41423100233078003,-0.0001684233866399154,-0.32248857617378235,-0.5365542769432068,1.330905206486932e-06,-0.46983247995376587,-0.6505373120307922,-0.00010252060747006908,-0.5170937180519104,-0.5893756747245789,-0.00019297674589324743,-0.5143136978149414,-0.4670524299144745,-0.00023659430735278875,-0.2085055410861969,-0.6171764135360718,-1.8107799405697733e-05,-0.27244722843170166,-0.8395823240280151,-9.538458107272163e-05,-0.36418968439102173,-0.9313247799873352,-0.00015464407624676824,-0.44203174114227295,-0.8924037218093872,-0.00018169583927374333,-0.0695018470287323,-0.6255166530609131,-5.5980221077334136e-05,-0.09452251344919205,-0.8507026433944702,-0.00011428808647906408,-0.16680443286895752,-0.9563454389572144,-0.0001389243407174945,-0.2557668089866638,-0.9452251195907593,-0.00014041470421943814,0.07228191941976547,-0.5865955948829651,-0.00010273266525473446,0.09452251344919205,-0.7728605270385742,-0.00014764079242013395,0.04170110821723938,-0.8868435621261597,-0.00016352097736671567,-0.04170110821723938,-0.9202044606208801,-0.00016017102461773902,-0.9318962305077472,0.0005361156706638246,-0.7771875876210251,-0.9989490143293456,-0.8749574296510394,-0.31622785678597626,-0.9999999999457995,-0.8826184331122938,-0.4579565776052659,-0.9999929880637614,-0.8510608993307013,-0.7273549332298784,-0.9447086964929162,-0.9896314191623514,-0.9873540067256097,0.6778479489276803,0.6947348956712956,0.9958797757174017,0.9792176579489302,0.9211488302487788,0.434923380406299,0.40871667875511264,0.5375087269699833,0.49535299718658354,0.45158566785701587,0.0,1.0,1.0,1.0,1.0
2,0.0,0.0,0.0,-0.19601614773273468,-0.06440530717372894,-5.14549101353623e-05,-0.3556292951107025,-0.18761545419692993,-9.078592847799882e-05,-0.4620380699634552,-0.2884237766265869,-0.0001388131349813193,-0.5572459101676941,-0.39763274788856506,-0.00017946008301805705,-0.31922629475593567,-0.540444552898407,-5.098642304801615e-06,-0.4732389748096466,-0.6496534943580627,-0.00011098373215645552,-0.5348440408706665,-0.5852482318878174,-0.0002050438051810488,-0.5432447791099548,-0.4676385223865509,-0.000251820805715397,-0.20441684126853943,-0.6188510060310364,-2.5461313271080144e-05,-0.2660219073295593,-0.8428694605827332,-0.00010500616917852312,-0.3612297475337982,-0.932476818561554,-0.00016631117614451796,-0.44243645668029785,-0.8904733657836914,-0.00019465187506284565,-0.0672055333852768,-0.6244514584541321,-6.39902864350006e-05,-0.08680715411901474,-0.8540703654289246,-0.00012418076221365482,-0.15961314737796783,-0.9632793664932251,-0.00014934367209207267,-0.24922053515911102,-0.9520784616470337,-0.00015152667765505612,0.07280600070953369,-0.5768475532531738,-0.00011134587839478627,0.10360853374004364,-0.7644630074501038,-0.0001600744144525379,0.053204383701086044,-0.8820726871490479,-0.0001774288684828207,-0.028002306818962097,-0.9184756875038147,-0.00017480822862125933,-0.9129005283483602,-0.14585669837866547,-0.7700529721973991,-0.9987166132070859,-0.8539193331694983,-0.3319278968267706,-0.9997568445377882,-0.8762159492477596,-0.44721360810651756,-0.9993089540371154,-0.8431832779832037,-0.7354367800747336,-0.9427778642629179,-0.9949049982977713,-0.9954521959962406,0.6845691120231573,0.7167989401372923,0.9943304044909657,0.9841565804780474,0.9189024374090585,0.45971194575099944,0.43965912181900824,0.5383537945527275,0.5015615849504007,0.45271478725707026,0.0,1.0,1.0,1.0,1.0
2,0.0,0.0,0.0,-0.20175586640834808,-0.06444979459047318,-5.920023613725789e-05,-0.36988577246665955,-0.17933854460716248,-0.00010876828309847042,-0.4987853467464447,-0.26060134172439575,-0.00016488444816786796,-0.6080697774887085,-0.361479252576828,-0.000215114007005468,-0.30263379216194153,-0.5352134704589844,-3.3552270906511694e-05,-0.46235719323158264,-0.6557065844535828,-0.00014857834321446717,-0.5464221239089966,-0.6136741042137146,-0.00024888970074243844,-0.580048143863678,-0.4987853467464447,-0.0003003586607519537,-0.18774504959583282,-0.6080697774887085,-5.515832526725717e-05,-0.23818400502204895,-0.840649425983429,-0.00014640891458839178,-0.3446662724018097,-0.9387252330780029,-0.0002151679655071348,-0.4399398863315582,-0.8882862329483032,-0.0002496152592357248,-0.05324113368988037,-0.6024654507637024,-9.434495586901903e-05,-0.061647627502679825,-0.8434516191482544,-0.00016392444376833737,-0.1373060792684555,-0.9555382132530212,-0.00019645610882434994,-0.2297775149345398,-0.9415273666381836,-0.0002051273186225444,0.08406494557857513,-0.5408177971839905,-0.00014217468560673296,0.12889958918094635,-0.7369693517684937,-0.000203213858185336,0.08126278221607208,-0.8602645993232727,-0.00022957866895012558,-0.005604329518973827,-0.8966927528381348,-0.00023396984033752233,-0.9171724284754584,-0.44470675864962766,-0.6804510757807005,-0.9963118926009499,-0.8179772807000804,-0.33308342825306303,-0.9985812165666542,-0.8478494206933808,-0.42899349064451986,-0.9975155001133273,-0.8290403189916851,-0.6930961125004277,-0.9581712877693802,-0.9993171940632232,-0.9833164106896455,0.7074009886935112,0.765011609554999,0.991261620671986,0.9691602809553357,0.896710278321465,0.5249800834902824,0.4898957705508621,0.5539510797843921,0.5034584946436647,0.4477757731094794,0.0,1.0,1.0,1.0,1.0
2,0.0,0.0,0.0,-0.19790440797805786,-0.056544117629528046,-7.063039083732292e-05,-0.3731911778450012,-0.16963234543800354,-0.00013394939014688134,-0.523033082485199,-0.2318308800458908,-0.00020207469060551375,-0.6502573490142822,-0.2996838092803955,-0.00026556337252259254,-0.31381985545158386,-0.5315147042274475,-6.0068017774028704e-05,-0.47497057914733887,-0.6700477600097656,-0.00018777836521621794,-0.5937132239341736,-0.6672205924987793,-0.00029415759490802884,-0.6643933653831482,-0.5739228129386902,-0.0003489712253212929,-0.1865955889225006,-0.6021948456764221,-8.286126103485003e-05,-0.22334925830364227,-0.8481617569923401,-0.00019350273942109197,-0.3449191153049469,-0.9386323690414429,-0.0002658265002537519,-0.44669851660728455,-0.8736066222190857,-0.0002976387331727892,-0.05371691286563873,-0.5880588293075562,-0.00012323952978476882,-0.042408086359500885,-0.8566433787345886,-0.000204054857022129,-0.1385330855846405,-0.9471139311790466,-0.00022842141333967447,-0.23748528957366943,-0.9244962930679321,-0.00022834975970909,0.08764338493347168,-0.5145514607429504,-0.00017315924924332649,0.1357058882713318,-0.7181102633476257,-0.00023960808175615966,0.08481617271900177,-0.8340257406234741,-0.000261066947132349,0.002827205928042531,-0.8736066222190857,-0.0002599101862870157,-0.9468888578869862,-0.7425852430555182,-0.6226597116389541,-0.9884475970880487,-0.7090130382359371,-0.3546148124825207,-0.9911455695435812,-0.6541241027735641,-0.5571757125084639,-0.9980064387819386,-0.7987667406320648,-0.7600882291273295,-0.9568990411612274,-0.9839303475787995,-0.9953468751241872,0.7159923839381438,0.8779556112805927,0.9811871054978835,0.9545118212372097,0.873611180853687,0.5761804197013315,0.5849723845282955,0.5537690239772388,0.49853859824497193,0.43704471399302963,1.0,1.0,1.0,1.0,1.0
2,0.0,0.0,0.0,-0.20347461104393005,-0.05813560634851456,-5.092195715405978e-05,-0.37497463822364807,-0.17731359601020813,-9.756415238371119e-05,-0.48833906650543213,-0.26451700925827026,-0.00015315825294237584,-0.6017035245895386,-0.36334753036499023,-0.00020493804186116904,-0.3052119314670563,-0.5377543568611145,-2.3341526684816927e-05,-0.4825255274772644,-0.6482120156288147,-0.00013029661204200238,-0.5784492492675781,-0.5697289109230042,-0.0002274994330946356,-0.613330602645874,-0.45055094361305237,-0.0002778413181658834,-0.19766105711460114,-0.6162374019622803,-4.8644964408595115e-05,-0.2674237787723541,-0.8545933961868286,-0.00013311496877577156,-0.39532211422920227,-0.9185425639152527,-0.00019360969599802047,-0.49996620416641235,-0.8545933961868286,-0.00021948553330730647,-0.06976272910833359,-0.6191442012786865,-9.02780593605712e-05,-0.07848306745290756,-0.8865679502487183,-0.00015958028961904347,-0.18312714993953705,-0.9737713932991028,-0.00019156209600623697,-0.2964915931224823,-0.9417967796325684,-0.00019708115723915398,0.06685594469308853,-0.5639153718948364,-0.00013919349294155836,0.10755086690187454,-0.7702967524528503,-0.00019646555301733315,0.04069492220878601,-0.8720340728759766,-0.00021526221826206893,-0.06394916772842407,-0.8865679502487183,-0.0002130001230398193,-0.8788062873873645,-0.32209604940393866,-0.8251457184846105,-0.9996708214910376,-0.6804511136820962,-0.5299989998799133,-0.9968331048133818,-0.6648816805961323,-0.5655897249064827,-0.9970614454957253,-0.713674923585167,-0.6589231511449872,-0.9463641167751599,-0.998829482685809,-0.998120839707008,0.7029001005415262,0.7610326450369619,0.990099045911125,0.987364447686028,0.8888713641517565,0.5112503785609345,0.5124521487446857,0.5558421510457685,0.5130289274665718,0.42080585088877326,0.0,1.0,1.0,1.0,1.0
2,0.0,0.0,0.0,-0.19501999020576477,-0.052708107978105545,-6.405018939403817e-05,-0.3452380895614624,-0.16603054106235504,-0.00011238217848585919,-0.40585240721702576,-0.28198838233947754,-0.00016708024486433715,-0.4374772906303406,-0.41375863552093506,-0.0002111977810272947,-0.3689567446708679,-0.5455288887023926,-1.590571628184989e-05,-0.4822791814804077,-0.7194656729698181,-0.00012851158680859953,-0.4875499904155731,-0.6641221642494202,-0.0002246617223136127,-0.4453834891319275,-0.524445652961731,-0.0002696310984902084,-0.2292802631855011,-0.6219556331634521,-3.224324609618634e-05,-0.30043619871139526,-0.8670483827590942,-0.00011345431994413957,-0.3531443178653717,-0.9355688691139221,-0.00017921990365721285,-0.3689567446708679,-0.8617775440216064,-0.00020974886137992144,-0.07379134744405746,-0.6219556331634521,-6.812971696490422e-05,-0.10014539957046509,-0.8591421246528625,-0.0001290370710194111,-0.14758269488811493,-0.9487459063529968,-0.00015792675549164414,-0.18974918127059937,-0.9197564721107483,-0.00016348225472029299,0.08960378170013428,-0.5692475438117981,-0.00011353778972988948,0.10014539957046509,-0.7616321444511414,-0.0001616960798855871,0.06588513404130936,-0.8565067052841187,-0.00017688801744952798,0.018447836861014366,-0.8670483827590942,-0.0001730002259137109,-0.9998515678132529,0.7823321965391025,-0.9256142475231961,-0.9975065671107801,-0.9311869200193261,0.6472769274751149,-0.9999723193477917,-0.930052046324768,0.11513219619224206,-0.9948647991079929,-0.9205622676229489,-0.5355913457225931,-0.9277946617043789,-0.9035424715766713,-0.9698653763330125,0.6021483362918106,0.688047807899798,0.9374378355832962,0.9391254987127386,0.8672445931685513,0.3261865416264636,0.3330952517102428,0.4646216056428944,0.4539698406620491,0.41770502907366486,0.0,1.0,1.0,1.0,1.0
2,0.0,0.0,0.0,-0.19722506403923035,-0.05785268545150757,-6.610627315239981e-05,-0.3497457802295685,-0.17618772387504578,-0.00011529988114489242,-0.41548746824264526,-0.2918930947780609,-0.00016998204228002578,-0.4601918160915375,-0.4233764708042145,-0.00021435506641864777,-0.3655237853527069,-0.552230179309845,-1.9882689230144024e-05,-0.48122915625572205,-0.7310475707054138,-0.0001351026730844751,-0.49174782633781433,-0.6784542202949524,-0.00023152021458372474,-0.45493248105049133,-0.5390818119049072,-0.00027562864124774933,-0.22352173924446106,-0.6284905076026917,-3.529754394548945e-05,-0.2918930947780609,-0.8730496168136597,-0.00012034647079417482,-0.34448644518852234,-0.9387912750244141,-0.0001855360169429332,-0.36026445031166077,-0.8651605844497681,-0.00021343214029911906,-0.06837135553359985,-0.625860869884491,-7.04866397427395e-05,-0.09729769825935364,-0.8546419143676758,-0.0001324370241491124,-0.14463171362876892,-0.9466803073883057,-0.00015922391321510077,-0.1919657289981842,-0.9309023022651672,-0.00016271707136183977,0.08940869569778442,-0.5680081844329834,-0.00011534354416653514,0.10781636834144592,-0.7494552135467529,-0.0001626811281312257,0.07889002561569214,-0.8572716116905212,-0.00017806007235776633,0.036815345287323,-0.8993462920188904,-0.0001745660265441984,-0.9999458983662018,0.7167237495522819,-0.8979752901652545,-0.9976142720674823,-0.9202289260466688,0.6326431231997144,-0.9998561786405884,-0.9396325610695648,-0.15266095461297308,-0.9984866933651005,-0.9347564849219794,-0.8661856240833312,-0.93068371401463,-0.9232838723320483,-0.9822007191638749,0.625319288965773,0.7053884028036197,0.9371731122597895,0.9504893349921767,0.9000995193682378,0.3504015884578398,0.3473093537211745,0.4616620914186634,0.4626690418847256,0.45029400385574353,0.0,1.0,1.0,1.0,1.0
2,0.0,0.0,0.0,-0.19031941890716553,-0.05658144876360893,-6.516718713101e-05,-0.3472043573856354,-0.17488811910152435,-0.0001105359333450906,-0.4320765435695648,-0.2854791283607483,-0.00015995421563275158,-0.5040892958641052,-0.3960701525211334,-0.00019989069551229477,-0.3497762382030487,-0.5375238060951233,-1.614829307072796e-05,-0.4655110239982605,-0.7098399996757507,-0.0001248963235411793,-0.5118049383163452,-0.7329869866371155,-0.0002147815830539912,-0.5118049383163452,-0.6429710388183594,-0.0002553463273216039,-0.21346637606620789,-0.6172521710395813,-2.93382145173382e-05,-0.28290724754333496,-0.8538655042648315,-0.00011459344386821613,-0.34463247656822205,-0.938737690448761,-0.00017698368174023926,-0.37292319536209106,-0.8641530871391296,-0.00020201606093905866,-0.06944087147712708,-0.622395932674408,-6.159643089631572e-05,-0.09773159772157669,-0.8461498618125916,-0.00012308068107813597,-0.15431304275989532,-0.9490252137184143,-0.00014902865223120898,-0.20317883789539337,-0.9284501671791077,-0.0001509933645138517,0.08744405955076218,-0.5735301375389099,-0.00010361243039369583,0.09773159772157669,-0.7484182715415955,-0.00015179987531155348,0.0540095679461956,-0.8564373850822449,-0.00017065665451809764,0.0,-0.8873000144958496,-0.00016889965627342463,-0.9998938283113424,-0.8699424427479192,0.44721209377252996,-0.9988722495583193,-0.941637645478461,0.5475683014803417,-0.9998925260535534,-0.9297460608082154,-0.1041316616109024,-0.9957207499568231,-0.9033152448229642,-0.7856529819200797,-0.9368992337729659,-0.9637422644547754,-0.9970077148540406,0.6410753549173391,0.8218004852735932,0.9411865954982296,0.9504216907281098,0.8873000192922703,0.4019254910228153,0.4382735254638347,0.4742111086117147,0.4678765646321667,0.4311770231414629,0.0,1.0,1.0,1.0,1.0
2,0.0,0.0,0.0,-0.19248683750629425,-0.05902929976582527,-6.584778748219833e-05,-0.34647631645202637,-0.17708788812160492,-0.00010926435061264783,-0.43373700976371765,-0.29001352190971375,-0.0001569463056512177,-0.5081652402877808,-0.40550559759140015,-0.00019506608077790588,-0.34134334325790405,-0.5363966822624207,-1.3101093827572186e-05,-0.46196842193603516,-0.7032185792922974,-0.0001213342766277492,-0.5209977030754089,-0.7083515524864197,-0.00021170618128962815,-0.5261306762695312,-0.6133913993835449,-0.0002533012011554092,-0.21045227348804474,-0.6210908889770508,-2.508335091988556e-05,-0.2823140323162079,-0.8495085835456848,-0.00010726619802881032,-0.3567422926425934,-0.9342027902603149,-0.00016749279166106135,-0.3952396512031555,-0.8649075627326965,-0.00019285216694697738,-0.06672877073287964,-0.6313568353652954,-5.682780101778917e-05,-0.0975266695022583,-0.8443756103515625,-0.00011796652688644826,-0.15912245213985443,-0.9470352530479431,-0.0001445851958123967,-0.21558526158332825,-0.9290698170661926,-0.00014729914255440235,0.08469420671463013,-0.5877264738082886,-9.87122839433141e-05,0.09239368140697479,-0.7648143768310547,-0.00014701607869938016,0.04363035038113594,-0.8674740195274353,-0.00016590666200499982,-0.020531930029392242,-0.8854394555091858,-0.00016443189815618098,-0.9982410921062143,-0.6539430912777168,0.03273028654237119,-0.9997601166750443,-0.9146446597230613,0.3360560206342228,-0.9992673379711133,-0.922288551296249,-0.23028131288250672,-0.9950371595155453,-0.883787866464602,-0.6567169244659349,-0.9371167393946097,-0.9666913668139842,-0.996353132115147,0.6501282619024085,0.8081229039760407,0.9509360628201359,0.953754519438461,0.885677493999276,0.4074244107714308,0.44151120967985746,0.4847680375349341,0.46662171182019274,0.4190931422959914,0.0,1.0,1.0,1.0,1.0
2,0.0,0.0,0.0,-0.19993054866790771,-0.06231601536273956,-6.047693750588223e-05,-0.35312411189079285,-0.18435154855251312,-0.00010209802712779492,-0.4180366098880768,-0.3063870966434479,-0.00014981150161474943,-0.4517911374568939,-0.4388086199760437,-0.00018700856890063733,-0.36091360449790955,-0.5504581332206726,-5.293520644045202e-07,-0.47256311774253845,-0.7192307114601135,-0.00010424848005641252,-0.49593162536621094,-0.6724936962127686,-0.0001948359131347388,-0.4751596450805664,-0.547861635684967,-0.00023736066941637546,-0.22589556872844696,-0.6309496760368347,-1.4694307537865825e-05,-0.2985975742340088,-0.8594417572021484,-8.490872278343886e-05,-0.36870309710502625,-0.9295472502708435,-0.00014260101306717843,-0.40505412220954895,-0.8698277473449707,-0.0001697917905403301,-0.07529851794242859,-0.641335666179657,-4.902321597910486e-05,-0.10645652562379837,-0.8568452596664429,-0.00010122609819518402,-0.16877254843711853,-0.955512285232544,-0.00012971149408258498,-0.22589556872844696,-0.9425297379493713,-0.0001371159596601501,0.07789502292871475,-0.5971951484680176,-9.338228846900165e-05,0.07789502292871475,-0.7815467119216919,-0.00013293510710354894,0.023368505761027336,-0.880213737487793,-0.00014814718451816589,-0.04154401272535324,-0.9035822749137878,-0.00014681545144412667,-0.999991498288102,0.4992239224274813,-0.8087354086220705,-0.9993608463940535,-0.8882175830674425,0.23635129437151214,-0.9996433018137462,-0.9131978292662393,-0.3333359513970161,-0.9916004133279862,-0.8752415403871693,-0.7515554969638439,-0.9321373071244043,-0.9174102118013605,-0.9715123690312515,0.6298160421081925,0.7252096701268187,0.9595150166457186,0.9692219420158158,0.9045367605959463,0.3379818577753422,0.36396572378170566,0.4815998922984689,0.4713314799879747,0.4262973906150382,0.0,1.0,1.0,1.0,1.0
2,0.0,0.0,0.0,-0.19646574556827545,-0.06462688744068146,-6.430382200051099e-05,-0.3489852249622345,-0.18612544238567352,-0.00010788210784085095,-0.42653748393058777,-0.3076240122318268,-0.0001573694171383977,-0.47565391659736633,-0.4394628703594208,-0.00019617762882262468,-0.3464001417160034,-0.5557912588119507,-3.4887768833868904e-06,-0.4678986966609955,-0.7212361097335815,-0.00011220856686122715,-0.4937494397163391,-0.6772898435592651,-0.00020605455210898072,-0.47048377990722656,-0.5583763122558594,-0.0002500890986993909,-0.21456128358840942,-0.6385136842727661,-1.6135783880599774e-05,-0.2895284593105316,-0.8634152412414551,-9.106709330808371e-05,-0.3593255281448364,-0.9332122802734375,-0.00014951186312828213,-0.39810165762901306,-0.8685854077339172,-0.00017513158672954887,-0.06721196323633194,-0.646268904209137,-4.9476511776447296e-05,-0.09564779698848724,-0.8634152412414551,-0.00010427585948491469,-0.15768961608409882,-0.9590630531311035,-0.0001272132940357551,-0.2171463519334793,-0.9409675598144531,-0.00012839971168432385,0.08530749380588531,-0.5997375249862671,-9.355207293992862e-05,0.08272241801023483,-0.7806928157806396,-0.0001353495754301548,0.031020907685160637,-0.8789257407188416,-0.00014801800716668367,-0.03360598161816597,-0.8970212340354919,-0.00014238370931707323,-0.9971070417346294,0.3946110478270893,-0.7485415374714435,-0.9999970575287452,-0.8944272331885341,0.2425353783250885,-0.9996466794928641,-0.9025189372365986,-0.2763401178805939,-0.9879219822926362,-0.8914806522568207,-0.6870975181524479,-0.9376907802481285,-0.946035470159109,-0.9777203329037669,0.6475911493977755,0.730163796665751,0.9554713463520124,0.9656978891651976,0.8976505537543159,0.3702839212681639,0.368677913050009,0.47814708581791593,0.4657374131793101,0.41577345813349775,0.0,1.0,1.0,1.0,1.0
2,0.0,0.0,0.0,-0.19827653467655182,-0.05922545865178108,-6.034119724063203e-05,-0.3553527593612671,-0.18025140464305878,-0.00010018592001870275,-0.4532035291194916,-0.2935522794723511,-0.00014475361967924982,-0.5484792590141296,-0.4017031192779541,-0.00018005147285293788,-0.32187750935554504,-0.5459042191505432,-2.871602873710799e-06,-0.43517836928367615,-0.7158555388450623,-9.997025335906073e-05,-0.5072789192199707,-0.7235805988311768,-0.00018333758634980768,-0.5356041789054871,-0.6360299587249756,-0.000222534203203395,-0.19827653467655182,-0.6231548190116882,-1.6577479982515797e-05,-0.27037709951400757,-0.8471815586090088,-8.874463674146682e-05,-0.3553527593612671,-0.9347322583198547,-0.0001445015222998336,-0.41457822918891907,-0.8755068182945251,-0.00016919990594033152,-0.05665044113993645,-0.6308798789978027,-4.92167346237693e-05,-0.09527573734521866,-0.8497565984725952,-0.00010601068061077967,-0.16222625970840454,-0.9553323984146118,-0.000130964326672256,-0.2266017645597458,-0.9321572184562683,-0.00013347352796699852,0.09270071983337402,-0.5922545790672302,-9.143065108219162e-05,0.09527573734521866,-0.7699309587478638,-0.00014008711150381714,0.04377533867955208,-0.8755068182945251,-0.00015991172404028475,-0.02060016058385372,-0.8909569382667542,-0.00015922461170703173,-0.9984740607839219,-0.6401844451796528,-0.2047084906289113,-0.9999944460778087,-0.8964500839035024,0.014923574897057408,-0.9963797229059775,-0.9247276298724476,-0.21783327062993735,-0.9901082454844374,-0.8923208918710779,-0.6360658209761099,-0.933686739840372,-0.9796772030470966,-0.9999516840952329,0.6798492110779297,0.8315082082692028,0.9687039354082383,0.9593046565835815,0.8911950315190056,0.45813081742897516,0.4662252193222687,0.5085596940529202,0.4719148913765591,0.41950072367429453,0.0,1.0,1.0,1.0,1.0
2,0.0,0.0,0.0,-0.19982750713825226,-0.08045003563165665,-4.068107591592707e-05,-0.35813242197036743,-0.22837428748607635,-7.388867379631847e-05,-0.45155826210975647,-0.3347759544849396,-0.00011688425729516894,-0.547579288482666,-0.44636794924736023,-0.00015420270210597664,-0.2802775502204895,-0.5761260390281677,1.8916105091193458e-06,-0.4230114817619324,-0.7214551568031311,-9.674733155407012e-05,-0.5112469792366028,-0.6539809107780457,-0.00018574575369711965,-0.5449841022491455,-0.5320082902908325,-0.0002298140898346901,-0.17128072679042816,-0.6436002850532532,-2.279851833009161e-05,-0.24654042720794678,-0.8823552131652832,-9.700735245132819e-05,-0.36332273483276367,-0.9316633343696594,-0.00014746200758963823,-0.44636794924736023,-0.851213276386261,-0.00016519865312147886,-0.04152259975671768,-0.6410050988197327,-6.412275251932442e-05,-0.06487905979156494,-0.8901407122612,-0.00012103460903745145,-0.1634952276945114,-0.9705907702445984,-0.00014224911865312606,-0.2543259263038635,-0.9368536472320557,-0.00014095290680415928,0.09861617535352707,-0.5787212252616882,-0.00011326032836223021,0.12456779927015305,-0.7681680917739868,-0.00016111413424368948,0.05449841171503067,-0.8693794012069702,-0.00017568370094522834,-0.036332275718450546,-0.8901407122612,-0.0001707441551843658,-0.9480931979749518,-0.12322906520320605,-0.7972318669189151,-0.9989759946527123,-0.6479379657280872,-0.39103363455772067,-0.9995856566243754,-0.7016935091656431,-0.5062800793337725,-0.9994671871937774,-0.7373321538072859,-0.73810398080101,-0.9327716430627033,-0.9951301394586645,-0.999949833074116,0.7064611371100782,0.7616039035145729,0.9611495441754966,0.9707607054013877,0.8908819259703942,0.4705220024123733,0.46817445276112196,0.5167603315864878,0.4820213644719033,0.4044955201610572,0.0,1.0,1.0,1.0,1.0
2,0.0,0.0,0.0,-0.19845755398273468,-0.10309483855962753,-2.722363751672674e-05,-0.3530998229980469,-0.26289182901382446,-5.9996702475473285e-05,-0.4484625458717346,-0.3711414039134979,-0.00010555337939877063,-0.5567120909690857,-0.471658855676651,-0.00014951115008443594,-0.2551597058773041,-0.5850631594657898,1.8269332713316544e-06,-0.399492472410202,-0.7319733500480652,-9.345533908344805e-05,-0.5051646828651428,-0.6623843312263489,-0.00018244139209855348,-0.5644442439079285,-0.5489799976348877,-0.00022889292449690402,-0.14948751032352448,-0.6391879916191101,-3.1879739253781736e-05,-0.22165389358997345,-0.8969250917434692,-0.00010864256910281256,-0.3530998229980469,-0.935585618019104,-0.00016583516844548285,-0.46134939789772034,-0.8608418703079224,-0.00019030213297810405,-0.028351079672574997,-0.6237237453460693,-7.878230098867789e-05,-0.04123793542385101,-0.8943476676940918,-0.0001369560486637056,-0.15979699790477753,-0.9562045931816101,-0.00016621410031802952,-0.27062395215034485,-0.9226987957954407,-0.00017319931066595018,0.10309483855962753,-0.5489799976348877,-0.0001313830289291218,0.12886855006217957,-0.7500149011611938,-0.00017486483557149768,0.04639267548918724,-0.8402228951454163,-0.00018945134070236236,-0.05927953124046326,-0.8582645058631897,-0.00018884350720327348,-0.9340184890516858,-0.19297786499638045,-0.8743120554525105,-0.999064080397254,-0.5303896876463845,-0.6291346647460313,-0.9999975456176478,-0.5042129349556752,-0.7147873327552934,-0.9983113494945869,-0.6462306960990222,-0.7893521951194133,-0.9483890175587565,-0.9989043906016876,-0.9949814987000036,0.7296508790377899,0.7873857799885808,0.9766739598313037,0.9615665928435957,0.8603092986629968,0.4907923960322898,0.503297733765171,0.5493825927259276,0.48826292612294536,0.37893282467593503,0.0,1.0,1.0,1.0,1.0
2,0.0,0.0,0.0,-0.2004823386669159,-0.10281145572662354,-3.291941902716644e-05,-0.36755093932151794,-0.2673097848892212,-7.264156738528982e-05,-0.48064354062080383,-0.36755093932151794,-0.0001237786782439798,-0.6014469861984253,-0.4626515507698059,-0.00017401122022420168,-0.25959891080856323,-0.5885955691337585,-1.2938480722368695e-05,-0.39325380325317383,-0.7402424812316895,-0.00011435089982114732,-0.5140572786331177,-0.706828773021698,-0.0002059801627183333,-0.5988767147064209,-0.6194390058517456,-0.0002547189360484481,-0.15164689719676971,-0.6374310255050659,-4.8602309107081965e-05,-0.22875548899173737,-0.8970299363136292,-0.00013458415924105793,-0.3598400950431824,-0.9330139756202698,-0.00019716029055416584,-0.4626515507698059,-0.8559053540229797,-0.00022577971685677767,-0.028273150324821472,-0.6168687343597412,-9.774686623131856e-05,-0.043694868683815,-0.8918893933296204,-0.0001652092905715108,-0.16449832916259766,-0.9561465382575989,-0.0002006087452173233,-0.27502062916755676,-0.9201624989509583,-0.0002123313897754997,0.10795202851295471,-0.5371898412704468,-0.00015236447507049888,0.12594403326511383,-0.7479533553123474,-0.0002017090009758249,0.043694868683815,-0.835343062877655,-0.0002208658552262932,-0.06168687343597412,-0.8481944799423218,-0.00022517247998621315,-0.9532339970632896,-0.4372778556361917,-0.8625676758993405,-0.9984785922687575,-0.5283364278198407,-0.6126307240690281,-0.999947810115441,-0.5183055969836036,-0.6941125110990817,-0.9936046583552877,-0.6672663846845531,-0.7684762137331966,-0.9542081758890075,-0.9986266603164528,-0.998299752360112,0.7588049643048029,0.8616020646377448,0.9729442219306735,0.9603829356454197,0.8504347163107605,0.5353005708627355,0.5515375047043739,0.54899828014835,0.4907381682348436,0.37220622155510796,1.0,1.0,1.0,1.0,1.0
2,0.0,0.0,0.0,-0.19954527914524078,-0.09977263957262039,-3.1383882742375135e-05,-0.36071646213531494,-0.26094383001327515,-6.654060416622087e-05,-0.46560564637184143,-0.36583301424980164,-0.00011374636960681528,-0.5832861661911011,-0.4630473852157593,-0.00015974126290529966,-0.26094383001327515,-0.5756113529205322,-8.960919331002515e-06,-0.4221149981021881,-0.7239912152290344,-0.00010476583702256903,-0.5321207642555237,-0.6421264410018921,-0.0001939486974151805,-0.5832861661911011,-0.5218876600265503,-0.00024110765662044287,-0.15605464577674866,-0.6293351054191589,-4.193801214569248e-05,-0.23024454712867737,-0.8928371667861938,-0.00012332068581599742,-0.37094953656196594,-0.9286530017852783,-0.00018560144235379994,-0.4809552729129791,-0.8493465781211853,-0.00021357247896958143,-0.03325754776597023,-0.6114271879196167,-8.74227043823339e-05,-0.046048909425735474,-0.8928371667861938,-0.0001486417604610324,-0.168845996260643,-0.9619105458259583,-0.00018483687017578632,-0.28652656078338623,-0.9286530017852783,-0.00019744691962841898,0.09977263957262039,-0.5397955775260925,-0.00013830856187269092,0.12791363894939423,-0.7495739459991455,-0.00018444542365614325,0.043490637093782425,-0.8442299962043762,-0.00020244983898010105,-0.06651509553194046,-0.8595796227455139,-0.00020530031179077923,-0.9206419197331271,-0.1858407198095237,-0.8634608782633225,-0.9995075481305953,-0.5000883225340799,-0.6418503135349775,-0.9999602053732788,-0.529331779463461,-0.7053953575325569,-0.998778903346406,-0.6511728161860866,-0.7623632848168262,-0.9486833456355233,-1.0,-0.9954954869428656,0.7447386694077327,0.7826810211418197,0.9760674082389063,0.9718507239096853,0.8621493207476639,0.5132547619021595,0.515683278523984,0.5583672336224246,0.5060376814341442,0.3883623259983377,0.0,1.0,1.0,1.0,1.0
2,0.0,0.0,0.0,-0.19801738858222961,-0.10029452294111252,-3.1065366783877835e-05,-0.3574599623680115,-0.259737104177475,-6.544906500494108e-05,-0.4603261351585388,-0.3626032769680023,-0.00011166139302076772,-0.5709072947502136,-0.4603261351585388,-0.0001558187504997477,-0.25716543197631836,-0.5811939239501953,-6.088297595852055e-06,-0.40889304876327515,-0.7252065539360046,-0.00010533163003856316,-0.5169025659561157,-0.6480569243431091,-0.00019536761101335287,-0.5683356523513794,-0.5297608375549316,-0.00024240939819719642,-0.15429925918579102,-0.6351986527442932,-3.892322274623439e-05,-0.22116227447986603,-0.9026507139205933,-0.00012776543735526502,-0.36517491936683655,-0.9309388995170593,-0.00018869209452532232,-0.4783277213573456,-0.8512176275253296,-0.00021182582713663578,-0.033431507647037506,-0.6197687387466431,-8.487040759064257e-05,-0.05143309012055397,-0.89750736951828,-0.00014893777552060783,-0.18258745968341827,-0.9643704295158386,-0.0001811946858651936,-0.3034552335739136,-0.9360821843147278,-0.00018870500207412988,0.09515121579170227,-0.5451907515525818,-0.00013672672503162175,0.12343940883874893,-0.7509230971336365,-0.0001834632275858894,0.038574814796447754,-0.8435026407241821,-0.0002007423754548654,-0.06943467259407043,-0.869219183921814,-0.00020184749155305326,-0.9230355500482476,-0.19006658753101155,-0.8574929704527469,-0.9999776364367227,-0.42497828133411,-0.6911413379449448,-0.9999413027248326,-0.5108594428075325,-0.7639625067299592,-0.9993467986040838,-0.6382369940273984,-0.828089200440901,-0.9503089699588808,-0.9999999013545964,-0.9981001481398198,0.733372537041304,0.7769504171718206,0.9764060438901547,0.984040093574066,0.8719880690554507,0.5012119376624942,0.5012488628151704,0.5543992650442725,0.5157053543904281,0.39294911659024745,0.0,1.0,1.0,1.0,1.0
2,0.0,0.0,0.0,-0.19897311925888062,-0.09948655962944031,-3.199783532181755e-05,-0.36223310232162476,-0.2576446831226349,-6.769583706045523e-05,-0.46427059173583984,-0.3571312427520752,-0.00011518616520334035,-0.5765118598937988,-0.4566178023815155,-0.00016069592675194144,-0.26274654269218445,-0.5765118598937988,-8.838425856083632e-06,-0.41580280661582947,-0.7193643450737,-0.00010557455971138552,-0.5178402662277222,-0.6453871726989746,-0.00019515951862558722,-0.5663080811500549,-0.5254930853843689,-0.00024208838294725865,-0.15815812349319458,-0.6326324939727783,-4.089821959496476e-05,-0.22958436608314514,-0.8877261877059937,-0.00012259875074960291,-0.3647840619087219,-0.9310921430587769,-0.00018220026686321944,-0.4719234108924866,-0.852013111114502,-0.00020772228890564293,-0.0331621877849102,-0.6173268556594849,-8.59629872138612e-05,-0.04591687396168709,-0.8953790068626404,-0.0001479691854910925,-0.17091280221939087,-0.9642543196678162,-0.0001801931211957708,-0.2882559299468994,-0.9310921430587769,-0.00018858535622712225,0.09948655962944031,-0.5433496832847595,-0.00013670799671672285,0.12754687666893005,-0.7576283812522888,-0.0001830463734222576,0.040814999490976334,-0.8469111919403076,-0.00019811729725915939,-0.06887531280517578,-0.8571149706840515,-0.00019749318016692996,-0.9240548972952305,-0.19137154656652106,-0.8476168053751304,-0.9996071152082452,-0.5508615487530271,-0.5847489619249108,-0.9999692744380195,-0.5222316765022038,-0.7115796209210564,-0.9987057769329195,-0.6207339047519573,-0.7602271574314572,-0.9535827403192321,-0.9999948992581371,-0.9988715753923098,0.7354357651574399,0.7725593465838629,0.9739804852666395,0.9746917863832818,0.8598778838367506,0.5058933208692805,0.4980648436951412,0.5511152021326734,0.5061646615765211,0.3831562774561686,0.0,1.0,1.0,1.0,1.0
2,0.0,0.0,0.0,-0.1955644190311432,-0.07365413010120392,-5.583809252129868e-05,-0.36065128445625305,-0.20318381488323212,-0.00010430636757519096,-0.4749421775341034,-0.28699713945388794,-0.00015871803043410182,-0.586693286895752,-0.3758900463581085,-0.00020712481637019664,-0.2946165204048157,-0.5587555170059204,-2.9786591767333448e-05,-0.41652682423591614,-0.7263821363449097,-0.0001405034272465855,-0.5130391120910645,-0.7263821363449097,-0.00023342265922110528,-0.5739942789077759,-0.6374891996383667,-0.00027913416852243245,-0.1727062463760376,-0.6273300051689148,-5.1540035201469436e-05,-0.23366138339042664,-0.8660709857940674,-0.00013943578233011067,-0.32763391733169556,-0.9448047280311584,-0.000198008754523471,-0.40382784605026245,-0.8736904263496399,-0.00022180429368745536,-0.033017370849847794,-0.6146310567855835,-9.013657836476341e-05,-0.03809696435928345,-0.8686107993125916,-0.0001598601375008002,-0.11175110191106796,-0.9600435495376587,-0.00018574319256003946,-0.1955644190311432,-0.9270261526107788,-0.00018730084411799908,0.1193704903125763,-0.5435166954994202,-0.00013674005458597094,0.1625470519065857,-0.7365413308143616,-0.00019805252668447793,0.10667150467634201,-0.8432128429412842,-0.00021970477246213704,0.02031838148832321,-0.8686107993125916,-0.00021876959362998605,-0.9897114830631089,-0.5881718429582243,-0.5655284248895768,-0.9998257031311732,-0.811882622404888,-0.1221705925957967,-0.999433152532099,-0.791142315554427,-0.2982402808478164,-0.9999925597394422,-0.7631808117336688,-0.6951041505431014,-0.9538180314663622,-0.9994705671858422,-0.9992312562195073,0.6967800266861678,0.8578240348354088,0.9625028726578392,0.9474296445887652,0.8688484527176991,0.5188935432727876,0.5255906630191178,0.5208094365017635,0.4734741584808029,0.4112493474755296,1.0,1.0,1.0,1.0,1.0
2,0.0,0.0,0.0,-0.20183426141738892,-0.07504094392061234,-4.9687441787682474e-05,-0.3441532850265503,-0.1837209314107895,-9.525449422653764e-05,-0.4191942512989044,-0.28463807702064514,-0.00015070222434587777,-0.4347199499607086,-0.4088437557220459,-0.00019737605180125684,-0.3389780521392822,-0.5589256286621094,-4.6479494812956546e-06,-0.4502456784248352,-0.7322961091995239,-0.00011927256127819419,-0.47612184286117554,-0.6650180220603943,-0.00021912030933890492,-0.45283329486846924,-0.5149361491203308,-0.00026683349278755486,-0.19924664497375488,-0.6365542411804199,-2.562291410868056e-05,-0.2561742663383484,-0.8772027492523193,-9.91325723589398e-05,-0.3053390085697174,-0.9522436857223511,-0.0001632456260267645,-0.3363904356956482,-0.9004913568496704,-0.00019656497170217335,-0.041401900351047516,-0.6365542411804199,-6.500570452772081e-05,-0.05433999374508858,-0.8720275163650513,-0.00011524120054673404,-0.0879790410399437,-0.962594211101532,-0.00014194940740708262,-0.1371437907218933,-0.944480836391449,-0.00014964172441978008,0.11644284427165985,-0.5744513869285583,-0.00011311086564091966,0.1449066549539566,-0.758172333240509,-0.00014873710460960865,0.11385522782802582,-0.8642646670341492,-0.00015939045988488942,0.062102850526571274,-0.9030789732933044,-0.00015507750504184514,-0.9996769959470247,0.59159677363737,-0.8672624825303026,-0.9974762728734257,-0.9401541818298135,0.4353017716038357,-0.9999494052239865,-0.955115733951201,-0.0026455339267801594,-0.9989290738741022,-0.9054158542089287,-0.8005614309927924,-0.956448485267185,-0.9612653967165202,-0.8702774350312982,0.5967702145872587,0.6857238746685325,0.9612716352190331,0.9543859538290725,0.9052117996932888,0.3496719280318525,0.3617639998167946,0.4849120455992002,0.46531719809403177,0.44927085027851965,0.0,1.0,1.0,1.0,1.0
2,0.0,0.0,0.0,-0.19057713449001312,-0.07048743218183517,-6.158363976282999e-05,-0.3341626524925232,-0.18274520337581635,-0.00011168351193191484,-0.3994287848472595,-0.2923923134803772,-0.00016805929772090167,-0.4281458854675293,-0.42553526163101196,-0.00021501003357116133,-0.3341626524925232,-0.5691207647323608,-1.888391670945566e-05,-0.4490310549736023,-0.7388127446174622,-0.00013578840298578143,-0.4699162244796753,-0.6735466122627258,-0.00023605002206750214,-0.4385884702205658,-0.5247398018836975,-0.0002834717452060431,-0.19057713449001312,-0.644829511642456,-3.475927223917097e-05,-0.2506219744682312,-0.8850088715553284,-0.00011273812560830265,-0.2950029671192169,-0.9554963111877441,-0.00017645768821239471,-0.31849879026412964,-0.9006727933883667,-0.00020794395823031664,-0.03654903918504715,-0.642218828201294,-7.0111287641339e-05,-0.044380977749824524,-0.8719556927680969,-0.0001260319259017706,-0.07831937074661255,-0.9685495495796204,-0.00015626692038495094,-0.1253109872341156,-0.9581069946289062,-0.00016597952344454825,0.11747905611991882,-0.5743420720100403,-0.00011473205086076632,0.15402810275554657,-0.7544766068458557,-0.00015527731738984585,0.1253109872341156,-0.8589024543762207,-0.0001694209931883961,0.0730980783700943,-0.8954514861106873,-0.00016771320952102542,-0.9979430134103803,0.6178628714240946,-0.8692069954500057,-0.9991016802503572,-0.9501925273951274,0.5679245897658868,-0.99974073109211,-0.9542064611654115,-0.11892715144017893,-0.99999876456517,-0.8922252466614781,-0.7701601967695626,-0.9525479576843265,-0.9322080000702356,-0.94781710295793,0.603646610287512,0.6838946072893486,0.9553287033038754,0.9662669168535473,0.8984301230018219,0.3447460516055057,0.351953849379892,0.4739701859925728,0.47341767048947375,0.44018798593081215,0.0,1.0,1.0,1.0,1.0
2,0.0,0.0,0.0,-0.18808820843696594,-0.06357911229133606,-7.250788621604443e-05,-0.33643949031829834,-0.17219343781471252,-0.00012681118096224964,-0.4079659879207611,-0.2755095064640045,-0.00018238963093608618,-0.46359771490097046,-0.40531685948371887,-0.000228192686336115,-0.35233426094055176,-0.5695629119873047,-3.439859938225709e-05,-0.4662468433380127,-0.7603002190589905,-0.00014814670430496335,-0.4741942286491394,-0.7152650356292725,-0.00024371343897655606,-0.43975552916526794,-0.5801594257354736,-0.0002882421831600368,-0.19603560864925385,-0.6463876366615295,-4.3848634959431365e-05,-0.251667320728302,-0.8848093152046204,-0.00011818602797575295,-0.2834568917751312,-0.9589849710464478,-0.00017807321273721755,-0.29935166239738464,-0.9192480444908142,-0.00020848977146670222,-0.034438688308000565,-0.6437385082244873,-7.282791921170428e-05,-0.047684334218502045,-0.858318030834198,-0.00012526114005595446,-0.07152650505304337,-0.9669323563575745,-0.00015468000492546707,-0.10066693276166916,-0.9907745122909546,-0.00016708952898625284,0.12450909614562988,-0.5801594257354736,-0.00011166228796355426,0.1483512669801712,-0.7470545768737793,-0.00014777184696868062,0.1324564814567566,-0.8556689023971558,-0.00015906055341474712,0.1033160611987114,-0.9192480444908142,-0.00015808558964636177,-0.999878030893184,0.7563695747290098,-0.9113426255520445,-0.997873239250682,-0.9846113752045066,0.707105853532933,-0.9999663742571211,-0.9880986428956362,-0.7844535886102562,-0.9975853159438867,-0.9590386856509284,-0.9598155345744033,-0.9535447728362567,-0.9449752041083596,-0.9799366631513602,0.6157959455411746,0.7279903665068764,0.9667617808380314,0.9958755293833262,0.9250357233952161,0.3810109185247885,0.3600966744803383,0.4786824605506597,0.5028854801931711,0.4733038814908954,0.0,1.0,1.0,1.0,1.0
2,0.0,0.0,0.0,-0.18160215020179749,-0.04540053755044937,-8.544887532480061e-05,-0.34183934330940247,-0.1308603733778,-0.00015235922182910144,-0.40593421459198,-0.21632020175457,-0.00021761684911325574,-0.4272991716861725,-0.34450995922088623,-0.0002728718100115657,-0.3685455322265625,-0.5448064208030701,-6.30521317361854e-05,-0.4700290858745575,-0.7477735280990601,-0.0001805011706892401,-0.47269970178604126,-0.7397616505622864,-0.00027412630151957273,-0.43264040350914,-0.619583785533905,-0.0003169835254084319,-0.20029647648334503,-0.6249250173568726,-7.15694623067975e-05,-0.2537088692188263,-0.8866457939147949,-0.00015702388191130012,-0.2750738263130188,-0.9614230990409851,-0.00022223211999516934,-0.2750738263130188,-0.908010721206665,-0.00025367893977090716,-0.03471805900335312,-0.6249250173568726,-9.884917380986735e-05,-0.04540053755044937,-0.8492571115493774,-0.00016147659334819764,-0.06409487128257751,-0.9560818672180176,-0.0001977965293917805,-0.08545983582735062,-0.9747762084007263,-0.00021399637626018375,0.1308603733778,-0.5581595301628113,-0.00013574076001532376,0.1522253304719925,-0.7317498326301575,-0.00018050715152639896,0.13887223601341248,-0.8359040021896362,-0.0001958974899025634,0.11216603219509125,-0.8999988436698914,-0.000197826637304388,-0.991417125682285,0.7070574783947324,-0.7999546076447711,-0.9940814520902168,-0.9970380855181571,0.9615228813012031,-0.99996868433264,-0.9921148407505377,-0.7783765159091123,-0.9941920223165175,-0.9689196366694814,-0.9644924185547797,-0.9701426145268803,-0.9058824592612401,-0.8877545038893806,0.5488822932969383,0.7556863752832053,0.9487618839442596,0.9785152354832524,0.9069615660746526,0.35583441342332006,0.36948486818582615,0.4732365070660013,0.504294727930202,0.47659454575135674,0.0,1.0,1.0,1.0,1.0
2,0.0,0.0,0.0,-0.19377675652503967,-0.05382687598466873,-7.835222641006112e-05,-0.3391093313694,-0.1641719788312912,-0.00014032688341103494,-0.35256606340408325,-0.2852824628353119,-0.00020392773149069399,-0.3256525993347168,-0.4117756187915802,-0.0002585100010037422,-0.3714054524898529,-0.5624908804893494,-4.071603325428441e-05,-0.47367653250694275,-0.7374282479286194,-0.00015945543418638408,-0.43330636620521545,-0.6755273342132568,-0.0002597362035885453,-0.35794875025749207,-0.5436514616012573,-0.00030893340590409935,-0.21261616051197052,-0.640539824962616,-5.473020428325981e-05,-0.27182573080062866,-0.8989088535308838,-0.00013714356464333832,-0.2772084176540375,-0.9608097672462463,-0.00020577982650138438,-0.26106035709381104,-0.9338963031768799,-0.00024214772565755993,-0.05382687598466873,-0.643231213092804,-8.872511534718797e-05,-0.06190090999007225,-0.8693040609359741,-0.00015062151942402124,-0.06728360056877136,-0.9608097672462463,-0.00019038570462726057,-0.0807403177022934,-0.9931058883666992,-0.0002107250620611012,0.10765375196933746,-0.5786389112472534,-0.00013231331831775606,0.13187585771083832,-0.745502233505249,-0.0001709197531454265,0.13725854456424713,-0.8477733135223389,-0.0001835313596529886,0.1264931559562683,-0.920439600944519,-0.00018689355056267232,-0.9985126580962316,0.9988040183819394,-0.9982738789628389,-0.9954706516409858,-0.9904184618455631,0.8988372773998746,-0.9988582961377184,-0.9997340918985966,-0.9440694589614755,-0.9992085341294187,-0.9958101617184595,-0.9801337196421672,-0.9292369805761916,-0.6889634833769184,-0.9491419024299621,0.5249846205400592,0.6509103654685335,0.9696983983185672,0.9963826031820082,0.9290907926109601,0.23149315049366218,0.25865204474950576,0.47492876989781796,0.5087550809711112,0.49365590090781936,0.0,1.0,1.0,1.0,1.0
2,0.0,0.0,0.0,-0.19370241463184357,-0.04842560365796089,-7.638712122570723e-05,-0.33090829849243164,-0.16141867637634277,-0.00013807707000523806,-0.33359861373901367,-0.2851729989051819,-0.00020160774874966592,-0.30669549107551575,-0.41430795192718506,-0.00025730201741680503,-0.36588233709335327,-0.5461332201957703,-4.4931479351362213e-05,-0.46273353695869446,-0.7263840436935425,-0.00016535968461539596,-0.41968855261802673,-0.6725778579711914,-0.0002654753625392914,-0.3362889289855957,-0.5407525897026062,-0.00031418621074408293,-0.20715397596359253,-0.6295328736305237,-6.126760854385793e-05,-0.260960191488266,-0.8958736658096313,-0.0001478535559726879,-0.2690311372280121,-0.9631314277648926,-0.00021897500846534967,-0.25826987624168396,-0.930847704410553,-0.00025639645173214376,-0.04842560365796089,-0.6295328736305237,-9.699671500129625e-05,-0.05380622670054436,-0.8662802577018738,-0.0001634727232158184,-0.061877161264419556,-0.9631314277648926,-0.0002087300381390378,-0.08070933818817139,-0.995415210723877,-0.00023244484327733517,0.11299307644367218,-0.5622750520706177,-0.0001415084843756631,0.14258649945259094,-0.7398356199264526,-0.00018585602811072022,0.147967129945755,-0.8474480509757996,-0.00020438170759007335,0.13451556861400604,-0.9254670739173889,-0.00021192114218138158,-0.9952774454266738,0.9835375647225933,-0.9938831870895041,-0.9929796157888932,-0.9968086530216341,0.979600351640751,-0.9985396589961812,-0.9981754340799645,-0.9026394808454768,-0.9994499587453065,-0.9933728988403594,-0.9757458660947772,-0.9030639790693069,-0.6523342775227461,-0.9743164069278009,0.5154738057125273,0.6367917150759322,0.966012898354787,0.9986818558254871,0.9351918878837715,0.2133748858682547,0.2440462453088066,0.4834126888146087,0.5223421127236175,0.5099743407288159,0.0,1.0,1.0,1.0,1.0
2,0.0,0.0,0.0,-0.18178634345531464,-0.04811991751194,-8.839827933115885e-05,-0.31545278429985046,-0.1497064083814621,-0.0001580561074661091,-0.32614609599113464,-0.26733285188674927,-0.0002279569598613307,-0.29139283299446106,-0.40367263555526733,-0.000288932875264436,-0.3582260310649872,-0.5533790588378906,-5.329463238012977e-05,-0.45713919401168823,-0.7244720458984375,-0.00018696363258641213,-0.41169261932373047,-0.6683321595191956,-0.00029839345370419323,-0.3288194239139557,-0.5319923758506775,-0.0003516324795782566,-0.2031729817390442,-0.636252224445343,-6.410162313841283e-05,-0.2646595239639282,-0.9062584042549133,-0.00015986643848009408,-0.2619861960411072,-0.9650716781616211,-0.000234484308748506,-0.23525291681289673,-0.9116050601005554,-0.00026999812689609826,-0.042773257941007614,-0.636252224445343,-9.586008673068136e-05,-0.05346657335758209,-0.8661584854125977,-0.00016628227604087442,-0.061486560851335526,-0.9543783068656921,-0.00020902340475004166,-0.07485320419073105,-0.9704183340072632,-0.00022711070778314024,0.11762645840644836,-0.5720923542976379,-0.00013810150267090648,0.14435975253582,-0.7431853413581848,-0.00018041927251033485,0.15237973630428314,-0.8501185178756714,-0.00019482320931274444,0.1497064083814621,-0.9169517159461975,-0.00019699925906024873,-0.998733886923973,0.9878011785622374,-0.9909872755756927,-0.9963736415864883,-0.9639495533106474,0.873196070333418,-0.999786773156564,-0.9990241335718725,-0.8230259326308843,-0.998858527371857,-0.9967906925884087,-0.9934132460421322,-0.9244905207065186,-0.6746795018832875,-0.942672273864747,0.49785684181396705,0.6254104670672634,0.9414710878623471,0.9733008968149632,0.9290923393241197,0.2084051744182157,0.23736579307581115,0.4534987009456672,0.4913366055937901,0.5022922928541488,0.0,0.0,1.0,1.0,1.0
2,0.0,0.0,0.0,-0.18534740805625916,-0.042365122586488724,-8.787686965661123e-05,-0.32303404808044434,-0.13768664002418518,-0.00015792045451235026,-0.3256818652153015,-0.2568385601043701,-0.00022789114154875278,-0.293908029794693,-0.38922956585884094,-0.0002894895733334124,-0.36804699897766113,-0.5454509258270264,-5.8952311519533396e-05,-0.4607206881046295,-0.7202070951461792,-0.00018581414769869298,-0.4077642858028412,-0.6831375956535339,-0.0002917612437158823,-0.3150905966758728,-0.5666335225105286,-0.0003444712783675641,-0.21712124347686768,-0.6328290104866028,-6.917736027389765e-05,-0.28596457839012146,-0.905554473400116,-0.0001595455250935629,-0.2568385601043701,-0.9664543271064758,-0.00023361202329397202,-0.20123432576656342,-0.921441376209259,-0.0002726059756241739,-0.055604223161935806,-0.6407724618911743,-9.87428065855056e-05,-0.0794346034526825,-0.8711328506469727,-0.00016588527068961412,-0.07149114459753036,-0.9558630585670471,-0.00021205523808021098,-0.06089986115694046,-0.969102144241333,-0.00023598709958605468,0.10856062173843384,-0.5825204253196716,-0.0001384030474582687,0.12709537148475647,-0.7572765350341797,-0.00017842909437604249,0.1456301063299179,-0.857893705368042,-0.00019479992624837905,0.15357357263565063,-0.9161457419395447,-0.00020119405235163867,-0.9943884368862613,0.8904421145483273,-0.9587827633941343,-0.9965367307286904,-0.7690980228968566,0.2322738998734821,-0.9998634846454357,-0.9807446123912856,-0.8357690546649336,-0.9969139288130017,-0.9970751681510083,-0.9989125206567367,-0.9283552085009703,-0.5873360385460266,-0.9669626106325551,0.48773112569606486,0.6483484698713898,0.9431593791682784,0.9710138521686017,0.9289283964567628,0.2084223636723733,0.22579880445685144,0.4511966946206376,0.4909047847341146,0.5075008910777722,0.0,0.0,1.0,1.0,1.0
2,0.0,0.0,0.0,-0.18870903551578522,-0.03721023350954056,-9.118580783251673e-05,-0.3242605924606323,-0.13289368152618408,-0.0001629053003853187,-0.3029975891113281,-0.2498401254415512,-0.00023350318951997906,-0.24452437460422516,-0.3827338218688965,-0.00029487963183782995,-0.3641287088394165,-0.5528377294540405,-6.135394505690783e-05,-0.4279176592826843,-0.6857314109802246,-0.00018869749328587204,-0.35881295800209045,-0.6299160718917847,-0.0002964117156807333,-0.2578137516975403,-0.4996802508831024,-0.0003507604997139424,-0.22060351073741913,-0.6458632946014404,-7.152702164603397e-05,-0.3083133399486542,-0.9063349366188049,-0.00016206443251576275,-0.2817346155643463,-0.9594923853874207,-0.00023467661230824888,-0.22326138615608215,-0.9036770462989807,-0.00027259381022304296,-0.06644684076309204,-0.6564947962760925,-0.00010128015128429979,-0.0930255800485611,-0.8824140429496765,-0.00016888612299226224,-0.08505196124315262,-0.9648081660270691,-0.00021151867986191064,-0.0823940858244896,-0.9674660563468933,-0.0002321818465134129,0.09834133088588715,-0.5980215668678284,-0.0001415079168509692,0.11163069307804108,-0.7707833647727966,-0.00017959788965526968,0.1249200627207756,-0.8638089299201965,-0.00019203177362214774,0.1249200627207756,-0.9143085479736328,-0.00019554057507775724,-0.9909124437593504,0.903097681555893,-0.9732647269641693,-0.9999905113646557,-0.7049409012952152,0.29408499162713303,-0.9998680929313065,-0.9772777789529205,-0.7719212754951681,-0.9962858963050465,-0.9978800552486983,-0.9899494587104922,-0.9130982111180246,-0.42123777226348735,-0.9725950250268032,0.4541777560109572,0.5622707575816075,0.9308479953850591,0.9709681966852499,0.922802914706328,0.1720145276223224,0.1475235694867533,0.4281315994644021,0.47765416689513174,0.48471276502897476,0.0,0.0,1.0,1.0,1.0
2,0.0,0.0,0.0,-0.17839351296424866,-0.04197494313120842,-9.254943870473653e-05,-0.3043183386325836,-0.14428886771202087,-0.00016332171799149364,-0.2859542965888977,-0.26496684551239014,-0.00023328198585659266,-0.23610906302928925,-0.4040088355541229,-0.00029401181382127106,-0.34629330039024353,-0.5535445809364319,-6.072922406019643e-05,-0.40663227438926697,-0.687339723110199,-0.0001920461218105629,-0.35154014825820923,-0.6374944448471069,-0.00030005534063093364,-0.257096529006958,-0.5089461803436279,-0.00035308004589751363,-0.20725128054618835,-0.6453647613525391,-7.09418163751252e-05,-0.2912011742591858,-0.9077081680297852,-0.00016776210395619273,-0.27021369338035583,-0.9628002643585205,-0.00023993630020413548,-0.21249815821647644,-0.9024612903594971,-0.00027406722074374557,-0.05771555006504059,-0.6532350778579712,-0.00010119801299879327,-0.0760795846581459,-0.8893441557884216,-0.00017626916815061122,-0.06820928305387497,-0.9680471420288086,-0.0002129022468579933,-0.07083272188901901,-0.9601768255233765,-0.00022468461247626692,0.09969048947095871,-0.5928961038589478,-0.00014216222916729748,0.11018422991037369,-0.771289587020874,-0.00018926337361335754,0.12067796289920807,-0.8683566451072693,-0.00020201169536449015,0.12067796289920807,-0.9208253622055054,-0.00020108383614569902,-0.9908529286937718,0.9164440866465733,-0.979722102515188,-0.9999995679834822,-0.7815297663437316,0.4292270721630022,-0.9999448646994685,-0.9843252468345195,0.9754392567576486,-0.9941922338108932,-0.9988030044884575,-0.994207039630232,-0.8999131574270991,-0.5066557426275368,-0.9813942856336271,0.4679430741718165,0.5701973155756227,0.9271418219560323,0.9627859543481809,0.9286994058443943,0.1585120118099365,0.15606171939167524,0.4278833455733034,0.4722193244641387,0.48599539538012054,0.0,0.0,1.0,1.0,1.0
2,0.0,0.0,0.0,-0.18430626392364502,-0.03949419781565666,-8.858402725309134e-05,-0.318586528301239,-0.13954617083072662,-0.0001588306186022237,-0.300155907869339,-0.2606617212295532,-0.00022918201284483075,-0.24749697744846344,-0.3949419856071472,-0.0002909697068389505,-0.35808074474334717,-0.5529187917709351,-6.122381455497816e-05,-0.4239043891429901,-0.687199056148529,-0.00019072370196226984,-0.3607136905193329,-0.6292742490768433,-0.0002977188560180366,-0.26329466700553894,-0.4976269006729126,-0.00035024023964069784,-0.21590162813663483,-0.6450719237327576,-7.335571717703715e-05,-0.29752296209335327,-0.9136324524879456,-0.0001680059649515897,-0.27645939588546753,-0.9610255360603333,-0.0002400373195996508,-0.22116751968860626,-0.8952018618583679,-0.0002747896942310035,-0.06319072097539902,-0.6556037068367004,-0.00010460970952408388,-0.08425429463386536,-0.8978347778320312,-0.000175629771547392,-0.0763554498553276,-0.9715573191642761,-0.00021273011225275695,-0.0763554498553276,-0.9583925604820251,-0.00022640544921159744,0.09478607773780823,-0.5976788997650146,-0.00014613474195357412,0.1053178608417511,-0.7767192721366882,-0.0001884825760498643,0.11848259717226028,-0.8715053200721741,-0.00019965523097198457,0.121115542948246,-0.918898344039917,-0.00019902561325579882,-0.9929363628036778,0.9312087158575011,-0.9816663262151395,-0.9996101938371205,-0.7562227666415593,0.43848385266132356,-0.9999563736169899,-0.9813421888553358,0.994307913375253,-0.9951503489113308,-0.9968613775853453,-0.9965982212905231,-0.9092727518556099,-0.4700445677636441,-0.9753021805342745,0.46608369761868107,0.5629891175611303,0.9221179567794358,0.9614293570332811,0.9268458186705869,0.1685556084623264,0.1549928961544902,0.4203347236225643,0.4692386454981016,0.4862595509398996,0.0,0.0,1.0,1.0,1.0
2,0.0,0.0,0.0,-0.18433882296085358,-0.013756628148257732,-9.954012784874067e-05,-0.3384130597114563,-0.09904772788286209,-0.0001830744877224788,-0.34941837191581726,-0.20084677636623383,-0.0002692451816983521,-0.3191537857055664,-0.332910418510437,-0.00034550848067738116,-0.39619091153144836,-0.5530164837837219,-8.418954530498013e-05,-0.48148199915885925,-0.7896304726600647,-0.00021136780560482293,-0.42645546793937683,-0.7428579330444336,-0.000305220513837412,-0.332910418510437,-0.6107943058013916,-0.0003500773455016315,-0.2256087064743042,-0.6355562210083008,-9.864525054581463e-05,-0.26962992548942566,-0.9629639983177185,-0.00021857961837667972,-0.2118520736694336,-0.8364030122756958,-0.00028588439454324543,-0.1650795340538025,-0.6740747690200806,-0.000307927664835006,-0.05227518826723099,-0.6548154950141907,-0.0001302163436776027,-0.0797884464263916,-0.9657152891159058,-0.00022414172417484224,-0.04126988351345062,-0.8584136366844177,-0.00024548376677557826,-0.011005302891135216,-0.7070906758308411,-0.00023954252537805587,0.12380965799093246,-0.6135456562042236,-0.0001720598229439929,0.11830700188875198,-0.8584136366844177,-0.00022926997917238623,0.1265609860420227,-0.8143923878669739,-0.00022903195349499583,0.132063627243042,-0.7070906758308411,-0.00021568174997810274,-0.9622368721348665,0.8676512882805615,-0.9689107031106043,-0.9785591281493176,0.9569145969727153,-0.9891081711123538,-0.9999630070525952,0.967313650551198,-0.9891780494468356,-0.9755497866645204,0.986764393163974,-0.991020735629115,-0.9085098633442986,-0.57554551105541,-0.9450767723336608,0.46118173166094245,0.6956285928633292,0.6939943635103416,0.7071763437041216,0.7193178445317948,0.2623698613631774,0.2528312382267014,0.190795363855013,0.23735763413531352,0.32426635583269203,0.0,0.0,0.0,0.0,1.0
2,0.0,0.0,0.0,-0.2104112058877945,-0.035068534314632416,-8.645930211059749e-05,-0.36821961402893066,-0.14319650828838348,-0.0001623836433282122,-0.36529722809791565,-0.2630139887332916,-0.00024432543432340026,-0.3389958143234253,-0.40036576986312866,-0.0003156163729727268,-0.42666715383529663,-0.5873979330062866,-8.460714161628857e-05,-0.5172608494758606,-0.847489595413208,-0.0001999854139285162,-0.4675804376602173,-0.8007315397262573,-0.00027428800240159035,-0.385753870010376,-0.6721469163894653,-0.00030562985921278596,-0.2454797327518463,-0.65461266040802,-0.00010307513730367646,-0.30392730236053467,-0.9526951909065247,-0.00021898577688261867,-0.23963497579097748,-0.7802748680114746,-0.000268944218987599,-0.18995456397533417,-0.6020098328590393,-0.00027768066502176225,-0.05844755470752716,-0.675069272518158,-0.00013683609722647816,-0.10520560294389725,-0.9526951909065247,-0.00023006167612038553,-0.07013706862926483,-0.7948867678642273,-0.00023321734624914825,-0.032146155834198,-0.622466504573822,-0.00021328353614080697,0.13442938029766083,-0.64876788854599,-0.0001802862243494019,0.128584623336792,-0.900092363357544,-0.00023954363132361323,0.1139727383852005,-0.81534343957901,-0.00023043627152219415,0.10812798142433167,-0.6779916286468506,-0.00020877392671536654,-0.9573724347614924,0.8867538721929159,-0.9691681862279415,-0.9863939721694003,0.9866976187909994,-0.9963794973665352,-0.9967623552797975,0.9986578832265799,-0.9999983925538257,-0.9742181719211684,0.9812435181213474,-0.9917926525191392,-0.9066318043737337,-0.5449491956573117,-0.9864489601809009,0.5246055686244642,0.7749758378536933,0.6312674984372753,0.6232960190896341,0.6865598178222774,0.24702317541571064,0.31033404094807115,0.11355247807703829,0.13974956672235012,0.28081905506632737,0.0,0.0,0.0,0.0,1.0
2,0.0,0.0,0.0,-0.22327066957950592,-0.02715454064309597,-9.21228202059865e-05,-0.38318073749542236,-0.16292724013328552,-0.00016281618445646018,-0.38318073749542236,-0.316802978515625,-0.00023853886523284018,-0.3469747006893158,-0.4676615297794342,-0.0003023907192982733,-0.43145549297332764,-0.5702453851699829,-7.799413288012147e-05,-0.5129191279411316,-0.805584728717804,-0.00019771198276430368,-0.4344726502895355,-0.6999837160110474,-0.0002697091840673238,-0.3499918580055237,-0.5642110109329224,-0.00029947570874355733,-0.2564595639705658,-0.6517089605331421,-9.490540833212435e-05,-0.3288716673851013,-0.9443745613098145,-0.0002145709440810606,-0.25042521953582764,-0.7392069697380066,-0.0002616333367768675,-0.1961161345243454,-0.5823140144348145,-0.0002669270907063037,-0.07844644784927368,-0.6848978400230408,-0.00012903341848868877,-0.135772705078125,-0.9775635004043579,-0.00023365666856989264,-0.09051513671875,-0.7904988527297974,-0.00023515772772952914,-0.045257568359375,-0.6275715827941895,-0.00021021274733357131,0.11766967922449112,-0.6758463382720947,-0.00017244793707504869,0.09353230893611908,-0.9262715578079224,-0.0002389078726992011,0.08448079228401184,-0.8206705451011658,-0.00022966733376961201,0.08749796450138092,-0.6818807125091553,-0.00020630260405596346,-0.9509585377131725,0.9536451099819291,-0.9966139950540467,-0.991253873810686,0.9924877570038947,-0.9994893579672088,-0.9968505779250061,0.999034447777788,-0.999436464005031,-0.9641785281434536,0.9835569798816031,-0.9942551729950685,-0.8348594076092385,-0.6472308074994229,-0.972387216865834,0.582321962222011,0.6639491592655369,0.6144520088570475,0.6292014164351857,0.6874715943201163,0.22266733661715885,0.2253534918821447,0.09344675095188952,0.13951735112845592,0.2730004749319184,0.0,0.0,0.0,0.0,1.0
2,0.0,0.0,0.0,-0.2100059986114502,-0.02434852160513401,-0.00010379906598245725,-0.3652278184890747,-0.1582653969526291,-0.00018185770022682846,-0.3713149428367615,-0.30131295323371887,-0.00026279722806066275,-0.35609713196754456,-0.46262189745903015,-0.00033165220520459116,-0.4321862459182739,-0.5721902847290039,-9.750761091709137e-05,-0.5052317976951599,-0.8065447807312012,-0.00022069760598242283,-0.4352298378944397,-0.7030635476112366,-0.0002956950047519058,-0.3500100076198578,-0.5508853197097778,-0.0003271155001129955,-0.25261589884757996,-0.6543664932250977,-0.00011211400851607323,-0.3134872019290924,-0.9495923519134521,-0.00023378065088763833,-0.23739808797836304,-0.7365427613258362,-0.0002872183104045689,-0.1917446106672287,-0.5661031007766724,-0.0002983899612445384,-0.0700019970536232,-0.6878457069396973,-0.00014399399515241385,-0.11565547436475754,-0.976984441280365,-0.0002475145738571882,-0.08217626065015793,-0.7974140644073486,-0.0002595642290543765,-0.04869704321026802,-0.6239308714866638,-0.0002446433645673096,0.12782974541187286,-0.6726279258728027,-0.0001857336756074801,0.10652478039264679,-0.9252437949180603,-0.00024885765742510557,0.08826339244842529,-0.8308932781219482,-0.00024489167844876647,0.07913269847631454,-0.6878457069396973,-0.00022834533592686057,-0.9411594505990577,0.9574925393927807,-0.9964512474879692,-0.9864045593803621,0.9902593238576088,-0.9966960961586614,-0.9984779605538073,0.9996157001315981,-0.9999800988640597,-0.9632505875768675,0.9623374928333461,-0.99189040542506,-0.8273517262412017,-0.684833010000982,-0.9906861337607725,0.5838016068813107,0.6526727653763993,0.5976946070993053,0.6258284050791352,0.6923826625641201,0.23711783718876672,0.2270965402201922,0.08230260945219821,0.13126352539553668,0.26623530452045785,0.0,0.0,0.0,0.0,1.0
2,0.0,0.0,0.0,-0.21771663427352905,-0.02146502025425434,-9.923880861606449e-05,-0.3833039402961731,-0.15638799965381622,-0.00017464075062889606,-0.3894367814064026,-0.3005102872848511,-0.0002539370907470584,-0.3679717779159546,-0.45996472239494324,-0.00032092726905830204,-0.44463256001472473,-0.5611569285392761,-9.311729081673548e-05,-0.5243597626686096,-0.8034050464630127,-0.00021626929810736328,-0.4507654309272766,-0.7022128105163574,-0.00029026487027294934,-0.3679717779159546,-0.5458248257637024,-0.00032006108085624874,-0.2667795419692993,-0.6408841609954834,-0.00010855918662855402,-0.3373074531555176,-0.9413944482803345,-0.00023008929565548897,-0.25451380014419556,-0.7359435558319092,-0.00028125513927079737,-0.2054509073495865,-0.5642234086990356,-0.0002897416125051677,-0.08279365301132202,-0.6746149063110352,-0.00014122383436188102,-0.13492298126220703,-0.965925931930542,-0.00024595335707999766,-0.08892650902271271,-0.7911393046379089,-0.00025591536541469395,-0.049062903970479965,-0.6163527369499207,-0.0002380120276939124,0.11959082633256912,-0.6654156446456909,-0.00018330238526687026,0.10119223594665527,-0.9199294447898865,-0.0002482557902112603,0.08892650902271271,-0.831002950668335,-0.00024349463637918234,0.08279365301132202,-0.6868806481361389,-0.00022510331473313272,-0.9386470350320952,0.952073978229796,-0.989949311705301,-0.9865936092131516,0.9883858587304714,-0.9945158378171837,-0.9984902774683458,0.9967816207022295,-0.9994526135391458,-0.9689152347342793,0.9781910617602215,-0.9955345018879912,-0.8334715930509055,-0.6640607838405133,-0.984492578925326,0.5890423175588855,0.6582765902831892,0.6004649806097434,0.6183024632986017,0.6918524613006674,0.23803181198043766,0.23603247396579294,0.08993818288295277,0.1379227163447029,0.2815151678774835,0.0,0.0,0.0,0.0,1.0
2,0.0,0.0,0.0,-0.21915249526500702,-0.015433275140821934,-0.00010533040040172637,-0.38891851902008057,-0.14198613166809082,-0.0001843590580392629,-0.40126514434814453,-0.28705891966819763,-0.0002662783663254231,-0.3827452063560486,-0.453738272190094,-0.0003356526722200215,-0.450651615858078,-0.5525112152099609,-0.00010115848272107542,-0.5339913368225098,-0.8025302886962891,-0.0002290422999067232,-0.46299824118614197,-0.6975840330123901,-0.00030490223434753716,-0.3796585500240326,-0.5432512760162354,-0.0003356111701577902,-0.2716256380081177,-0.6358509063720703,-0.00011476005602162331,-0.3457053601741791,-0.9383431077003479,-0.0002424685371806845,-0.2623656690120697,-0.7253639101982117,-0.0002948466863017529,-0.20680588483810425,-0.5494245886802673,-0.0003028212522622198,-0.08642634004354477,-0.6728907823562622,-0.00014621610171161592,-0.1481594443321228,-0.9630363583564758,-0.00025782285956665874,-0.10185961425304413,-0.7747504115104675,-0.00026777267339639366,-0.05555978789925575,-0.6018977165222168,-0.0002481789269950241,0.11729288846254349,-0.6667174696922302,-0.00018745518173091114,0.09568630158901215,-0.919823169708252,-0.00026083854027092457,0.08333968371152878,-0.8179635405540466,-0.00025855336571112275,0.0771663710474968,-0.6667174696922302,-0.00024009209300857037,-0.9350288273391375,0.9629634425601754,-0.9950413390146411,-0.9866557448776521,0.991192659243409,-0.997748973649457,-0.9966481350445304,0.9995045194149719,-0.9997878884676148,-0.9665688809480394,0.9789012723196374,-0.9968153122449153,-0.8417503378614952,-0.6635002809150045,-0.9809391546642507,0.5936096785020153,0.662768957829123,0.5870571776266875,0.6044566312638924,0.6711683367679214,0.2499025529616882,0.24429635749658793,0.08134286139922643,0.1269543100085597,0.269033116262088,0.0,0.0,0.0,0.0,1.0
2,0.0,0.0,0.0,-0.218834787607193,-0.009246540255844593,-0.00010588804434519261,-0.3914368748664856,-0.13869810104370117,-0.0001842501515056938,-0.4068477749824524,-0.283560574054718,-0.0002653714327607304,-0.3914368748664856,-0.4530804753303528,-0.0003336677036713809,-0.4530804753303528,-0.5455458760261536,-0.00010034237493528053,-0.5455458760261536,-0.798284649848938,-0.00022906166850589216,-0.47465571761131287,-0.6965727210044861,-0.0003047253703698516,-0.38835468888282776,-0.5362993478775024,-0.00033467623870819807,-0.2743140161037445,-0.6318469047546387,-0.0001128193543991074,-0.35753288865089417,-0.9339005351066589,-0.00024234205193351954,-0.27123183012008667,-0.721230149269104,-0.0002950784401036799,-0.21575260162353516,-0.5455458760261536,-0.00030234939185902476,-0.09246540069580078,-0.6719152331352234,-0.00014337370521388948,-0.1571911871433258,-0.9554758071899414,-0.000256274885032326,-0.11095847934484482,-0.7705450057983398,-0.0002659560414031148,-0.06164360046386719,-0.5948607325553894,-0.00024538618163205683,0.11095847934484482,-0.6749974489212036,-0.00018373581406194717,0.08321886509656906,-0.9246540069580078,-0.0002563519519753754,0.07397232204675674,-0.8229420781135559,-0.0002533634251449257,0.07705450057983398,-0.6749974489212036,-0.00023418301134370267,-0.941971436965998,0.966911563817153,-0.9934236004809734,-0.9901107712510875,0.9932034911871948,-0.9968323309722982,-0.9961602914177347,0.9997885815163531,-0.999588731950071,-0.9628089222722794,0.9798041132353479,-0.9937915034224425,-0.824616368447031,-0.6812623011288947,-0.9807276925199194,0.5987527461012793,0.6621453583504617,0.5866596478594237,0.5980462564041208,0.679381317820095,0.2549699777151459,0.24857063053382442,0.08442272638428149,0.12050665121814212,0.27719138788024494,0.0,0.0,0.0,0.0,1.0
2,0.0,0.0,0.0,-0.22449958324432373,-0.021826349198818207,-0.00010051274875877425,-0.3991103768348694,-0.15278443694114685,-0.00017787092656362802,-0.41470062732696533,-0.29933276772499084,-0.0002594937104731798,-0.4022284150123596,-0.4645894169807434,-0.0003280248201917857,-0.4521172344684601,-0.5487767457962036,-9.895029506878927e-05,-0.5487767457962036,-0.8044568300247192,-0.0002260045730508864,-0.4739435613155365,-0.6984431743621826,-0.0002980736317113042,-0.3897562325000763,-0.5425406694412231,-0.0003252282040193677,-0.2743883728981018,-0.6329641342163086,-0.00011414731852710247,-0.36169376969337463,-0.932296872138977,-0.0002384582330705598,-0.2743883728981018,-0.720269501209259,-0.0002838407817762345,-0.21826349198818207,-0.5518948435783386,-0.0002872289333026856,-0.09042344242334366,-0.6734987497329712,-0.00014712395204696804,-0.16213859617710114,-0.963477373123169,-0.00025533235748298466,-0.1153678447008133,-0.7732763290405273,-0.00025620951782912016,-0.06859709322452545,-0.6017836332321167,-0.00023086776491254568,0.1153678447008133,-0.6766167879104614,-0.00018989478121511638,0.0841873437166214,-0.9291788339614868,-0.00025754491798579693,0.07171514630317688,-0.8231651186943054,-0.0002478511305525899,0.07171514630317688,-0.6797348260879517,-0.00022460905893240124,-0.9467907621374599,0.9681097433952182,-0.992864829110342,-0.992166252447727,0.9943007051853763,-0.9976302853533747,-0.994066877121358,0.9999990261932048,-0.999684148811475,-0.9577512483683284,0.9713512582403837,-0.9931505770534128,-0.8543053821003206,-0.6812623011288947,-0.9836077008741629,0.6145170110607602,0.6680272292681042,0.5934870650128797,0.6056806969709109,0.6835075738407725,0.2652279450645453,0.2520527145293527,0.09027082086600294,0.11935908509293773,0.27388056179325165,0.0,0.0,0.0,0.0,1.0
2,0.0,0.0,0.0,-0.22318106889724731,-0.02514716237783432,-9.112532279687002e-05,-0.39921119809150696,-0.15402637422084808,-0.0001612393098184839,-0.4243583679199219,-0.30176594853401184,-0.0002369486610405147,-0.41807156801223755,-0.46207910776138306,-0.0002991693909280002,-0.44636213779449463,-0.5563809871673584,-8.010715100681409e-05,-0.5438073873519897,-0.8015657663345337,-0.00020461638632696122,-0.4746526777744293,-0.6946903467178345,-0.00027633292484097183,-0.39292439818382263,-0.5375205874443054,-0.0003030842053703964,-0.2703319787979126,-0.6381092071533203,-9.885461622616276e-05,-0.3583470582962036,-0.9335883855819702,-0.00021943036699667573,-0.2766187787055969,-0.7166941165924072,-0.00026026275008916855,-0.22318106889724731,-0.5469507575035095,-0.00026007278938777745,-0.08487167209386826,-0.678973376750946,-0.000135968133690767,-0.15088297426700592,-0.9681657552719116,-0.00024048809427767992,-0.11316222697496414,-0.7732752561569214,-0.00023453279573004693,-0.06601130217313766,-0.6066752672195435,-0.00020495826902333647,0.125735804438591,-0.678973376750946,-0.00018269701104145497,0.10058864951133728,-0.9273015856742859,-0.00024635353474877775,0.08172827959060669,-0.8172827363014221,-0.00023114857322070748,0.07544148713350296,-0.6695432066917419,-0.00020430557196959853,-0.9559774424639871,0.9808507964121844,-0.9955112674463623,-0.9938214940263179,0.9974906553946442,-0.9984676861919057,-0.994998181532042,0.9994479140903728,-0.996421812415186,-0.9599332866603679,0.963583875796775,-0.9919145275919601,-0.8679326561691173,-0.71775394392431,-0.9784887695161534,0.6231380577696725,0.6658213419922514,0.5907325862589462,0.6102560176862029,0.673780027756042,0.2870173689662817,0.259172209193491,0.09526939543841241,0.11846728400693105,0.2639209730788265,0.0,0.0,0.0,0.0,1.0
2,0.0,0.0,0.0,-0.21809843182563782,-0.02150266245007515,-7.426987576764077e-05,-0.4054787755012512,-0.13515959680080414,-0.00013288813352119178,-0.4607713520526886,-0.258031964302063,-0.00019879575120285153,-0.4576995372772217,-0.39933517575263977,-0.0002505435550119728,-0.4638431668281555,-0.5467820167541504,-4.403632556204684e-05,-0.5652128458023071,-0.7925267219543457,-0.00015970581443980336,-0.5283511281013489,-0.6757979989051819,-0.00023639989376533777,-0.45462772250175476,-0.5252793431282043,-0.00026805762900039554,-0.2918218672275543,-0.6297208666801453,-6.425369065254927e-05,-0.38090431690216064,-0.9246144890785217,-0.00017042506078723818,-0.3471144139766693,-0.7525932192802429,-0.00021322688553482294,-0.2918218672275543,-0.5990027785301208,-0.00021719298092648387,-0.10444150865077972,-0.6604389548301697,-0.0001024494122248143,-0.1720212996006012,-0.9522607922554016,-0.0001901444047689438,-0.156662255525589,-0.7863830924034119,-0.0001833759160945192,-0.11980055272579193,-0.6358644366264343,-0.0001567872823216021,0.1013696938753128,-0.6420080661773682,-0.00015008235641289502,0.09215427190065384,-0.8754655718803406,-0.00020420354849193245,0.058364368975162506,-0.7740958333015442,-0.00018903783347923309,0.04914894327521324,-0.6512234807014465,-0.0001627952151466161,-0.9516356876061542,0.9963587988432739,-0.9888349599952989,-0.990133932906904,0.9950629740352362,-0.9885312478929769,-0.9974998497378785,0.9908692282167249,-0.9890913085145298,-0.9808426749036832,0.9354721156547079,-0.9696770327612413,-0.901768182134182,-0.8237994354536962,-0.9027872104552491,0.6074187261479677,0.6946976422403732,0.6663064703163772,0.647051652100385,0.6530755587386909,0.3207962770440213,0.30431255993767886,0.17399351571574143,0.14367143652629102,0.25400580557646574,0.0,0.0,0.0,0.0,1.0
2,0.0,0.0,0.0,-0.21326711773872375,-0.02665838971734047,-6.0419795772759244e-05,-0.3969137966632843,-0.16291238367557526,-0.00010811298852786422,-0.44430649280548096,-0.28435614705085754,-0.0001649869664106518,-0.5094714164733887,-0.38506561517715454,-0.00021072709932923317,-0.46504077315330505,-0.5450159311294556,-2.907742054958362e-05,-0.5687122941017151,-0.7760553359985352,-0.00014640943845734,-0.565750241279602,-0.648687481880188,-0.00022443202033173293,-0.5153955221176147,-0.5005853176116943,-0.0002558086416684091,-0.302128404378891,-0.6220290660858154,-5.7341625506523997e-05,-0.402837872505188,-0.9152713418006897,-0.0001680646528257057,-0.3909896910190582,-0.7345867156982422,-0.00021014701633248478,-0.33471089601516724,-0.5894466042518616,-0.00021105293126311153,-0.12144377082586288,-0.651649534702301,-0.00010373971599619836,-0.201418936252594,-0.9419297575950623,-0.00019980021170340478,-0.201418936252594,-0.764207124710083,-0.00019284291192889214,-0.15402624011039734,-0.6161049604415894,-0.00016267695173155516,0.08589925616979599,-0.6427633762359619,-0.00015813294157851487,0.0503547340631485,-0.8797268271446228,-0.00021838625252712518,0.0029620432760566473,-0.7612451314926147,-0.00020234734984114766,-0.005924086552113295,-0.6249911189079285,-0.00017375944298692048,-0.9597748298245199,0.9216297299822493,-0.9540008013848237,-0.9926471945339101,0.9650049101850109,-0.9540191178685291,-0.9964244471385558,0.9640795071960724,-0.9524241353715637,-0.960572306235961,0.8631120898679544,-0.9506782472978696,-0.870802047446133,-0.8470378291796612,-0.9796196149181207,0.6386209197556386,0.7184833196144788,0.6778486027830262,0.6350665221320709,0.6250192314054682,0.365032391924021,0.3549496891969851,0.19943329048036842,0.12398478065892807,0.20375502344197594,0.0,0.0,0.0,0.0,1.0
2,0.0,0.0,0.0,-0.21918021142482758,-0.03506883233785629,-6.201557698659599e-05,-0.4179036021232605,-0.16657696664333344,-0.00010985657718265429,-0.4968084692955017,-0.29224029183387756,-0.00016708215116523206,-0.5640237331390381,-0.4208260178565979,-0.0002113152004312724,-0.47050684690475464,-0.5464893579483032,-3.460861262283288e-05,-0.5727909803390503,-0.7802815437316895,-0.00014439207734540105,-0.5815581679344177,-0.6458510160446167,-0.00020814496383536607,-0.5289549231529236,-0.5026533007621765,-0.0002303034852957353,-0.3126971125602722,-0.6195493936538696,-5.942947245785035e-05,-0.42959320545196533,-0.9030224680900574,-0.00016910558042582124,-0.4179036021232605,-0.6984542608261108,-0.0002012150507653132,-0.3506883382797241,-0.5523341298103333,-0.00019223947310820222,-0.13735292851924896,-0.6546182632446289,-0.00010133861360372975,-0.2308698296546936,-0.9439361095428467,-0.00019507652905303985,-0.2337922304868698,-0.7539799213409424,-0.00018194135918747634,-0.17826656997203827,-0.6049373745918274,-0.0001456444733776152,0.06137045845389366,-0.6487734317779541,-0.00015112126129679382,0.017534416168928146,-0.8884104490280151,-0.0002075933152809739,-0.032146431505680084,-0.777359127998352,-0.00019044270447921008,-0.029224028810858727,-0.6458510160446167,-0.0001600852410774678,-0.9558040861508122,0.8881298907433717,-0.9142394355253158,-0.9970913757237257,0.9447238664431322,-0.930852314142311,-0.9944072307217938,0.9466834748372164,-0.9316009307568688,-0.9623599079273469,0.8244368595809711,-0.9035203269492831,-0.9106482747276419,-0.9108290172061487,-0.9968792705957444,0.703716797332594,0.7296942366466712,0.6542594012445362,0.6306569939366027,0.6465118855054509,0.39893362797565723,0.3572252860620167,0.1881592474099215,0.11123729129786954,0.20840316120367536,0.0,0.0,0.0,0.0,1.0
2,0.0,0.0,0.0,-0.2313675731420517,-0.04627351462841034,-6.21296203462407e-05,-0.4338141977787018,-0.16195730865001678,-0.00011534018267411739,-0.5321454405784607,-0.28053319454193115,-0.00017993993242271245,-0.6044477820396423,-0.42803001403808594,-0.00023152482754085213,-0.4771956205368042,-0.5466058850288391,-3.8669506466249004e-05,-0.5957714915275574,-0.777973473072052,-0.00015347724547609687,-0.624692440032959,-0.6536133885383606,-0.0002158091083401814,-0.5755268335342407,-0.5090086460113525,-0.00023528582823928446,-0.3268066942691803,-0.6131240725517273,-6.238403875613585e-05,-0.4656272530555725,-0.8849809765815735,-0.00017990653577726334,-0.44538259506225586,-0.6593976020812988,-0.00020734172721859068,-0.36151182651519775,-0.5003324151039124,-0.0001920422218972817,-0.15906521677970886,-0.6507213115692139,-0.00010402949556009844,-0.28053319454193115,-0.9428228735923767,-0.0002004146808758378,-0.28053319454193115,-0.7461604475975037,-0.00018143195484299213,-0.2169070988893509,-0.5899873375892639,-0.00013899408804718405,0.037597231566905975,-0.6565055251121521,-0.00015376295777969062,-0.031813040375709534,-0.8994414806365967,-0.00020769504772033542,-0.08965493738651276,-0.7924339771270752,-0.00018851236382033676,-0.08387074619531631,-0.6593976020812988,-0.0001561419339850545,-0.9703533173606931,0.763490997770637,-0.8492488773503569,-0.9998451729870282,0.9276902494675779,-0.9227180844016315,-0.9881125122729747,0.9233471601150833,-0.9260923420685616,-0.9442439168623835,0.7152243615375663,-0.8582210795102102,-0.9486832924120082,-0.9361376659989606,-0.9721498108144375,0.7406530301858856,0.7683235135561645,0.6172708751022489,0.628596672114057,0.6647101250499109,0.42441688563904806,0.39074504977672053,0.17655431556523823,0.10169980731136513,0.19443311042456812,0.0,0.0,0.0,0.0,1.0
2,0.0,0.0,0.0,-0.22099262475967407,-0.04592054709792137,-5.918775059399195e-05,-0.4190249741077423,-0.17794211208820343,-0.0001092811580747366,-0.5223461985588074,-0.29561349749565125,-0.00017242430476471782,-0.608447253704071,-0.43337514996528625,-0.0002243829076178372,-0.45346537232398987,-0.5395663976669312,-3.785047374549322e-05,-0.5768768787384033,-0.7720391750335693,-0.00015538049046881497,-0.6400176286697388,-0.6572378277778625,-0.00021802772243972868,-0.6055771708488464,-0.5079960227012634,-0.00023653043899685144,-0.3099636733531952,-0.6113172769546509,-6.364293221849948e-05,-0.46207550168037415,-0.8868405222892761,-0.00018681319488678128,-0.4678155481815338,-0.6486276984214783,-0.0002123650920111686,-0.38171452283859253,-0.4850357472896576,-0.00019204516138415784,-0.1463717371225357,-0.6486276984214783,-0.00010752465459518135,-0.27552327513694763,-0.9442412257194519,-0.00020704945200122893,-0.29561349749565125,-0.7490788698196411,-0.00018986850045621395,-0.22673268616199493,-0.5854869484901428,-0.000146015256177634,0.0487905777990818,-0.6601078510284424,-0.0001594341010786593,-0.025830306112766266,-0.9069307446479797,-0.00021604372886940837,-0.10045119374990463,-0.8064795732498169,-0.00020044698612764478,-0.0975811555981636,-0.6687179207801819,-0.00016929698176681995,-0.9778477359343337,0.5479566929427542,-0.7454129561248205,-0.9993813560248734,0.8635475880939858,-0.8734418015821125,-0.9820128004864555,0.8705482657482915,-0.8770535556089153,-0.9332759162398089,0.5958256335160581,-0.7901489827354291,-0.9275006820994008,-0.9658118300132278,-0.9869139888426304,0.74700879000491,0.7904326825131647,0.6172241809480817,0.6278556480060148,0.675800098201972,0.4401565748637636,0.43367311636057815,0.20962571577868855,0.10829430041430162,0.19189696220275115,0.0,0.0,0.0,0.0,1.0
2,0.0,0.0,0.0,-0.22132064402103424,-0.047625958919525146,-6.587908865185454e-05,-0.41462600231170654,-0.1764962077140808,-0.00011904120037797838,-0.5182825326919556,-0.2885572910308838,-0.000185843906365335,-0.6275420784950256,-0.411824494600296,-0.00024230357666965574,-0.4510458707809448,-0.5350916981697083,-3.226674016332254e-05,-0.5771145820617676,-0.7676184177398682,-0.00015956879360601306,-0.6303436160087585,-0.6555573344230652,-0.00023462959507014602,-0.60793137550354,-0.5042749047279358,-0.0002601060550659895,-0.3137710392475128,-0.6051298379898071,-5.65057598578278e-05,-0.4650534987449646,-0.885282576084137,-0.00018515459669288248,-0.45945045351982117,-0.661160409450531,-0.00022522604558616877,-0.386610746383667,-0.49587029218673706,-0.0002158613788196817,-0.1568855196237564,-0.6387481689453125,-0.00010036203457275406,-0.2885572910308838,-0.9245039224624634,-0.00021089671645313501,-0.29696187376976013,-0.719992458820343,-0.00020717046572826803,-0.2325267493724823,-0.5462977886199951,-0.00016909610712900758,0.033618323504924774,-0.6471527814865112,-0.00015228342090267688,-0.04202290624380112,-0.885282576084137,-0.0002154173271264881,-0.10645803064107895,-0.7844275832176208,-0.00020673827384598553,-0.10925955325365067,-0.6471527814865112,-0.00017964332073461264,-0.9793518502691001,0.5895782595236119,-0.8306474805373242,-0.9998591585742721,0.8915054877678096,-0.9248786675639867,-0.9818263716793284,0.8902699912807692,-0.9224941796061394,-0.9360839306305655,0.6401585466840528,-0.853505972459226,-0.9301243716811366,-0.9722021858624023,-0.999774736806303,0.750605438662818,0.789856826986722,0.6287728237508761,0.5937255214774909,0.6563111989780172,0.4558730841882488,0.4307360301109445,0.20926487443485126,0.08212822697567593,0.17576544195611704,0.0,0.0,0.0,0.0,1.0
2,0.0,0.0,0.0,-0.22019925713539124,-0.05017198249697685,-6.647726695518941e-05,-0.42088720202445984,-0.18117660284042358,-0.00011957748210988939,-0.5323805212974548,-0.2898825705051422,-0.0001852905552368611,-0.6578104496002197,-0.4013758599758148,-0.00024074086104519665,-0.45433518290519714,-0.5407425165176392,-3.184600791428238e-05,-0.5853397846221924,-0.7665164470672607,-0.0001560043601784855,-0.6299371123313904,-0.6605978012084961,-0.00022618462389800698,-0.5992764830589294,-0.5212311744689941,-0.00024939162540249527,-0.3121812343597412,-0.6076384782791138,-5.510589835466817e-05,-0.4682718515396118,-0.8835843801498413,-0.00018246042600367218,-0.45433518290519714,-0.6578104496002197,-0.00021648606343660504,-0.3818645477294922,-0.5045071840286255,-0.00020286899234633893,-0.15330328047275543,-0.6438738107681274,-9.804480941966176e-05,-0.28709524869918823,-0.919819712638855,-0.00021057350386399776,-0.2898825705051422,-0.7024077773094177,-0.0001984455157071352,-0.22856126725673676,-0.5379551649093628,-0.00015428548795171082,0.0334479883313179,-0.6494484543800354,-0.00014898134395480156,-0.03902265429496765,-0.8780097365379333,-0.0002133655798388645,-0.1003439649939537,-0.7693037390708923,-0.00019963450904469937,-0.1003439649939537,-0.6355118155479431,-0.00016872513515409082,-0.985070599839979,0.6024001944372706,-0.8167314453417968,-0.99919251847475,0.8990793142465422,-0.9286860261040688,-0.9763946298033394,0.8941473008216451,-0.9324243265197328,-0.93642334747401,0.6817445632660455,-0.8709784593339528,-0.9378889782952999,-0.9811608694263678,-0.9989376646766891,0.7705953440285987,0.7942381633003553,0.6327306305361421,0.5844963734821317,0.6433849382823795,0.4883420382181317,0.4232820090909841,0.20522804739656023,0.07135797096012664,0.16606510370879046,0.0,0.0,0.0,0.0,1.0
2,0.0,0.0,0.0,-0.22573623061180115,-0.03344240412116051,-7.139900117181242e-05,-0.4347512722015381,-0.14213022589683533,-0.00012747042637784034,-0.5601602792739868,-0.2285231053829193,-0.00019401940517127514,-0.6883561611175537,-0.32048970460891724,-0.00025359465507790446,-0.4598330557346344,-0.5434390902519226,-2.8540505809360184e-05,-0.5852420926094055,-0.7217985987663269,-0.00013902739738114178,-0.6688480973243713,-0.7273722887039185,-0.0002017976512433961,-0.679995596408844,-0.663274347782135,-0.00022387220815289766,-0.32606345415115356,-0.6214713454246521,-5.281615085550584e-05,-0.47376739978790283,-0.880649983882904,-0.0001838801399571821,-0.4598330557346344,-0.663274347782135,-0.00021482619922608137,-0.38737452030181885,-0.5016360878944397,-0.00019374994735699147,-0.1616382896900177,-0.663274347782135,-9.64510691119358e-05,-0.2814735770225525,-0.9168792963027954,-0.0002203387557528913,-0.2898341715335846,-0.7078642249107361,-0.00020965423027519137,-0.23409684002399445,-0.5406522154808044,-0.00016063159273471683,0.027868671342730522,-0.663274347782135,-0.0001473843731218949,-0.044589873403310776,-0.8917974829673767,-0.0002221292961621657,-0.10590095072984695,-0.7719621658325195,-0.00020847417181357741,-0.10590095072984695,-0.6270450949668884,-0.00017406193364877254,-0.9960030327118459,-0.6283173939229817,-0.10542659133698826,-0.999394347257475,0.8987120194751499,-0.9368081051534334,-0.9795887601490151,0.8863438848735252,-0.9352862071826042,-0.9397022350258878,0.7109471278741587,-0.8902480877370591,-0.9452485757546137,-0.9923575626743425,-0.9998180915991808,0.7593075730697875,0.949908938641467,0.6337963256695055,0.5891571666148154,0.6359250029299186,0.5348421322458927,0.5227782669952712,0.20346883221525827,0.065656694893675,0.1505538439085675,1.0,0.0,0.0,0.0,1.0
2,0.0,0.0,0.0,-0.2263501137495041,-0.060728080570697784,-7.137838110793382e-05,-0.41405510902404785,-0.18770498037338257,-0.0001269526983378455,-0.5051472187042236,-0.3036403954029083,-0.0001941256778081879,-0.5741564035415649,-0.4388984143733978,-0.00025098244077526033,-0.4692624509334564,-0.5465527176856995,-2.9866365366615355e-05,-0.5851978659629822,-0.7591010332107544,-0.00015092280227690935,-0.6183222532272339,-0.6514467000961304,-0.00022855478164274246,-0.5851978659629822,-0.5106679797172546,-0.0002599802683107555,-0.3229629695415497,-0.6183222532272339,-5.11808211740572e-05,-0.4582209587097168,-0.8888382911682129,-0.0001708670170046389,-0.44165876507759094,-0.6845710873603821,-0.00021672462753485888,-0.3698892295360565,-0.5327509045600891,-0.00021727233252022415,-0.16010130941867828,-0.6542070508003235,-9.19816448003985e-05,-0.2705160081386566,-0.9330041408538818,-0.00019634435011539608,-0.27879709005355835,-0.739778459072113,-0.00020079743990208954,-0.22082938253879547,-0.5713960528373718,-0.00017330661648884416,0.030364040285348892,-0.6542070508003235,-0.00014130071213003248,-0.027603672817349434,-0.8943589925765991,-0.00020240018784534186,-0.08833175152540207,-0.789465069770813,-0.00019771672668866813,-0.09385249018669128,-0.6459259390830994,-0.00017643827595748007,-0.9780076042916014,0.6982499169397721,-0.8630144467763318,-0.9998433371125746,0.9276433473454495,-0.9356540842946466,-0.9906194052660963,0.9131221403590366,-0.9307327066281774,-0.9601581520932024,0.723702066534214,-0.8840432598132485,-0.9451838249648689,-0.9523129174765592,-0.9812039567976838,0.7226945356386264,0.7766841963917768,0.6485688850131127,0.6125839490976409,0.6527087199234699,0.3937322191001108,0.40112505521913955,0.18936772105598876,0.08494943384165829,0.17629390532331038,0.0,0.0,0.0,0.0,1.0
2,0.0,0.0,0.0,-0.22415752708911896,-0.04704540595412254,-7.296006515389308e-05,-0.4040370285511017,-0.16327522695064545,-0.00013077682524453849,-0.4787561893463135,-0.2739703059196472,-0.0002002608816837892,-0.550707995891571,-0.4095717668533325,-0.000259181804722175,-0.4649192988872528,-0.5424058437347412,-3.372079663677141e-05,-0.581149160861969,-0.7610286474227905,-0.0001542754180263728,-0.6005207896232605,-0.65033358335495,-0.00023209303617477417,-0.5590101480484009,-0.511964738368988,-0.0002639773301780224,-0.31548094749450684,-0.6171250343322754,-5.6887674872996286e-05,-0.4427802860736847,-0.8966301083564758,-0.00017561012646183372,-0.43171077966690063,-0.6973789930343628,-0.00022273360809776932,-0.3652937412261963,-0.5451732277870178,-0.00022497987083625048,-0.14943835139274597,-0.6558682918548584,-9.937016147887334e-05,-0.24629653990268707,-0.9353733658790588,-0.00020187071640975773,-0.2545986771583557,-0.741657018661499,-0.00020464496628846973,-0.20201851427555084,-0.5756143927574158,-0.00017686693172436208,0.04427802935242653,-0.6558682918548584,-0.00015070979134179652,-0.011069507338106632,-0.8993974924087524,-0.00020975913503207266,-0.06918442249298096,-0.7942371368408203,-0.00020127631432842463,-0.07195179909467697,-0.65033358335495,-0.00017744183423928916,-0.9759008187332301,0.7888325695024659,-0.8939548823868907,-0.9989784447125925,0.9316476141036987,-0.9373130971355961,-0.99400429382005,0.9299883276888348,-0.9395416046515882,-0.957990467641137,0.7462816934977194,-0.8843797145966801,-0.9334823499380126,-0.9197395057700901,-0.9943964413238738,0.6863150732179268,0.7580239402419563,0.6562418924506555,0.6100355752508949,0.654301781228591,0.38307296557939924,0.3823085334659368,0.194949127661472,0.08508777498949396,0.188201176337847,0.0,0.0,0.0,0.0,1.0
2,0.0,0.0,0.0,-0.21940211951732635,-0.058322079479694366,-7.235678640427068e-05,-0.39436835050582886,-0.18329796195030212,-0.00013010777183808386,-0.4637994170188904,-0.29161038994789124,-0.0001995682978304103,-0.5137897729873657,-0.4304724931716919,-0.0002587819180916995,-0.46102216839790344,-0.5554484128952026,-3.662940434878692e-05,-0.5665573477745056,-0.7831822037696838,-0.00015827486640773714,-0.5804435610771179,-0.6748697757720947,-0.00023599161067977548,-0.5415621995925903,-0.527675986289978,-0.0002672326227184385,-0.30549660325050354,-0.6221022009849548,-5.957940811640583e-05,-0.4304724931716919,-0.9026036262512207,-0.00017896766075864434,-0.4054773151874542,-0.6998649835586548,-0.00022744800662621856,-0.338823527097702,-0.5443394184112549,-0.0002312929864274338,-0.13608485460281372,-0.6582063436508179,-0.0001015374218695797,-0.23884280025959015,-0.9498167634010315,-0.0002038376551354304,-0.23884280025959015,-0.7581870555877686,-0.0002083841827698052,-0.18607521057128906,-0.5859980583190918,-0.00018271907174494117,0.058322079479694366,-0.6554291248321533,-0.00015213762526400387,0.005554483737796545,-0.9026036262512207,-0.00021219135669525713,-0.04443586990237236,-0.7998456954956055,-0.00020594657689798623,-0.04443586990237236,-0.6554291248321533,-0.00018443330191075802,-0.9666939661534399,0.846476412941193,-0.9265119461595026,-0.9993030021789308,0.9563723686690606,-0.9604386643578411,-0.9909126917193657,0.9431560361194569,-0.9561118145333638,-0.9556094412285274,0.7880851380231436,-0.8992351018517264,-0.9357434541845392,-0.9284766335781574,-0.9749087779563766,0.6702884185417514,0.7561293749951266,0.641176154503068,0.6148314703685711,0.6569337055533652,0.35152695334999723,0.37386678731215395,0.1761087779084507,0.08943418484118157,0.2004738041874923,0.0,0.0,0.0,0.0,1.0
2,0.0,0.0,0.0,-0.22595444321632385,-0.04236645624041557,-7.658321555936709e-05,-0.398244708776474,-0.16381697356700897,-0.000140210468089208,-0.4406111538410187,-0.27961862087249756,-0.00021379371173679829,-0.45473331212997437,-0.42366456985473633,-0.0002758050977718085,-0.44908443093299866,-0.5592372417449951,-5.563838203670457e-05,-0.5564128160476685,-0.796489417552948,-0.00017724785720929503,-0.5535883903503418,-0.6863365769386292,-0.00025410036323592067,-0.49709975719451904,-0.5338173508644104,-0.00028541311621665955,-0.28809189796447754,-0.6270235776901245,-7.751754310447723e-05,-0.40954241156578064,-0.9122910499572754,-0.00019408731895964593,-0.3841225504875183,-0.7174053192138672,-0.00024084356846287847,-0.31351178884506226,-0.5592372417449951,-0.0002461303665768355,-0.11297722160816193,-0.6580923199653625,-0.00011745250230887905,-0.2090078592300415,-0.9518330693244934,-0.00021603780623991042,-0.21183228492736816,-0.7710695266723633,-0.00022034181165508926,-0.15816810727119446,-0.5987792611122131,-0.00019831827376037836,0.09038177132606506,-0.6524434089660645,-0.00016651775513309985,0.05648861080408096,-0.9038177728652954,-0.00022844417253509164,-0.0056488607078790665,-0.804962694644928,-0.0002244215429527685,-0.019771013408899307,-0.6552678942680359,-0.00020575092639774084,-0.9684768957571823,0.9213727645859036,-0.9463430135846504,-0.9996025825278927,0.9630208519516438,-0.9581930624267128,-0.989367723319749,0.945524533461345,-0.9499955312611772,-0.9633226607894048,0.7679341085685437,-0.8928769324864075,-0.9095188315392302,-0.8219047620806779,-0.9681655509223931,0.6215095532688464,0.729430715388207,0.6411208906747681,0.6193171891090141,0.6555661010076945,0.3120974757773282,0.3468613163097499,0.1722968628290281,0.09961404349095399,0.20440138977011077,0.0,0.0,0.0,0.0,1.0
2,0.0,0.0,0.0,-0.20899838209152222,-0.028629915788769722,-8.385738328797743e-05,-0.383640855550766,-0.14314956963062286,-0.00015147092926781625,-0.4380376935005188,-0.263395220041275,-0.0002263398200739175,-0.44948965311050415,-0.41227078437805176,-0.0002895000216085464,-0.4437636733055115,-0.5525573492050171,-6.553989805979654e-05,-0.5611463189125061,-0.7815966606140137,-0.0001862919598352164,-0.5411053895950317,-0.6871179342269897,-0.0002635631535667926,-0.4695306122303009,-0.5439683794975281,-0.00029570385231636465,-0.28057315945625305,-0.6269951462745667,-8.314070873893797e-05,-0.4008188247680664,-0.9161573052406311,-0.00019567811978049576,-0.3635999262332916,-0.7300628423690796,-0.00023853973834775388,-0.30347710847854614,-0.5783242583274841,-0.00024270464200526476,-0.10593068599700928,-0.6613510251045227,-0.00011889373126905411,-0.191820427775383,-0.9619651436805725,-0.00021579783060587943,-0.18609444797039032,-0.7873226404190063,-0.00021600231411866844,-0.1374235898256302,-0.6241321563720703,-0.0001935664186021313,0.09447871893644333,-0.6527620553970337,-0.00016407680232077837,0.07157478481531143,-0.9018422961235046,-0.00022655658540315926,0.022903932258486748,-0.7959116101264954,-0.0002192948741139844,0.005725983064621687,-0.647036075592041,-0.00019924987282138318,-0.9794587374970918,0.9652029815495022,-0.9677576416860804,-0.9996441940745989,0.9807182051025083,-0.9838699223340607,-0.9928713219095116,0.9700099085152883,-0.967138664456619,-0.9724130247752871,0.866629808713034,-0.9505432074536295,-0.9029292533573001,-0.8442854515173158,-0.9400360739079983,0.609924789681348,0.7185824295254387,0.6531136037442561,0.639082341673328,0.6470614626646878,0.31445241049853256,0.3255310596746929,0.17541517439670587,0.12577628545199626,0.212995847841018,0.0,0.0,0.0,0.0,1.0
2,0.0,0.0,0.0,-0.20761612057685852,-0.02883557230234146,-8.803916716715321e-05,-0.37774598598480225,-0.1557120829820633,-0.0001574579073349014,-0.4181157946586609,-0.2883557081222534,-0.00023442500969395041,-0.4123486876487732,-0.45271846652030945,-0.0002994866226799786,-0.42676645517349243,-0.573827862739563,-5.822748425998725e-05,-0.5305745005607605,-0.8016288876533508,-0.00018411489145364612,-0.49020472168922424,-0.7064715027809143,-0.00026539777172729373,-0.40946513414382935,-0.5565265417098999,-0.0002989262284245342,-0.25952014327049255,-0.6545674800872803,-7.67567617003806e-05,-0.3489104211330414,-0.937156081199646,-0.00020094984211027622,-0.29123929142951965,-0.7353070974349976,-0.0002530716301407665,-0.23933525383472443,-0.5680607557296753,-0.00025874553830362856,-0.08362315595149994,-0.6920537352561951,-0.0001143077970482409,-0.1441778540611267,-0.9659916758537292,-0.00022278940014075488,-0.11822584271430969,-0.7785604596138,-0.00022709141194354743,-0.07208892703056335,-0.6113141179084778,-0.00020194126409478486,0.11534228920936584,-0.6891701817512512,-0.000161088551976718,0.09227383136749268,-0.9256218671798706,-0.00022655144857708365,0.06632181257009506,-0.8102795481681824,-0.00021590659162029624,0.06632181257009506,-0.6661016941070557,-0.0001905077660921961,-0.9776354007169736,0.9996519201801561,-0.9957049513414219,-0.9974736397421918,0.9996058746293367,-0.9997441042649424,-0.9952697856776407,0.996804345395497,-0.9913557981536821,-0.965593563898405,0.9496850020240547,-0.9756097556216539,-0.8762476294289762,-0.8053257197111371,-0.9458755738335486,0.6123606554953465,0.690929493119432,0.6164206737534168,0.6155500098471085,0.6693953453008701,0.28981916784101575,0.28069266268100773,0.1178299916523976,0.10700921624232582,0.24431344886217937,0.0,0.0,0.0,0.0,1.0
2,0.0,0.0,0.0,-0.21691441535949707,-0.03268573433160782,-0.00010504926467547193,-0.38925737142562866,-0.16640008985996246,-0.00018252390145789832,-0.4100573658943176,-0.3179430365562439,-0.0002639375743456185,-0.39222878217697144,-0.4873145520687103,-0.00033393953344784677,-0.4278859496116638,-0.5794289112091064,-8.91018207767047e-05,-0.5289145708084106,-0.8112004399299622,-0.00021169254614505917,-0.49325743317604065,-0.7369146943092346,-0.0002845802519004792,-0.41600024700164795,-0.5883432030677795,-0.00031315325759351254,-0.25257158279418945,-0.6566860675811768,-0.00010055568418465555,-0.3357716202735901,-0.9419434070587158,-0.00022440578322857618,-0.2822858691215515,-0.7309718728065491,-0.00027556432178243995,-0.22582870721817017,-0.5586289167404175,-0.00028195028426125646,-0.0683428943157196,-0.6893718242645264,-0.00013056139869149774,-0.13371436297893524,-0.9716576933860779,-0.00024210599076468498,-0.11291435360908508,-0.7814861536026001,-0.00025525555247440934,-0.06537146866321564,-0.6002289056777954,-0.00023688511282671243,0.13371436297893524,-0.6774861216545105,-0.00017029140144586563,0.11291435360908508,-0.9211434125900269,-0.0002449473540764302,0.08022861927747726,-0.8112004399299622,-0.0002455661306157708,0.07131432741880417,-0.6507432460784912,-0.00022825549240224063,-0.9747916880238839,0.9993346982777621,-0.9994878322875993,-0.9965259372669072,0.9993696341134325,-0.9976697938462172,-0.9917228655691174,0.9929721681162557,-0.989130561337417,-0.9610490681141631,0.9308241697588036,-0.9728677973064774,-0.8726035034275641,-0.7147391732554084,-0.9710331163712645,0.6255549441650768,0.7205581479196995,0.6025486670549016,0.6037782994546634,0.6546392416323787,0.2712608520046726,0.30071401652168916,0.10962128636959739,0.09830911036095877,0.23388768958419745,0.0,0.0,0.0,0.0,1.0
2,0.0,0.0,0.0,-0.2141236513853073,-0.037238895893096924,-0.0001139377272920683,-0.37238895893096924,-0.16757503151893616,-0.0002055012882919982,-0.3910084068775177,-0.3196338415145874,-0.0003008166968356818,-0.3816986680030823,-0.49962183833122253,-0.0003829805355053395,-0.43755701184272766,-0.6113385558128357,-9.536817378830165e-05,-0.518241286277771,-0.8347719311714172,-0.0002267407689942047,-0.4810023903846741,-0.7882232666015625,-0.00030255550518631935,-0.40962785482406616,-0.6268547177314758,-0.00033047114266082644,-0.2482593059539795,-0.6858163475990295,-0.00010516213660594076,-0.32273709774017334,-0.946488618850708,-0.00023486338614020497,-0.2482593059539795,-0.7230552434921265,-0.0002804949472192675,-0.20171068608760834,-0.552376925945282,-0.00028164093964733183,-0.05275510251522064,-0.7230552434921265,-0.0001356705033686012,-0.11171668767929077,-0.993037223815918,-0.0002486543089617044,-0.0713745504617691,-0.8068427443504333,-0.0002482662966940552,-0.03413565456867218,-0.6268547177314758,-0.00022164726397022605,0.16136854887008667,-0.7075390219688416,-0.0001777302531991154,0.14585234224796295,-0.9526950716972351,-0.0002501830749679357,0.1272328943014145,-0.8378751277923584,-0.0002418177027720958,0.10861344635486603,-0.6827130913734436,-0.00021869516058359295,-0.9625145732082859,0.9466217901454985,-0.9668244921769227,-0.9976191965946035,0.9990560262092928,-0.9984604447617947,-0.9899091339023645,0.9999985707904091,-0.9999562899890658,-0.9589723650762624,0.9750234398552081,-0.9991458491329802,-0.8694375677904478,-0.7248157725962441,-0.9849829591064703,0.6287416133028741,0.7488270509301674,0.5880540457201541,0.6277834989159301,0.6912988496755745,0.2701903169173813,0.3052158044457947,0.08653997497178312,0.11498264039164784,0.2627051725676045,0.0,0.0,0.0,0.0,1.0
2,0.0,0.0,0.0,-0.20218266546726227,-0.04738656058907509,-0.000122552621178329,-0.35697877407073975,-0.17690983414649963,-0.00022091394930612296,-0.38541069626808167,-0.32854682207107544,-0.0003215931646991521,-0.3980471193790436,-0.5117748379707336,-0.00040673272451385856,-0.4517518877983093,-0.638139009475708,-9.367131860926747e-05,-0.5212521553039551,-0.8497989773750305,-0.0002301509666722268,-0.49282023310661316,-0.8497989773750305,-0.00030806061113253236,-0.407524436712265,-0.6918438076972961,-0.00033616702421568334,-0.25272834300994873,-0.7044802308082581,-9.906401101034135e-05,-0.319069504737854,-0.9477312564849854,-0.00023163770674727857,-0.24009190499782562,-0.7265939712524414,-0.0002699080214370042,-0.18954624235630035,-0.5528432130813599,-0.00026480312226340175,-0.05054566636681557,-0.742389440536499,-0.00012784784485120326,-0.10109133273363113,-0.9793222546577454,-0.00024484482128173113,-0.060022976249456406,-0.7992533445358276,-0.00023409871209878474,-0.015795521438121796,-0.6160253286361694,-0.0002001818793360144,0.17690983414649963,-0.7202757596969604,-0.00017009118164423853,0.1674325168132782,-0.9540494680404663,-0.00024706427939236164,0.14847789704799652,-0.8403217196464539,-0.00023493632033932954,0.12636417150497437,-0.6697300672531128,-0.0002083417639369145,-0.9557033149422492,0.3119675161802349,-0.47514752211766326,-0.9969445199670173,0.9970541682030297,-0.9982048595231572,-0.9899061731584748,0.9999011116368908,-0.9999204223621684,-0.9606773137839772,0.9789249631359446,-0.9993434884406251,-0.893137788928914,-0.7720690573296451,-0.9932225192281211,0.6483480309250531,0.8029471217378235,0.5844343070144393,0.616227805264293,0.681547016209401,0.2866916858816256,0.31986189331641435,0.07437822009434314,0.11396089885612627,0.2652691558044344,0.0,0.0,0.0,0.0,1.0
2,0.0,0.0,0.0,-0.15878446400165558,-0.035854555666446686,-0.00012135672295698896,-0.2970806062221527,-0.11780783534049988,-0.00021432680659927428,-0.3713507652282715,-0.22024942934513092,-0.00030726284603588283,-0.4276936650276184,-0.3380572497844696,-0.00039505187305621803,-0.35598453879356384,-0.5019637942314148,-9.085769124794751e-05,-0.44049885869026184,-0.6505041122436523,-0.00018896271649282426,-0.48403653502464294,-0.7836781740188599,-0.00024652897263877094,-0.49171963334083557,-0.8707535266876221,-0.00028032794944010675,-0.20488318800926208,-0.5531846284866333,-8.786136459093541e-05,-0.2509818971157074,-0.7145301103591919,-0.00020347254758235067,-0.18439486622810364,-0.49428069591522217,-0.00021402891434263438,-0.14854030311107635,-0.3867170214653015,-0.00019023743516299874,-0.030732477083802223,-0.576233983039856,-0.00010481038043508306,-0.061464954167604446,-0.742701530456543,-0.00022210337920114398,-0.02048831805586815,-0.5455014705657959,-0.0001825986400945112,0.0,-0.4148884415626526,-0.00012377771781757474,0.14597927033901215,-0.5455014705657959,-0.00013405770005192608,0.15878446400165558,-0.7324573993682861,-0.00021369793103076518,0.14597927033901215,-0.6069664359092712,-0.0001875034358818084,0.1280519962310791,-0.48147547245025635,-0.0001480528007959947,-0.9950463650107576,-0.9798041150919208,-0.974128786282432,-0.997082354787396,0.9998829620780463,-0.9996034899190521,-0.9916552146832488,0.9997508947120971,-0.9987858901770822,-0.9814155307773076,0.9994455347316106,-0.9991917622385532,-0.9514531598977227,-0.9177046243926793,-0.9836276119073363,0.5451648610767982,1.0,0.4142635881146431,0.41488845119381673,0.4982127899898107,0.3522790073438411,0.592989122224078,0.07679884266291556,0.09144882887216005,0.22201480945036825,1.0,0.0,0.0,0.0,1.0
2,0.0,0.0,0.0,-0.16443021595478058,-0.06008026748895645,-0.00013450931874103844,-0.30988770723342896,-0.17707869410514832,-0.0002500499540474266,-0.39210280776023865,-0.3320225477218628,-0.00036104588070884347,-0.38261646032333374,-0.518587589263916,-0.00045022412086836994,-0.42056187987327576,-0.6102890372276306,-0.00012695550685748458,-0.515425443649292,-0.8095025420188904,-0.0002835019549820572,-0.515425443649292,-0.8569343686103821,-0.0003514546842779964,-0.42056187987327576,-0.7209632396697998,-0.0003671366721391678,-0.21502411365509033,-0.648234486579895,-0.0001121518507716246,-0.27194225788116455,-0.7620707750320435,-0.0002427622675895691,-0.2118619978427887,-0.4996148645877838,-0.00021450751228258014,-0.18024080991744995,-0.4047512710094452,-0.00015887970221228898,-0.012648477219045162,-0.6640450954437256,-0.0001257364929188043,-0.041107553988695145,-0.7810434699058533,-0.000242260517552495,-0.034783314913511276,-0.5913163423538208,-0.00013675159425474703,-0.009486358612775803,-0.4901285171508789,-3.577338429749943e-05,0.21502411365509033,-0.6387481093406677,-0.00015712063759565353,0.19921351969242096,-0.7968540787696838,-0.00022796765551902354,0.16126808524131775,-0.648234486579895,-0.0001596681249793619,0.13280901312828064,-0.5343981981277466,-8.559734851587564e-05,-0.9873912584409216,-0.9028604232064682,0.8201259504871165,-0.9897410876927883,0.9716671908154545,-0.9953268795685433,-0.9759922152326451,0.979002112678148,-0.9776840004371182,-0.9112914622662798,0.9394935900169046,-0.9999875213049382,-0.9469870317119208,-0.9188764043478103,-0.8584071215794593,0.6444599702586302,0.8346618197819674,0.44306925724740825,0.4902202810665591,0.5506538372832485,0.29604204321859134,0.39377416727542225,0.14254667233444662,0.08026812829126084,0.22056465659911972,0.0,0.0,0.0,0.0,1.0
2,0.0,0.0,0.0,-0.1858912855386734,-0.08365108072757721,-9.699614747660235e-05,-0.32530975341796875,-0.21997135877609253,-0.00018881757569033653,-0.3810771405696869,-0.39656808972358704,-0.000282749388134107,-0.37488076090812683,-0.5917539596557617,-0.00035822801874019206,-0.4151572287082672,-0.6134412884712219,-6.293992919381708e-05,-0.4957101047039032,-0.790037989616394,-0.00019459328905213624,-0.5081028938293457,-0.8612962961196899,-0.00025275591178797185,-0.43064814805984497,-0.7590560913085938,-0.0002657045261003077,-0.21997135877609253,-0.6568158864974976,-6.350121839204803e-05,-0.2788369357585907,-0.7776452302932739,-0.00017758029571268708,-0.2168731689453125,-0.5266919732093811,-0.00015147478552535176,-0.1765967309474945,-0.4120590388774872,-9.87418316071853e-05,-0.02788369357585907,-0.6754050254821777,-8.997906843433157e-05,-0.06506194919347763,-0.7962343692779541,-0.0001949268626049161,-0.05266920104622841,-0.6041467189788818,-9.745604620547965e-05,-0.02478550560772419,-0.4864155352115631,-3.3191583952429937e-06,0.19208766520023346,-0.6475213170051575,-0.0001309134386247024,0.15800759196281433,-0.8024307489395142,-0.00019491816055960953,0.12082934379577637,-0.6537176966667175,-0.00012953394616488367,0.09914202243089676,-0.5297901630401611,-5.9723031881731004e-05,-0.9860853207241074,-0.9674719657224632,0.888769877491238,-0.991539131464616,0.9777657575764063,-0.995414013955447,-0.9670962194080096,0.9727299250490132,-0.9858993441645839,-0.8752075595955623,0.8953727062354405,-0.9974282914514807,-0.938923145958536,-0.8819773584304857,-0.9435475841825094,0.7005058571338885,0.8727107747512789,0.4483068790972896,0.4870466176725315,0.5389867956368192,0.29006264735492937,0.4135323449033821,0.1347237589093712,0.07651467937798728,0.19364848725060757,0.0,0.0,0.0,0.0,1.0
2,0.0,0.0,0.0,-0.18949490785598755,-0.08076832443475723,-9.517190483165905e-05,-0.3354991674423218,-0.21434669196605682,-0.00018269277643412352,-0.3883092403411865,-0.39762866497039795,-0.00027206700178794563,-0.3852027654647827,-0.5902300477027893,-0.00034239457454532385,-0.4224804639816284,-0.6088688969612122,-6.222940282896161e-05,-0.5032487511634827,-0.7921508550643921,-0.00019157053611706942,-0.5094617009162903,-0.8604932427406311,-0.0002464412245899439,-0.43179985880851746,-0.7548731565475464,-0.00025682858540676534,-0.22677259147167206,-0.6554660201072693,-6.230722647160292e-05,-0.2826891243457794,-0.7672990560531616,-0.0001749797520460561,-0.22677259147167206,-0.5187811255455017,-0.000148343518958427,-0.18638843297958374,-0.413161039352417,-9.622526704333723e-05,-0.034171212464571,-0.6772112846374512,-8.800825889920816e-05,-0.0714488998055458,-0.7921508550643921,-0.00019583113316912204,-0.05902300402522087,-0.5933365225791931,-0.00010069841664517298,-0.03106473945081234,-0.4815034568309784,-7.756614650133997e-06,0.18949490785598755,-0.6523595452308655,-0.00012747901200782508,0.14911074936389923,-0.8045767545700073,-0.00019500163034535944,0.11493953317403793,-0.6492530703544617,-0.00013037410099059343,0.09940716624259949,-0.5281005501747131,-6.032975943526253e-05,-0.9817138785863563,-0.9478374292593665,0.8559745555957059,-0.9914880936206144,0.9707803908308863,-0.9896660593463652,-0.9655609526716593,0.9686142982111512,-0.9833821225234027,-0.8566641158111554,0.8888889930659141,-0.9960383959144237,-0.9433962174676731,-0.8529024033556749,-0.9563168847654425,0.7048069100083862,0.8696463143708357,0.4532578443490483,0.4825045168441456,0.5373750959159841,0.295194298717878,0.4082129773781428,0.13722181046527523,0.07730314612960162,0.1984119896544408,0.0,0.0,0.0,0.0,1.0
2,0.0,0.0,0.0,-0.19081702828407288,-0.08445999026298523,-9.461063018534333e-05,-0.34409627318382263,-0.21897035837173462,-0.00018196417659055442,-0.3941466510295868,-0.40665921568870544,-0.0002720685733947903,-0.39101848006248474,-0.6037325263023376,-0.0003437553532421589,-0.42229998111724854,-0.6068606972694397,-5.939529728493653e-05,-0.5098881125450134,-0.7945495843887329,-0.00018626137170940638,-0.5098881125450134,-0.8602406978607178,-0.00024029542692005634,-0.42855626344680786,-0.7538836598396301,-0.00025066183297894895,-0.23148293793201447,-0.6537829041481018,-6.158890755614266e-05,-0.2909177541732788,-0.7726525068283081,-0.00017699619638733566,-0.22522665560245514,-0.5224006772041321,-0.00015418177645187825,-0.1814325749874115,-0.41291552782058716,-0.00010454191215103492,-0.03753777593374252,-0.6788080930709839,-8.920779509935528e-05,-0.0782037004828453,-0.7945495843887329,-0.00019910669652745128,-0.062562957406044,-0.591219961643219,-0.00010951745935017243,-0.028153331950306892,-0.47547847032546997,-2.053112802968826e-05,0.18456073105335236,-0.6600391864776611,-0.00013033834693487734,0.14702294766902924,-0.8133184313774109,-0.00019551465811673552,0.11574146896600723,-0.6569110751152039,-0.0001317118149017915,0.10010073333978653,-0.5380414128303528,-6.394880620064214e-05,-0.9853594680228774,-0.9061832033039092,0.7943575104662911,-0.9924013390686784,0.978664145945168,-0.9923468144095209,-0.9603236810298936,0.9661049056598553,-0.9775691477333663,-0.8713603986311597,0.9057854891338093,-0.9977851772889089,-0.9542751496495173,-0.8309846471148992,-0.9620239047332327,0.7192972683692772,0.8671800120818604,0.4510177745396559,0.47631125797215673,0.5472739061601449,0.30155415529696405,0.4022583608840989,0.1336345302164883,0.08562225566308564,0.20226815543901372,0.0,0.0,0.0,0.0,1.0
2,0.0,0.0,0.0,-0.19467902183532715,-0.08163958787918091,-9.455601684749126e-05,-0.3422582745552063,-0.21665892004966736,-0.00018099616863764822,-0.39249804615974426,-0.4019179940223694,-0.00027001899434253573,-0.39563801884651184,-0.593457043170929,-0.00034077733289450407,-0.4238978922367096,-0.6028769612312317,-6.278314685914665e-05,-0.5086774826049805,-0.7912760376930237,-0.0001905698300106451,-0.5149574279785156,-0.8572157025337219,-0.00024480611318722367,-0.4364578127861023,-0.7504562735557556,-0.00025470557739026845,-0.22921885550022125,-0.6499767303466797,-6.407430191757157e-05,-0.2857385575771332,-0.7630161643028259,-0.000178466594661586,-0.22921885550022125,-0.511817455291748,-0.00015443141455762088,-0.1883990615606308,-0.40819796919822693,-0.00010407675290480256,-0.03767981007695198,-0.6750966310501099,-9.071143722394481e-05,-0.07535962015390396,-0.7881360650062561,-0.0001999391824938357,-0.06279968470335007,-0.5840370655059814,-0.00011122270370833576,-0.031399842351675034,-0.4709976315498352,-2.2716805688105524e-05,0.18525907397270203,-0.6562567353248596,-0.00013072868750896305,0.14757926762104034,-0.8101159334182739,-0.00019625922141131014,0.11303943395614624,-0.6531167030334473,-0.00013345917977858335,0.09733951091766357,-0.5337973237037659,-6.598598702112213e-05,-0.9820104267645291,-0.9467200434477108,0.8581855979653916,-0.9922461981537606,0.9707803908308863,-0.9881720588278086,-0.9648312160235851,0.966315280768754,-0.9781377769432148,-0.8701409636065296,0.8975032667922787,-0.9963280092225018,-0.9414457597534727,-0.844590752707406,-0.969300806417028,0.7132466458235133,0.8681474907196158,0.4495773698817743,0.47204313913720003,0.5425998356989421,0.30433242226387613,0.40870003136342953,0.13936719130379205,0.08343150775111753,0.1991701028611248,0.0,0.0,0.0,0.0,1.0
2,0.0,0.0,0.0,-0.18476152420043945,-0.06576257199048996,-0.00011730356345651671,-0.3444706201553345,-0.1753668636083603,-0.0002199778100475669,-0.4352855980396271,-0.3288128674030304,-0.00032046306296251714,-0.4384171664714813,-0.5073112845420837,-0.00040166423423215747,-0.42275941371917725,-0.5981262922286987,-8.704158972250298e-05,-0.4947850704193115,-0.7891508936882019,-0.00022405915660783648,-0.5135743618011475,-0.8580450415611267,-0.0002854223712347448,-0.4478118121623993,-0.760966956615448,-0.00030262331711128354,-0.21920858323574066,-0.6325733065605164,-8.161840378306806e-05,-0.2787080407142639,-0.7453091740608215,-0.00021236769680399448,-0.2160770297050476,-0.47912731766700745,-0.00019130280998069793,-0.16910375654697418,-0.3757861256599426,-0.00013983748794998974,-0.021920857951045036,-0.6482310891151428,-0.000103290360129904,-0.05949947237968445,-0.7547038197517395,-0.0002217550209024921,-0.04384171590209007,-0.5480214357376099,-0.00012344217975623906,-0.01878930628299713,-0.45094335079193115,-2.673115704965312e-05,0.20041927695274353,-0.6200471520423889,-0.000140628035296686,0.16597221791744232,-0.760966956615448,-0.00021027709590271115,0.13778825104236603,-0.6012578010559082,-0.00014133326476439834,0.1189989447593689,-0.4947850704193115,-6.879835564177483e-05,-0.9677353965908783,-0.9955556975805888,0.9463144409439121,-0.9884640187910597,0.9677809324891257,-0.9809434534146233,-0.953699613367173,0.9654372801142798,-0.9843865871694174,-0.8512805305436538,0.9153519893459542,-0.9999999994407159,-0.9665171519405745,-0.9068927469729431,-0.8693783787142828,0.6705031544873079,0.8829531154193725,0.4120817112367333,0.451334617248914,0.5088939282617904,0.3458051521126502,0.44081661732842603,0.14565995423852696,0.08859131589942644,0.21175208031021928,0.0,0.0,0.0,0.0,1.0
2,0.0,0.0,0.0,-0.16699540615081787,-0.03445936739444733,-0.00011293131683487445,-0.33399081230163574,-0.14313891530036926,-0.00019240025721956044,-0.42146459221839905,-0.2624213397502899,-0.0002689758548513055,-0.4797804355621338,-0.39495739340782166,-0.0003401923750061542,-0.34459370374679565,-0.477129727602005,-9.070736996363848e-05,-0.41086170077323914,-0.6441251039505005,-0.00018969782104250044,-0.46122539043426514,-0.7713597416877747,-0.00024035386741161346,-0.4797804355621338,-0.8773885369300842,-0.0002692728885449469,-0.18555045127868652,-0.5195412635803223,-8.723806240595877e-05,-0.24121558666229248,-0.6335222721099854,-0.00020073394989594817,-0.19615332782268524,-0.4002588391304016,-0.00019259352120570838,-0.1510910838842392,-0.33134007453918457,-0.00015519591397605836,-0.013253603130578995,-0.5327948331832886,-0.0001042631411110051,-0.04771297425031662,-0.6361729502677917,-0.00022338537382893264,-0.02915792725980282,-0.4294167459011078,-0.0001622715499252081,-0.007952162064611912,-0.35784730315208435,-8.79175349837169e-05,0.16169396042823792,-0.5062876343727112,-0.00013322332233656198,0.14313891530036926,-0.6414744257926941,-0.00020752065756823868,0.11663170903921127,-0.49568477272987366,-0.0001617321977391839,0.10337810963392258,-0.41086170077323914,-0.00010798635776154697,-0.9694743460973957,-0.9999996508424,-0.9793321065303437,-0.9938145649067516,0.9654913630527476,-0.9255754485834832,-0.9562534918934343,0.9731513735695165,-0.9803530949633571,-0.9023799462364315,0.9504064897330058,-0.9996910749897286,-0.931077947261075,-0.9355036152064662,-0.9762795842244668,0.6214344032776136,1.0,0.36416314260542515,0.3579356719720179,0.423667769758438,0.4036240403089455,0.6195863490795646,0.10646536044033933,0.08430790712058425,0.1797571348336557,1.0,0.0,0.0,0.0,1.0
2,0.0,0.0,0.0,-0.15347544848918915,-0.03117469884455204,-0.00011064474529121071,-0.2997567355632782,-0.11990269273519516,-0.00019369201618246734,-0.3908827602863312,-0.21582484245300293,-0.00027444324223324656,-0.46282437443733215,-0.3309314250946045,-0.0003512694383971393,-0.3213392198085785,-0.45323216915130615,-9.657411283114925e-05,-0.39328083395957947,-0.6378822922706604,-0.00018980253662448376,-0.45083412528038025,-0.7721733450889587,-0.00023816732573322952,-0.47481465339660645,-0.8800857663154602,-0.00026656509726308286,-0.17265987396240234,-0.48200881481170654,-9.174439765047282e-05,-0.22301900386810303,-0.5971153974533081,-0.00020025931007694453,-0.18465013802051544,-0.3788925111293793,-0.00019429848180152476,-0.14388322830200195,-0.3117469847202301,-0.00016069809498731047,-0.016786376014351845,-0.48680493235588074,-0.00010556369670666754,-0.047961074858903885,-0.5923193097114563,-0.0002142669982276857,-0.03597080707550049,-0.40047499537467957,-0.00015673728194087744,-0.016786376014351845,-0.3285333812236786,-8.830669685266912e-05,0.14148516952991486,-0.45802828669548035,-0.00013131217565387487,0.12230074405670166,-0.589921236038208,-0.0001996314967982471,0.09832020848989487,-0.45083412528038025,-0.00015698189963586628,0.09112604707479477,-0.3645041882991791,-0.0001072324812412262,-0.9700841538871877,-0.9994431339225721,-0.9827104940521095,-0.9976586822585494,0.9717249567646596,-0.931743815315492,-0.9682125910817185,0.974824592683488,-0.980425708266206,-0.9030218260792294,0.9507415498796186,-0.9961661401735254,-0.9411333862288108,-0.9648809812648813,-0.9798347551904387,0.5689658553963602,1.0,0.34334908178279727,0.3289619664626672,0.37572233247616765,0.3915684565763303,0.6440901893048615,0.09504528514724452,0.07424209245270233,0.16538711429557096,1.0,0.0,0.0,0.0,1.0
2,0.0,0.0,0.0,-0.20148561894893646,-0.07632031291723251,-8.903249545255676e-05,-0.3785487413406372,-0.22590811550617218,-0.00016637842054478824,-0.4640274941921234,-0.412129670381546,-0.00024714041501283646,-0.4762387275695801,-0.6105625033378601,-0.0003122015914414078,-0.4243409335613251,-0.6044568419456482,-5.281304765958339e-05,-0.5067668557167053,-0.7998368740081787,-0.00018013280350714922,-0.5189781188964844,-0.8547874689102173,-0.00023313923156820238,-0.467080295085907,-0.7509918808937073,-0.0002413777692709118,-0.24422499537467957,-0.6410906314849854,-6.170458073029295e-05,-0.31443968415260315,-0.8028896450996399,-0.0001883281656773761,-0.25643622875213623,-0.5617175102233887,-0.0001765954220900312,-0.21064405143260956,-0.44571059942245483,-0.00012748618610203266,-0.048844996839761734,-0.6594074964523315,-9.476233390159905e-05,-0.10684843361377716,-0.7937312126159668,-0.00021674952586181462,-0.08853156119585037,-0.5769815444946289,-0.000139981260872446,-0.05800343677401543,-0.47013309597969055,-5.210516610532068e-05,0.16790467500686646,-0.6319321393966675,-0.0001388481177855283,0.10990124940872192,-0.7845727801322937,-0.00021141399338375777,0.08547874540090561,-0.6166681051254272,-0.00015067413914948702,0.08242593705654144,-0.5006612539291382,-8.154846000252292e-05,-0.9774306228934619,-0.9837447445181867,0.97014195862309,-0.9989668308793481,0.9850012770739132,-0.9902245897292583,-0.9448391859735851,0.9481842241857834,-0.9812421379968156,-0.8122209042974045,0.8739192017986904,-0.993030512874408,-0.9429559085735324,-0.9051831016850561,-0.9327369481448422,0.7743319667041467,0.884394015153569,0.49297959354031307,0.47369772182197223,0.5074009366193922,0.38059211405861665,0.4323480821028407,0.11811823387423676,0.06387898512061395,0.1924444173957017,0.0,0.0,0.0,0.0,1.0
2,0.0,0.0,0.0,-0.2207280844449997,-0.09503570199012756,-8.128782792482525e-05,-0.40773382782936096,-0.27284443378448486,-0.00014527342864312232,-0.4905068576335907,-0.4751785099506378,-0.00021922471933066845,-0.5089008212089539,-0.6836439371109009,-0.0002800341753754765,-0.41693082451820374,-0.6100679039955139,-2.832170321198646e-05,-0.5180978775024414,-0.8553212881088257,-0.0001522873353678733,-0.5334261655807495,-0.8430586457252502,-0.00021271304285619408,-0.4905068576335907,-0.7326946258544922,-0.00022744103625882417,-0.2483190894126892,-0.6407245397567749,-3.946228389395401e-05,-0.3433547914028168,-0.8185333013534546,-0.00016587374557275325,-0.30043545365333557,-0.5824768543243408,-0.00017534565995447338,-0.23605641722679138,-0.4567844867706299,-0.000142384204082191,-0.05824768915772438,-0.6529872417449951,-7.41214826120995e-05,-0.15021772682666779,-0.83079594373703,-0.00019971930305473506,-0.13795505464076996,-0.5978052020072937,-0.00015216044266708195,-0.08890436589717865,-0.4567844867706299,-8.016572246560827e-05,0.14408639073371887,-0.6345932483673096,-0.00011799931235145777,0.064379021525383,-0.8062705993652344,-0.000194727472262457,0.02145967446267605,-0.6437902450561523,-0.00015343897393904626,0.027591010555624962,-0.5058351755142212,-9.617505565984175e-05,-0.9783891727504774,0.2797199872864689,-0.29919466617393736,-0.9926744167886682,0.9520284012873184,-0.9572364337401177,-0.9255240725040759,0.9111365869122493,-0.9604579524393585,-0.7912548186639391,0.7693824450604986,-0.9545448204742378,-0.9381229563592152,-0.9121551280315708,-0.9552443894538009,0.8522611591925267,0.8817247075626323,0.5141738484730461,0.4653558398454293,0.5065871440481203,0.4306145677785482,0.4370098736993155,0.13050537067233345,0.05759867267288563,0.14348500224395877,0.0,0.0,0.0,0.0,1.0
2,0.0,0.0,0.0,-0.24025878310203552,-0.1127140000462532,-6.607997784158215e-05,-0.4271267354488373,-0.30551424622535706,-0.00011154557432746515,-0.4983145296573639,-0.5072129964828491,-0.00016958959167823195,-0.5101791620254517,-0.7059455513954163,-0.00021379442478064448,-0.3944990038871765,-0.6288254857063293,4.289984190108953e-06,-0.4894160330295563,-0.872050404548645,-0.00010667656897567213,-0.5042468309402466,-0.8008626103401184,-0.0001607031881576404,-0.4686529338359833,-0.6911147832870483,-0.0001741223968565464,-0.23432646691799164,-0.6495885848999023,-9.716040949570015e-06,-0.3292435109615326,-0.8275580406188965,-0.000126204700791277,-0.3025481104850769,-0.5872992277145386,-0.0001399990578647703,-0.23729263246059418,-0.4716190993785858,-0.00011323604121571407,-0.062289316207170486,-0.6495885848999023,-4.635124423657544e-05,-0.15720637142658234,-0.8334903717041016,-0.00016665449948050082,-0.1542402058839798,-0.5902653932571411,-0.00012748409062623978,-0.0978832095861435,-0.45382213592529297,-6.143836071714759e-05,0.12457863241434097,-0.6288254857063293,-9.050474182004109e-05,0.04152620956301689,-0.809761106967926,-0.00015965405327733606,-0.005932315718382597,-0.6495885848999023,-0.00012196451280033216,0.005932315718382597,-0.5190775990486145,-6.895152182551101e-05,-0.9823376267364776,0.8378495120499327,-0.868307460619672,-0.9896848811739946,0.928923882570797,-0.9199085887344037,-0.928341778815803,0.8941473098029378,-0.9288479705860888,-0.8104319607659599,0.7528715568273909,-0.929140289419732,-0.9350597461406602,-0.9087648144542325,-0.9611488834477169,0.8710005568787561,0.8350300996950564,0.5279511134316404,0.4642581962197419,0.51911152311771,0.4420053138833712,0.3982214911026127,0.13020046186901255,0.05957474585617755,0.11948872655442676,0.0,0.0,0.0,0.0,1.0
2,0.0,0.0,0.0,-0.24291923642158508,-0.11996012181043625,-7.062538497848436e-05,-0.4288574159145355,-0.3058983087539673,-0.0001247254986083135,-0.5008335113525391,-0.5098304748535156,-0.00019145553233101964,-0.5098304748535156,-0.7137627005577087,-0.00024502468295395374,-0.38987037539482117,-0.63578861951828,-4.994636583433021e-06,-0.4828394651412964,-0.8757088780403137,-0.00011879919475177303,-0.5158284902572632,-0.8337228298187256,-0.00017088130698539317,-0.4918364882469177,-0.7347556948661804,-0.00018226573592983186,-0.22792422771453857,-0.6567816734313965,-1.8501037629903294e-05,-0.32689133286476135,-0.827724814414978,-0.00013694429071620107,-0.29690128564834595,-0.5818066000938416,-0.00014423433458432555,-0.23092322051525116,-0.47084346413612366,-0.0001123904439737089,-0.05098304897546768,-0.6597806215286255,-5.525633605429903e-05,-0.14695113897323608,-0.8337228298187256,-0.00017821603978518397,-0.1439521461725235,-0.5878045558929443,-0.0001313865213887766,-0.08997008949518204,-0.45584845542907715,-6.0083064454374835e-05,0.13795413076877594,-0.63578861951828,-0.00010029951954493299,0.05098304897546768,-0.8157287836074829,-0.00017074884090106934,0.0029990030452609062,-0.6537826657295227,-0.00012847522157244384,0.014995015226304531,-0.5218265056610107,-7.224885484902188e-05,-0.9837736410619005,0.5099631426737183,-0.6186245898114657,-0.9818587984539089,0.9197142547758574,-0.9150826023114522,-0.9101929769528343,0.8814032987502551,-0.9300952719001693,-0.7875984601812805,0.739626540502247,-0.929140289419732,-0.9471062030786752,-0.902134231500181,-0.9567429702020206,0.877145580323729,0.8841770561264208,0.5244226361023652,0.4646422328953503,0.5220419120913597,0.44879272009604715,0.4425913973790574,0.1332421214394848,0.06386683417384369,0.12123251855294447,0.0,0.0,0.0,0.0,1.0
2,0.0,0.0,0.0,-0.2410643845796585,-0.11900646239519119,-7.775103586027399e-05,-0.4272027015686035,-0.30819621682167053,-0.0001324131153523922,-0.49433454871177673,-0.5217975974082947,-0.00019813331891782582,-0.5095917582511902,-0.7292960286140442,-0.0002485401346348226,-0.39668822288513184,-0.634701132774353,-8.774863090366125e-06,-0.4882316589355469,-0.872714102268219,-0.00012941003660671413,-0.5034888982772827,-0.8025307655334473,-0.0001825582585297525,-0.4668715298175812,-0.6957300901412964,-0.0001932632876560092,-0.23191003501415253,-0.6560612916946411,-1.917566805786919e-05,-0.32040202617645264,-0.833045244216919,-0.00014086284500081092,-0.28988754749298096,-0.5797750949859619,-0.00014659747830592096,-0.2288585901260376,-0.482128769159317,-0.00011332024587318301,-0.04882316663861275,-0.6621641516685486,-5.438669177237898e-05,-0.13731515407562256,-0.8391481637954712,-0.00018404868023935705,-0.1312122493982315,-0.5858779549598694,-0.00013558511273004115,-0.08544053882360458,-0.4577171802520752,-6.149819819256663e-05,0.14341804385185242,-0.6377525925636292,-9.814547229325399e-05,0.06408040225505829,-0.8177880048751831,-0.0001737203128868714,0.01525723934173584,-0.6499583721160889,-0.0001313201355515048,0.024411583319306374,-0.5217975974082947,-7.348696090048179e-05,-0.9817339250229535,0.8357848287835644,-0.8554597915879514,-0.9923379017578391,0.9414993655094471,-0.905306503419757,-0.9248906384350689,0.9049406037510208,-0.949570717635315,-0.8043145546507139,0.7660194225311903,-0.937853669119408,-0.9444245670859759,-0.8903161147474579,-0.9734119627141737,0.8896946494154822,0.8378600790854671,0.5336894535358679,0.4656233467793341,0.5223682822261452,0.4547849706137044,0.40148571836183217,0.12725819292045107,0.06408327962475982,0.13126334624294678,0.0,0.0,0.0,0.0,1.0
2,0.0,0.0,0.0,-0.23483425378799438,-0.11432720720767975,-8.162223821273074e-05,-0.4202297329902649,-0.3028126060962677,-0.00014374288730323315,-0.49129799008369446,-0.5160173773765564,-0.00021613042918033898,-0.5129274725914001,-0.7261322736740112,-0.000274389807600528,-0.39551031589508057,-0.6365244388580322,-2.3279710148926824e-05,-0.48511815071105957,-0.8744485974311829,-0.0001432729623047635,-0.5129274725914001,-0.8528191447257996,-0.00019236323714721948,-0.48202821612358093,-0.7539415955543518,-0.00019907763635274023,-0.22556447982788086,-0.6581538915634155,-3.307938459329307e-05,-0.3151722848415375,-0.8342795968055725,-0.00015264480316545814,-0.2873629629611969,-0.5839956998825073,-0.00014818496129009873,-0.2286544144153595,-0.4789382815361023,-0.00010642245615599677,-0.040169019252061844,-0.6643337607383728,-6.762568227713928e-05,-0.12977682054042816,-0.8404594659805298,-0.00019569206051528454,-0.12977682054042816,-0.5901755690574646,-0.00013913304428569973,-0.08342795819044113,-0.45421889424324036,-5.996446270728484e-05,0.1544962227344513,-0.6396143436431885,-0.00011145015741931275,0.07724811136722565,-0.8157400488853455,-0.00019073901057709008,0.024719394743442535,-0.648884117603302,-0.00014633763930760324,0.024719394743442535,-0.5098375082015991,-8.642327156849205e-05,-0.9808953279906907,0.296331172919516,-0.35054972879265334,-0.9901511099235087,0.9359025594348833,-0.921475175264769,-0.9170214539141572,0.8912780637082814,-0.9465101948932463,-0.7958800729015542,0.7529106919982287,-0.9538492038984177,-0.942555570525511,-0.8980924737126855,-0.9760781454118957,0.8890234507236824,0.8948626045400239,0.5307209760872209,0.46181711283297455,0.5104364631454277,0.46043490724474506,0.44696033584823464,0.13367920298280306,0.06791372695734663,0.12645605193502182,0.0,0.0,0.0,0.0,1.0
2,0.0,0.0,0.0,-0.2024940401315689,-0.08099761605262756,-7.082699448801577e-05,-0.4049880802631378,-0.2429928481578827,-0.0001349389785900712,-0.5091278553009033,-0.3905242383480072,-0.0002053057833109051,-0.555412232875824,-0.5467339158058167,-0.00026553322095423937,-0.3413470983505249,-0.6219459772109985,-4.223789073876105e-05,-0.4194519519805908,-0.8128689527511597,-0.00016128146671690047,-0.49177125096321106,-0.8707243800163269,-0.0002107232139678672,-0.5091278553009033,-0.8041906356811523,-0.0002189608640037477,-0.1677807867527008,-0.6421954035758972,-6.112844130257145e-05,-0.266135036945343,-0.7521207332611084,-0.0001835893199313432,-0.25167116522789,-0.4888784885406494,-0.00017112490604631603,-0.2082795947790146,-0.3905242383480072,-0.00012116858852095902,0.014463860541582108,-0.6248387694358826,-0.00010204110731137916,-0.08678316324949265,-0.6653375625610352,-0.00022499462647829205,-0.08967593312263489,-0.4310230314731598,-0.00016089162090793252,-0.05206989869475365,-0.36448928713798523,-8.008017903193831e-05,0.19670850038528442,-0.5669833421707153,-0.0001511058071628213,0.0838903933763504,-0.6045893430709839,-0.00021908701455686241,0.05496266856789589,-0.4339158236980438,-0.0001652541832299903,0.07810484617948532,-0.3760603666305542,-0.00010221228876616806,-0.9935507791253886,-0.8738472468644646,0.4073572202110076,-0.8895893652432955,0.7807005846000427,-0.935684412225698,-0.34980440701818044,0.35990066859342346,-0.8644219677889906,0.012194068875617364,0.15324851034365083,-0.8533583447597334,-0.9570243524771953,-0.9606696944379434,-0.9471362069255138,0.779359213202722,0.9518056122144052,0.4425941265462422,0.36818979632211507,0.38408563092631826,0.4989223611863579,0.5477692293906984,0.17956175491896167,0.12692641069647673,0.17948704763248305,1.0,0.0,0.0,0.0,1.0
2,0.0,0.0,0.0,-0.20186996459960938,-0.06823773682117462,-8.798197086434811e-05,-0.40658318996429443,-0.1876537799835205,-0.00016111985314637423,-0.5515883564949036,-0.24736179411411285,-0.00023334106663241982,-0.6596314311027527,-0.3042265772819519,-0.00029678584542125463,-0.3525616526603699,-0.6624746918678284,-8.735841402085498e-05,-0.46913444995880127,-0.8074798583984375,-0.00020823898375965655,-0.5658045411109924,-0.824539303779602,-0.00027491661603562534,-0.6368855237960815,-0.7591448426246643,-0.0003043864853680134,-0.16206462681293488,-0.7164962291717529,-0.00010260037379339337,-0.29001039266586304,-0.6340423226356506,-0.0002278089232277125,-0.28432390093803406,-0.36677783727645874,-0.00024377396039199084,-0.24167531728744507,-0.2587347626686096,-0.0002228788798674941,0.03127562999725342,-0.668161153793335,-0.00013616973592434078,-0.08814041316509247,-0.508939802646637,-0.00024926301557570696,-0.09667012840509415,-0.29569685459136963,-0.00021157681476324797,-0.06539449840784073,-0.24736179411411285,-0.0001584618876222521,0.21039968729019165,-0.5658045411109924,-0.00018057705892715603,0.10519984364509583,-0.43501555919647217,-0.00024225424567703158,0.06539449840784073,-0.27863743901252747,-0.0002063618303509429,0.08529716730117798,-0.24736179411411285,-0.00016132167365867645,-0.9823683577285036,-0.7524671670487493,-0.6070703051602515,0.3429093722971282,-0.5236982259764071,-0.9377550432952846,0.8271791800435674,-0.8233414327876911,-0.8171864735332627,0.9488026762110796,-0.9097417422597339,-0.6851536760824516,-0.9796463543937343,-0.9905662158710056,-0.9955973969828136,0.7264073113447389,0.9909208630646521,0.3540489865234218,0.25585997221316936,0.2616552800010829,0.643238925441679,0.6285120093182717,0.3234486134524217,0.2754375011496862,0.30873542848674224,1.0,0.0,0.0,0.0,1.0
2,0.0,0.0,0.0,-0.24195969104766846,-0.06367360800504684,-0.00012296761269681156,-0.45844995975494385,-0.16555136442184448,-0.00021611398551613092,-0.585797131061554,-0.22285760939121246,-0.0003032262029591948,-0.553960382938385,-0.327919065952301,-0.00036793615436181426,-0.4138784408569336,-0.7672669291496277,-0.00013751763617619872,-0.5794298052787781,-0.8150221109390259,-0.0002935267984867096,-0.5921645164489746,-0.553960382938385,-0.0003726425056811422,-0.557144045829773,-0.3820416331291199,-0.00040572124999016523,-0.18146976828575134,-0.8182058334350586,-0.0001375745632685721,-0.34065377712249756,-0.630368709564209,-0.0002821948437485844,-0.30881696939468384,-0.3342864215373993,-0.0003079246380366385,-0.2578780949115753,-0.26106178760528564,-0.0002984981401823461,0.04138784110546112,-0.7577158808708191,-0.00015920876467134804,-0.09551040828227997,-0.49665412306785583,-0.0002811693702824414,-0.0891430452466011,-0.2578780949115753,-0.00024395275977440178,-0.05093888193368912,-0.23240865767002106,-0.00019378252909518778,0.23877601325511932,-0.6431034207344055,-0.00019548906129784882,0.1273472160100937,-0.42979681491851807,-0.0002558709238655865,0.09232672303915024,-0.25151073932647705,-0.00022152958263177425,0.10187776386737823,-0.2355923354625702,-0.00017686230421531945,-0.7000880908397806,0.23001732938232247,-0.9689876313815019,0.6048065013771972,-0.6894031249260015,-0.8772531728093806,0.9096308270163381,-0.872925259089979,-0.5766830301621216,0.9920866608499475,-0.95897318046146,-0.7422455652241068,-0.983389634166358,-0.9998556546455104,-0.12826534350920274,0.6437414907625375,0.6755482710647986,0.36695293199673434,0.23792561489730718,0.25667656644052445,0.5599550682142933,0.5389436337617395,0.3885760259591191,0.3650503070636642,0.39749111755356403,0.0,0.0,0.0,0.0,1.0
2,0.0,0.0,0.0,-0.2548500895500183,-0.04247501119971275,-0.00015561353939119726,-0.4955418109893799,-0.13450421392917633,-0.000266946735791862,-0.6406647562980652,-0.21591465175151825,-0.0003630481951404363,-0.5875710248947144,-0.3539584279060364,-0.0004306454793550074,-0.4636855721473694,-0.8318023085594177,-0.00016289133054669946,-0.6229668855667114,-0.7822481393814087,-0.00034338419209234416,-0.6194272637367249,-0.5026209950447083,-0.0004354208067525178,-0.5840314030647278,-0.33626052737236023,-0.00047532623284496367,-0.20883548259735107,-0.8813565373420715,-0.00015322162653319538,-0.3751959502696991,-0.6158877015113831,-0.00031864241464063525,-0.32918134331703186,-0.2937855124473572,-0.00034347697510384023,-0.26900842785835266,-0.24069173634052277,-0.00032942896359600127,0.035395845770835876,-0.814104437828064,-0.00017005194968078285,-0.10618752986192703,-0.4884626567363739,-0.0003072241961490363,-0.09202919155359268,-0.2300729900598526,-0.0002588532224763185,-0.06017293408513069,-0.21591465175151825,-0.00019890096154995263,0.24777090549468994,-0.679600179195404,-0.00020557835523504764,0.12742504477500916,-0.39643344283103943,-0.00028113689040765166,0.10618752986192703,-0.20883548259735107,-0.00024789737653918564,0.12034586817026138,-0.20883548259735107,-0.00019949302077293396,-0.20545007665242038,-0.2849571094299559,-0.9806615687426808,0.702099851914292,-0.7637497663781135,-0.7610150712630294,0.9335238652983573,-0.8938810560018738,-0.4555267007065596,0.9986344593496815,-0.9584885779940857,0.1124877528804123,-0.9800560282885022,-0.9893565967952512,-0.14355937339198724,0.6859493254395531,0.6739169744503534,0.36096834228023206,0.22414271369290303,0.2410299220617388,0.5851506721408091,0.5910093821454928,0.4439356693927919,0.42582603085211,0.4757923341554341,0.0,0.0,0.0,0.0,1.0
2,0.0,0.0,0.0,-0.2550724446773529,-0.0323331281542778,-0.00016573866014368832,-0.5029597282409668,-0.12214736640453339,-0.0002815035404637456,-0.6610327959060669,-0.1904061883687973,-0.00038015536847524345,-0.607144296169281,-0.33410897850990295,-0.00044858595356345177,-0.48499688506126404,-0.8334761261940002,-0.00017315507284365594,-0.6394773721694946,-0.7688099145889282,-0.00035889854189008474,-0.6322922706604004,-0.4778117537498474,-0.0004504698736127466,-0.5963665843009949,-0.30536842346191406,-0.0004889515112154186,-0.2191467434167862,-0.8909572958946228,-0.00015918948338367045,-0.3844049572944641,-0.599959135055542,-0.00033087973133660853,-0.33051639795303345,-0.27303528785705566,-0.0003556298615876585,-0.26944270730018616,-0.2227393239736557,-0.0003407203475944698,0.0323331281542778,-0.8226984739303589,-0.0001729768409859389,-0.11136966198682785,-0.4706266224384308,-0.0003149185504298657,-0.0934068113565445,-0.21196161210536957,-0.0002661827311385423,-0.06107368320226669,-0.20477646589279175,-0.00020532078633550555,0.2514798641204834,-0.6897733807563782,-0.0002064154396066442,0.1293325126171112,-0.3844049572944641,-0.0002854506019502878,0.10777708888053894,-0.19399875402450562,-0.00025442850892432034,0.12214736640453339,-0.20118390023708344,-0.0002070899645332247,-0.130190005296788,-0.3632511669068612,-0.9837165802748501,0.7264438328489676,-0.7776674719024701,-0.7527900797664757,0.939973563911026,-0.8974432771018735,-0.2840370123163622,0.9995226000752736,-0.9643609607924161,0.5449854782842989,-0.9755648495432556,-0.9981990703628066,-0.04884163957396204,0.6930029860603738,0.6700023944616891,0.3495887479158097,0.2136900551340153,0.23536138610387752,0.6097131601544034,0.61597439241631,0.4633412739413278,0.44320142816921915,0.4915445023422747,0.0,0.0,0.0,0.0,1.0
2,0.0,0.0,0.0,-0.25158169865608215,-0.038977447897195816,-0.00016331762890331447,-0.4996200203895569,-0.1311059594154358,-0.0002767568512354046,-0.6590732336044312,-0.2019740492105484,-0.0003730258613359183,-0.5952919125556946,-0.3401668071746826,-0.00043843212188221514,-0.4712727665901184,-0.8362433910369873,-0.00017027190187945962,-0.6307259798049927,-0.7760055661201477,-0.00034676422365009785,-0.613008975982666,-0.48898980021476746,-0.00042892174678854644,-0.5669447183609009,-0.3295366168022156,-0.0004620166728273034,-0.20906084775924683,-0.8893944621086121,-0.00015604548389092088,-0.3720574676990509,-0.6059221625328064,-0.0003200558421667665,-0.32599321007728577,-0.29055914282798767,-0.00034041248727589846,-0.2657553255558014,-0.25158169865608215,-0.00032336937147192657,0.035434044897556305,-0.8149830102920532,-0.0001689195923972875,-0.0992153212428093,-0.4712727665901184,-0.00030656447052024305,-0.09567191451787949,-0.21614766120910645,-0.0002595924015622586,-0.06378127634525299,-0.21969106793403625,-0.0002005986898439005,0.25158169865608215,-0.6803336143493652,-0.00020083552226424217,0.1311059594154358,-0.38268765807151794,-0.0002769487618934363,0.0992153212428093,-0.19134382903575897,-0.0002479140239302069,0.11693233996629715,-0.2019740492105484,-0.00020298047456890345,-0.15140563331305906,-0.29509381920335714,-0.9759886594866076,0.7298436449655455,-0.7857577672968488,-0.6588932487975081,0.9460663129175069,-0.9259455471139291,0.09661777564476517,0.9995374764567054,-0.9760160705191357,0.6484646324588421,-0.9796816209992056,-0.9980420019706802,0.014182729105391345,0.6856282989626286,0.6557597513907386,0.3659499260565223,0.22876244484517286,0.23338107362728766,0.599446029479636,0.58088365375507,0.43490838275514393,0.42476059204092215,0.48354265602203556,0.0,0.0,0.0,0.0,1.0
2,0.0,0.0,0.0,-0.25442489981651306,-0.038870468735694885,-0.00016296698595397174,-0.5017824172973633,-0.1378134787082672,-0.0002762893564067781,-0.6643316745758057,-0.2049533873796463,-0.00037280115066096187,-0.5971917510032654,-0.3427668511867523,-0.0004386095388326794,-0.4664456248283386,-0.8339482545852661,-0.00016948806296568364,-0.628994882106781,-0.7774093747138977,-0.0003458463179413229,-0.6183938384056091,-0.4911813735961914,-0.00042706148815341294,-0.5759896636009216,-0.3286321461200714,-0.0004590435710269958,-0.21202073991298676,-0.8869534134864807,-0.00015462821465916932,-0.37456998229026794,-0.6007254123687744,-0.00031747197499498725,-0.3286321461200714,-0.2862280011177063,-0.00033707343391142786,-0.2720932960510254,-0.25089120864868164,-0.00031969923293218017,0.03533678874373436,-0.8162798285484314,-0.00016700364358257502,-0.10601036995649338,-0.4664456248283386,-0.000303528067888692,-0.09894300997257233,-0.21202073991298676,-0.00025616164202801883,-0.06360622495412827,-0.21555441617965698,-0.00019708005129359663,0.2473575323820114,-0.6784663796424866,-0.00019847256771754473,0.1236787661910057,-0.38870468735694885,-0.00027319815126247704,0.09187565743923187,-0.19435234367847443,-0.00024322146782651544,0.11307772994041443,-0.19788601994514465,-0.00019773126405198127,-0.17433985580214545,-0.2933382358637193,-0.9762968574438958,0.730922299200889,-0.7890564106774771,-0.646998143749873,0.9425135816374332,-0.9164196360926127,0.07183567754742085,0.9985523374725519,-0.9710472343894836,0.32153149429050976,-0.9739164276794061,-0.9999374719058604,0.06159949066968176,0.6885690314572706,0.6631466113379032,0.37010979660963944,0.22474318064542914,0.22791553053443553,0.5988158702822317,0.5880084287217103,0.4371227982579635,0.4278577556155981,0.48496913908091777,0.0,0.0,0.0,0.0,1.0
2,0.0,0.0,0.0,-0.2577510476112366,-0.042370036244392395,-0.00016386348579544574,-0.5013787746429443,-0.13770261406898499,-0.00027913867961615324,-0.6637971997261047,-0.20478850603103638,-0.00037822042941115797,-0.5896496772766113,-0.32483693957328796,-0.00044614769285544753,-0.46607038378715515,-0.8332773447036743,-0.00016793940449133515,-0.6426122188568115,-0.7661914825439453,-0.00034824860631488264,-0.6320196986198425,-0.48019373416900635,-0.00042810768354684114,-0.5931804776191711,-0.32483693957328796,-0.0004571958852466196,-0.21185018122196198,-0.8827090859413147,-0.00015311193419620395,-0.39192283153533936,-0.5931804776191711,-0.00031751589267514646,-0.34249112010002136,-0.2789360582828522,-0.00033099271240644157,-0.2824668884277344,-0.2577510476112366,-0.0003081122413277626,0.031777527183294296,-0.8120923638343811,-0.00016669135948177427,-0.11651759594678879,-0.45900872349739075,-0.00030494097154587507,-0.10592509061098099,-0.20125766098499298,-0.000251196906901896,-0.06708589196205139,-0.21538101136684418,-0.0001864023070083931,0.24715854227542877,-0.6779205799102783,-0.0001999970991164446,0.11651759594678879,-0.38839200139045715,-0.00027240737108513713,0.08120923489332199,-0.18713432550430298,-0.00023749830143060535,0.10239425301551819,-0.19066515564918518,-0.0001881206699181348,-0.1462981799273697,-0.3203765772997697,-0.978454468996825,0.7024594042946739,-0.7567764273373511,-0.47531093629678045,0.9364178848150737,-0.9053041904160656,0.3028651070455257,0.9972437973478679,-0.9688637937664717,0.33237303418388814,-0.9780181044138935,-0.9998249537163988,0.1608917197972435,0.6732057392036503,0.6763004469253396,0.38239148965882414,0.22558707910902848,0.21642047359194597,0.600029621181828,0.6030326853416957,0.4337144164643343,0.42600854520990794,0.4859785350412978,0.0,0.0,0.0,0.0,1.0
2,0.0,0.0,0.0,-0.26449328660964966,-0.03574233502149582,-0.0001513446040917188,-0.5182638168334961,-0.11080123484134674,-0.00026741495821624994,-0.6934012770652771,-0.16441473364830017,-0.00037227701977826655,-0.6254908442497253,-0.2752159833908081,-0.0004495460307225585,-0.48609575629234314,-0.8184994459152222,-0.0001559866504976526,-0.6648074388504028,-0.7470147609710693,-0.0003448464849498123,-0.6755301356315613,-0.5003926753997803,-0.0004348792717792094,-0.6540847420692444,-0.34312641620635986,-0.00046870752703398466,-0.2358994036912918,-0.8756871819496155,-0.00015049218200147152,-0.40746259689331055,-0.568303108215332,-0.0003146644157823175,-0.357423335313797,-0.2573448121547699,-0.0003313925990369171,-0.296661376953125,-0.2394736409187317,-0.0003099165915045887,0.014296934008598328,-0.8077767491340637,-0.00017342731007374823,-0.12867240607738495,-0.42890802025794983,-0.0003095847787335515,-0.12152393907308578,-0.1787116676568985,-0.0002575536200311035,-0.08578160405158997,-0.19300860166549683,-0.00019349955255165696,0.23232516646385193,-0.6755301356315613,-0.00021581219334620982,0.10365276783704758,-0.36099758744239807,-0.00028591425507329404,0.08220736682415009,-0.17513743042945862,-0.0002499706170056015,0.11080123484134674,-0.18943436443805695,-0.000199139176402241,-0.15478105828376568,-0.41137073229956145,-0.9840259832471062,0.7163689319373236,-0.7846761835925697,-0.4310022051523915,0.9417029082435672,-0.9251367780718508,0.3447212674734983,0.9983715515584535,-0.9628471500818712,0.5467879031477317,-0.988279592172559,-0.9999549573811928,0.2501048089432324,0.6833614024677569,0.7386221836332222,0.3812554265781253,0.21121278294560114,0.21945919104172848,0.6412060528979563,0.6308518146040943,0.4443794557932948,0.4425876215117192,0.491282188607131,0.0,0.0,0.0,0.0,1.0
2,0.0,0.0,0.0,-0.24474747478961945,-0.059533171355724335,-0.0001116943167289719,-0.45642098784446716,-0.13229593634605408,-0.00021449968335218728,-0.6250982880592346,-0.14552552998065948,-0.0003164521767757833,-0.7573942542076111,-0.12237373739480972,-0.0004010725242551416,-0.433269202709198,-0.7408572435379028,-0.0001347854849882424,-0.6250982880592346,-0.7805460095405579,-0.000300457701086998,-0.7044758796691895,-0.611868679523468,-0.0003781455452553928,-0.7408572435379028,-0.44319137930870056,-0.0004066656983923167,-0.20505869388580322,-0.7970830202102661,-0.00015053866081871092,-0.4134247899055481,-0.5291837453842163,-0.00029447334236465394,-0.35389164090156555,-0.23151788115501404,-0.00029828204424120486,-0.2745140790939331,-0.19513650238513947,-0.0002706995001062751,0.01984439045190811,-0.7309350371360779,-0.0001905384851852432,-0.1587551236152649,-0.38365820050239563,-0.0003081733302678913,-0.13229593634605408,-0.1521403193473816,-0.000251092977123335,-0.0826849564909935,-0.15544772148132324,-0.00018868132610805333,0.22490309178829193,-0.6019465327262878,-0.00024703252711333334,0.07276276499032974,-0.32081764936447144,-0.0003066418576054275,0.05291837453842163,-0.1521403193473816,-0.00026477003120817244,0.0826849564909935,-0.16206252574920654,-0.0002138764102710411,-0.6692521277166791,-0.23364509434322187,-0.9742534800287002,0.6114974893565254,-0.6536197998571697,-0.5868458536190395,0.9013722251074221,-0.8316059936817989,-0.047206556950928416,0.9904270875158555,-0.9290591601232189,0.42490618483249576,-0.9957260943147529,-0.9682096709317569,-0.968536039185528,0.7672167558164358,0.8633007266728135,0.3368030584956727,0.17607052899903458,0.18193710361408572,0.8153030259445257,0.6749703380827727,0.42661341399961744,0.4187354813052959,0.44258129081194675,0.0,0.0,0.0,0.0,1.0
2,0.0,0.0,0.0,-0.2615915834903717,-0.09139946103096008,-7.209862087620422e-05,-0.47905924916267395,-0.20170916616916656,-0.0001546333805890754,-0.6429479718208313,-0.24583303928375244,-0.00024165491049643606,-0.7564093470573425,-0.267894983291626,-0.0003161776112392545,-0.3340807855129242,-0.7374991178512573,-0.00011574017844395712,-0.5547001957893372,-0.8320502638816833,-0.000259427004493773,-0.6807684302330017,-0.6807684302330017,-0.00033322093077003956,-0.7406508326530457,-0.5105763077735901,-0.00036515211104415357,-0.13552334904670715,-0.7564093470573425,-0.00014340007328428328,-0.40341833233833313,-0.5515484809875488,-0.0002707468520384282,-0.3813563883304596,-0.28365349769592285,-0.0002804125542752445,-0.2994120419025421,-0.21116428077220917,-0.000263788242591545,0.04412388056516647,-0.6650099158287048,-0.00018789677415043116,-0.22061939537525177,-0.3845081031322479,-0.00028738562832586467,-0.19225405156612396,-0.18910233676433563,-0.000239048691582866,-0.11976481229066849,-0.1764955222606659,-0.00018915964756160975,0.19855745136737823,-0.5200314521789551,-0.00024405945441685617,-0.01260682288557291,-0.31201887130737305,-0.00029991619521752,-0.022061940282583237,-0.18910233676433563,-0.0002612393000163138,0.02521364577114582,-0.19225405156612396,-0.00021579439635388553,-0.7380870066605103,-0.28580528478043254,-0.9371538431300549,0.45783711482601,-0.5402036142603036,-0.7218124671780968,0.7710861822722526,-0.6210936359823827,-0.31109530864689244,0.9097219731195492,-0.7543420595450199,0.14284934124515936,-0.9911301154905462,-0.9787682728310027,-0.9974842609861203,0.8024480831323922,0.8995842995659287,0.36638503651565707,0.21329394983701888,0.19390047139005723,0.7598183498751071,0.6957232485421149,0.41220352970257507,0.3669126692449968,0.3507150441813962,0.0,0.0,0.0,0.0,1.0
2,0.0,0.0,0.0,-0.2661845088005066,-0.1499200165271759,-5.854217306477949e-05,-0.4497600495815277,-0.3181975781917572,-0.00012784640421159565,-0.5996800661087036,-0.40080657601356506,-0.0002010251919273287,-0.73736172914505,-0.4681175947189331,-0.00026056644855998456,-0.21417145431041718,-0.8260899186134338,-7.541258673882112e-05,-0.48953476548194885,-0.8719837665557861,-0.00021881800785195082,-0.6363951563835144,-0.7067657709121704,-0.00030306141707114875,-0.7067657709121704,-0.5568457841873169,-0.0003421537112444639,-0.04589388146996498,-0.7893747687339783,-0.00010562317766016349,-0.403866171836853,-0.666991114616394,-0.00022259556862991303,-0.3885682225227356,-0.4222237169742584,-0.00023721173056401312,-0.2937208414077759,-0.36715105175971985,-0.00022889950196258724,0.08260899037122726,-0.6639314889907837,-0.00015359568351414055,-0.2845420837402344,-0.4864751696586609,-0.00024671561550348997,-0.2661845088005066,-0.2845420837402344,-0.0002007877774303779,-0.1774563491344452,-0.26924410462379456,-0.00015592153067700565,0.17133715748786926,-0.4834155738353729,-0.00021205347729846835,-0.13768164813518524,-0.3457339107990265,-0.0002663604391273111,-0.15297961235046387,-0.21723105013370514,-0.0002305079688085243,-0.08566857874393463,-0.20805226266384125,-0.00018924988398794085,-0.40668526443647574,-0.5324511960948451,-0.958875361385333,0.2680311751952052,-0.26384302257270026,-0.5551016882688685,0.5430064418119942,-0.35186768647756766,-0.25842859689625236,0.6887465316998381,-0.512103918692387,-0.017037094911783502,-0.9738911779151328,-0.9717357709800859,-0.9988042787301591,0.8734050773843026,0.8997751057803959,0.47018284163361007,0.3224642163660545,0.2249997525659379,0.7409654354223242,0.7055549133681994,0.34631174787047975,0.3336571529359125,0.35470851613886334,0.0,0.0,0.0,0.0,1.0
2,0.0,0.0,0.0,-0.2715933620929718,-0.1671343892812729,-5.0610193284228444e-05,-0.44171229004859924,-0.3402378559112549,-0.00011769248521886766,-0.5819857716560364,-0.4267895817756653,-0.00019037441234104335,-0.7282283902168274,-0.5043876767158508,-0.0002505478623788804,-0.18802617490291595,-0.8207492232322693,-7.269214256666601e-05,-0.4685731828212738,-0.8834245800971985,-0.00020598304399754852,-0.6267539262771606,-0.7341974377632141,-0.0002813669852912426,-0.7043520212173462,-0.5819857716560364,-0.00031508723623119295,-0.03282996639609337,-0.775981068611145,-0.00010454624862177297,-0.39097508788108826,-0.6774911880493164,-0.0002149872452719137,-0.38500598073005676,-0.44171229004859924,-0.00022762265871278942,-0.2954697012901306,-0.37903690338134766,-0.00021975221170578152,0.0805826485157013,-0.6536148190498352,-0.00015216942119877785,-0.2895006239414215,-0.5043876767158508,-0.00024050271895248443,-0.27457791566848755,-0.3074078857898712,-0.00019653870549518615,-0.1850416362285614,-0.2835315465927124,-0.00015515646373387426,0.15221166610717773,-0.48349589109420776,-0.0002089681220240891,-0.15818075835704803,-0.36709871888160706,-0.00025971457944251597,-0.1790725588798523,-0.23876340687274933,-0.00022433127742260695,-0.11042807251214981,-0.22085614502429962,-0.00018538293079473078,-0.43045775677627685,-0.5602778881306254,-0.9417310568262199,0.22416260584047748,-0.24066911403560007,-0.5940120647536686,0.4846410319919296,-0.3028397744426247,-0.32991694468521743,0.6160851017154474,-0.4970065719073693,-0.09366988617486033,-0.9707553083973021,-0.971039495640302,-0.9978878663797879,0.8858462568938078,0.9136844390917147,0.48059482639822787,0.3385713642942583,0.246924740762951,0.7318441618484053,0.7076166130670101,0.34183736993745556,0.32314590713361957,0.344885578114399,0.0,0.0,0.0,0.0,1.0
2,0.0,0.0,0.0,-0.27517277002334595,-0.1697874516248703,-5.157473060535267e-05,-0.44496020674705505,-0.3395749032497406,-0.00011829371942440048,-0.5766918659210205,-0.42446863651275635,-0.0001897161710076034,-0.7201329469680786,-0.49179813265800476,-0.0002483994176145643,-0.20784325897693634,-0.8196635246276855,-7.284690218511969e-05,-0.488870769739151,-0.8723561763763428,-0.00020184098684694618,-0.638166606426239,-0.7230603694915771,-0.0002766655234154314,-0.7113508582115173,-0.5796192288398743,-0.00031233110348694026,-0.04976528510451317,-0.7757530212402344,-0.00010431661939946935,-0.406904399394989,-0.6586582064628601,-0.0002123830490745604,-0.3922675549983978,-0.4332507252693176,-0.00022816911223344505,-0.30151909589767456,-0.38348543643951416,-0.00022493749565910548,0.06440213322639465,-0.6528034806251526,-0.00015088051441125572,-0.30151909589767456,-0.488870769739151,-0.00023524613061454147,-0.28102749586105347,-0.3044464588165283,-0.00019197766960132867,-0.1961337774991989,-0.2927369773387909,-0.00015329825691878796,0.13758638501167297,-0.4830160140991211,-0.00020700540335383266,-0.17271481454372406,-0.3600664734840393,-0.0002548210904933512,-0.17856955528259277,-0.24297168850898743,-0.0002192245883634314,-0.1083126813173294,-0.2371169626712799,-0.00018155363795813173,-0.4202175881607278,-0.5646840191185317,-0.9512227657923088,0.25007845543501495,-0.2493223500798496,-0.5366382571722705,0.496468656269806,-0.3055654160800497,-0.2451975509193649,0.608959353777032,-0.4143308077538031,-0.03317690372326038,-0.9730801798754518,-0.9774142137766717,-0.9910887460451532,0.8720418315143582,0.917593932139837,0.487826731653419,0.35236831704644395,0.26068394393758043,0.7110967041539384,0.7010217206766756,0.332897484166492,0.3138408364158802,0.3240481045262562,0.0,0.0,0.0,0.0,1.0
2,0.0,0.0,0.0,-0.2765842378139496,-0.17065836489200592,-4.899050327367149e-05,-0.44430020451545715,-0.34131672978401184,-0.00011335907765896991,-0.5796499252319336,-0.4266459047794342,-0.00018356645887251943,-0.7208844423294067,-0.49137839674949646,-0.00024112524988595396,-0.21479414403438568,-0.8179831504821777,-6.718742952216417e-05,-0.49137839674949646,-0.8709461092948914,-0.00019565109687391669,-0.6384976506233215,-0.7238268256187439,-0.0002683110651560128,-0.7091149091720581,-0.5825923085212708,-0.00030186292133294046,-0.05590532347559929,-0.7767897844314575,-9.97071256279014e-05,-0.40899157524108887,-0.6590943336486816,-0.00020951377518940717,-0.39722204208374023,-0.4266459047794342,-0.0002247755619464442,-0.30600810050964355,-0.37368297576904297,-0.0002195043198298663,0.0617900975048542,-0.6561519503593445,-0.00014750454283785075,-0.2971809506416321,-0.49137839674949646,-0.00023506631259806454,-0.27952662110328674,-0.3030657172203064,-0.00019322875596117228,-0.19419744610786438,-0.2883537709712982,-0.00015352998161688447,0.1382921189069748,-0.4884359836578369,-0.0002044757129624486,-0.16183120012283325,-0.3648557960987091,-0.0002537502150516957,-0.17360074818134308,-0.24421799182891846,-0.00021934759570285678,-0.10592588037252426,-0.23833322525024414,-0.0001815902505768463,-0.43135256251805776,-0.5615014734034737,-0.9486833105783556,0.24731159679700457,-0.26785003882842573,-0.5452238273822799,0.5005379471318239,-0.3305155727819072,-0.26114876287937633,0.6182529797310453,-0.4687367999369923,0.010514506610602811,-0.9710394925997413,-0.9733013807060209,-0.9912035620368593,0.8724260187767442,0.917746101078773,0.48299063569283895,0.34765008294316135,0.2608122880513538,0.7090153298932469,0.6958582385807013,0.33990966405909484,0.3158741510605357,0.32286543704500015,0.0,0.0,0.0,0.0,1.0
2,0.0,0.0,0.0,-0.27760154008865356,-0.16833284497261047,-4.732168235932477e-05,-0.4518407881259918,-0.33961889147758484,-0.00011043027916457504,-0.5876883864402771,-0.42230871319770813,-0.0001798887678887695,-0.7323955297470093,-0.4872792959213257,-0.00023702657199464738,-0.22149059176445007,-0.8180385828018188,-6.323410343611613e-05,-0.49613893032073975,-0.8682430982589722,-0.00019011646509170532,-0.6408461332321167,-0.7176294922828674,-0.00026398967020213604,-0.7117230892181396,-0.5729223489761353,-0.00029877611086703837,-0.06497057527303696,-0.7826001048088074,-9.591010893927887e-05,-0.41049590706825256,-0.6615185737609863,-0.00020559281983878464,-0.39572983980178833,-0.4311683475971222,-0.0002229158126283437,-0.31008681654930115,-0.3721041977405548,-0.0002186283381888643,0.0531577430665493,-0.6644717454910278,-0.00014365692913997918,-0.2923675775527954,-0.5020453333854675,-0.00023024955589789897,-0.2746483385562897,-0.31008681654930115,-0.00018992011609952897,-0.19786491990089417,-0.2894143760204315,-0.00015123348566703498,0.1358475685119629,-0.5020453333854675,-0.0002005939168157056,-0.15061360597610474,-0.3721041977405548,-0.0002484580909367651,-0.16833284497261047,-0.24806946516036987,-0.00021464406745508313,-0.1092686876654625,-0.2392098307609558,-0.0001776917779352516,-0.43065451371891367,-0.5518669516681877,-0.952348839502025,0.251496838709288,-0.2696605549521561,-0.6192320618600411,0.49623852388339385,-0.3404392223984686,-0.3476294060328169,0.6366223228933131,-0.537734296459116,-0.006993001093229801,-0.9732655115117936,-0.9736521109880455,-0.9922246127909544,0.8796842677602764,0.9136683288374601,0.4843711513914676,0.35058697349458096,0.262984836240172,0.7159670687762708,0.6925063792552288,0.34252788302095644,0.3186252893117182,0.3267951205738495,0.0,0.0,0.0,0.0,1.0
2,0.0,0.0,0.0,-0.2617207169532776,-0.14740592241287231,-5.439683809527196e-05,-0.4512426257133484,-0.3038367033004761,-0.00011839691433124244,-0.5896236896514893,-0.3790438175201416,-0.0001885890815174207,-0.712963342666626,-0.44221776723861694,-0.00024818425299599767,-0.237654447555542,-0.797195315361023,-6.414965901058167e-05,-0.4993751645088196,-0.866385817527771,-0.0001883196528069675,-0.6197065114974976,-0.7159716486930847,-0.00026101263938471675,-0.6648308038711548,-0.5745822787284851,-0.0002932492352556437,-0.06919053941965103,-0.7821539044380188,-9.131913975579664e-05,-0.36400237679481506,-0.6678391098976135,-0.00019881417392753065,-0.3850603699684143,-0.4211597740650177,-0.00021771299361716956,-0.3188781142234802,-0.3489609658718109,-0.00021251213911455125,0.07520710676908493,-0.6858887672424316,-0.00013407215010374784,-0.21057988703250885,-0.5354745984077454,-0.0002268731768708676,-0.2316378802061081,-0.32790297269821167,-0.00019355131371412426,-0.1714721918106079,-0.28277871012687683,-0.00015401997370645404,0.1955384761095047,-0.5414911508560181,-0.00018564701895229518,-0.030082842335104942,-0.4452260434627533,-0.00023511514882557094,-0.09626509249210358,-0.297820121049881,-0.00019992078887298703,-0.07821539044380188,-0.2436710149049759,-0.00015848375915084034,-0.52113460222286,-0.40436652337436707,-0.9338341982413648,0.27796420596568605,-0.4395210767060363,-0.6770080139819014,0.5594239236961177,-0.5526838140158793,-0.5161910578993034,0.6815071553115174,-0.7347420471434032,-0.7359309382130494,-0.9843585729688434,-0.9815836852254719,-0.9997006600659343,0.8389716016065236,0.8787177115300789,0.472712453642789,0.3307061186928212,0.2559164773330268,0.7157271072769851,0.6577440549481904,0.3771447611899027,0.323385911594196,0.3255113706678339,0.0,0.0,0.0,0.0,1.0
2,0.0,0.0,0.0,-0.19763444364070892,-0.04940861091017723,-9.811903146328405e-05,-0.39835691452026367,-0.13896171748638153,-0.00017029362788889557,-0.5187904238700867,-0.21925070881843567,-0.00024042978475335985,-0.5898152589797974,-0.33350810408592224,-0.00030164074269123375,-0.4014449417591095,-0.6206956505775452,-5.28719938301947e-05,-0.47246983647346497,-0.7998018860816956,-0.00017375028983224183,-0.5280545353889465,-0.8492105007171631,-0.0002488636819180101,-0.565110981464386,-0.802889883518219,-0.00028440708410926163,-0.2099865972995758,-0.6670162081718445,-6.91717432346195e-05,-0.25939521193504333,-0.9294994473457336,-0.00020231767848599702,-0.25013110041618347,-0.6824564337730408,-0.00023087547742761672,-0.23469088971614838,-0.5187904238700867,-0.00020995755039621145,-0.015440190210938454,-0.6484879851341248,-0.00010703730367822573,-0.03396841883659363,-0.8677387237548828,-0.00023802548821549863,-0.05558468773961067,-0.629959762096405,-0.00020317624148447067,-0.06484880298376083,-0.49717414379119873,-0.0001433524303138256,0.18837033212184906,-0.5558468699455261,-0.00015399108815472573,0.18528228998184204,-0.7040727138519287,-0.00024877054966054857,0.12969760596752167,-0.5280545353889465,-0.0002205086639150977,0.08337702602148056,-0.4137971103191376,-0.0001764764019753784,-0.9807424820412998,-0.8930922680779841,0.05187745973264749,-0.9929355358669452,0.9889827455683512,-0.9983999000430646,-0.9981703057512001,0.9847322376566158,-0.9997794279040759,-0.9402023303629193,0.9471034295878312,-0.9968590559918096,-0.9847836151575015,-0.98586221144669,-0.9103664893096336,0.6775764215925938,0.9818262058785058,0.5694061256392733,0.5013856025500439,0.42211350236371376,0.5284996100371794,0.5662414237393684,0.14839685040468303,0.022885013895134868,0.1908578220812065,1.0,0.0,0.0,0.0,1.0
2,0.0,0.0,0.0,-0.17878833413124084,-0.039438601583242416,-7.166762225097045e-05,-0.3128795921802521,-0.13409125804901123,-0.00012166388478362933,-0.39438602328300476,-0.20770998299121857,-0.00017180590657517314,-0.48640942573547363,-0.2576655447483063,-0.00022168635041452944,-0.3260257840156555,-0.5311065316200256,-4.183954661129974e-05,-0.4285661578178406,-0.6704562306404114,-9.878139826469123e-05,-0.4890386760234833,-0.7782551050186157,-0.00015802854613866657,-0.5363650321960449,-0.8439860939979553,-0.00020054671040270478,-0.1761590987443924,-0.591579020023346,-5.987407348584384e-05,-0.21296845376491547,-0.8571323156356812,-0.00012955664715263993,-0.2261146605014801,-0.9149755835533142,-0.00018789984460454434,-0.22348542511463165,-0.8623908162117004,-0.000213708306546323,-0.026292402297258377,-0.5784328579902649,-8.759379124967381e-05,-0.03418012335896492,-0.8360983729362488,-0.00015117001021280885,-0.049955565482378006,-0.867649257183075,-0.00018107307550963014,-0.0604725256562233,-0.825581431388855,-0.0001876817550510168,0.1262035369873047,-0.49955564737319946,-0.0001223735453095287,0.14723744988441467,-0.694119393825531,-0.000171976353158243,0.14197897911071777,-0.7361872792243958,-0.00017990423657465726,0.1314620077610016,-0.7230410575866699,-0.0001748053327901289,-0.9964879062168289,-0.9924262976712565,-0.9936457293557286,-0.9885184415998822,-0.9963262984318687,0.9849824425171135,-0.9998900978660502,-0.9076920029064877,0.7592562292363172,-0.9902488587025842,-0.9731981001203203,0.6973550248293489,-0.922011670191824,-0.992816865029479,-0.9719876227498337,0.5504414055266039,1.0,0.8908780256562749,0.8277932708525035,0.734895027776806,0.4450778613929517,0.609056740814108,0.44582275127265564,0.3859642478533916,0.3534751016535777,1.0,1.0,0.0,1.0,1.0
2,0.0,0.0,0.0,-0.17676474153995514,-0.038992222398519516,-7.640104013262317e-05,-0.31193777918815613,-0.1429714858531952,-0.00013231979392003268,-0.38992223143577576,-0.23135384917259216,-0.00019250463810749352,-0.46010822057724,-0.3093383014202118,-0.000247642514295876,-0.35093000531196594,-0.5588884949684143,-3.938182635465637e-05,-0.45750874280929565,-0.6992605328559875,-0.00013188635057304054,-0.5042994022369385,-0.7954413294792175,-0.00021834034123457968,-0.5146973133087158,-0.8006402850151062,-0.00027167535154148936,-0.19496111571788788,-0.6420719027519226,-5.957415123702958e-05,-0.2261548936367035,-0.9176169633865356,-0.00016856171714607626,-0.2547491788864136,-0.9670071005821228,-0.00025848380755633116,-0.2573486566543579,-0.8708263039588928,-0.0003001578152179718,-0.04679066687822342,-0.6394724249839783,-9.16556891752407e-05,-0.049390148371458054,-0.9072190523147583,-0.0001703879242995754,-0.07798444479703903,-0.9228159189224243,-0.00020122749265283346,-0.09358133375644684,-0.839632511138916,-0.00020294744172133505,0.11177770048379898,-0.5718859434127808,-0.00013295732787810266,0.12997406721115112,-0.7668470144271851,-0.00018637663742993027,0.12997406721115112,-0.831834077835083,-0.00020063221745658666,0.12477511167526245,-0.8188366293907166,-0.00019592506578192115,-0.9960673548576204,-0.980731932920608,-0.7934264552965358,-0.9834711265138165,-0.9162938950843885,0.8515720061896236,-0.9979952110374186,-0.48735248453063384,0.3088642164214244,-0.9950084820398303,-0.9956727773385051,0.9284766375310315,-0.9053537909291176,-0.9816013784709559,-0.9999515739172053,0.55442743620668,0.9518078922281391,0.9080566710438249,0.844831472003177,0.828288812480113,0.40300823658327484,0.525730368373843,0.4204765964562867,0.3571782156029019,0.4024528084403183,1.0,0.0,0.0,1.0,1.0
2,0.0,0.0,0.0,-0.19015099108219147,-0.050039734691381454,-5.8185596572002396e-05,-0.327760249376297,-0.16763311624526978,-9.845405293162912e-05,-0.3627880811691284,-0.29773643612861633,-0.00014258570445235819,-0.3903099298477173,-0.4303417205810547,-0.0001760864834068343,-0.3452741801738739,-0.5304211974143982,-4.11909013564582e-06,-0.43784767389297485,-0.7005562782287598,-0.00010063215449918061,-0.4278397262096405,-0.6605244874954224,-0.00018206442473456264,-0.38030198216438293,-0.5429311394691467,-0.00022010742395650595,-0.20766490697860718,-0.6079827547073364,-1.8784443454933353e-05,-0.2627086043357849,-0.8406675457954407,-8.110697672236711e-05,-0.287728488445282,-0.9282370805740356,-0.0001356485008727759,-0.30023840069770813,-0.933241069316864,-0.00016529817366972566,-0.06755363941192627,-0.6129867434501648,-5.260796388029121e-05,-0.09757748246192932,-0.81064373254776,-9.878442506305873e-05,-0.12009536474943161,-0.9232330918312073,-0.00012628435797523707,-0.15262119472026825,-0.9882847666740417,-0.0001398140302626416,0.07756158709526062,-0.5604450106620789,-9.549203241476789e-05,0.08756953477859497,-0.7255761623382568,-0.00012421765131875873,0.07505960017442703,-0.8231536149978638,-0.00013119365030433983,0.04503576084971428,-0.8932092785835266,-0.00013057801697868854,-0.9969028507167274,0.9680783641148692,-0.9903271617972381,-0.9953135357412158,-0.9989416562113138,-0.6121729199101829,-0.9991602634765834,-0.9989121826134918,-0.9647638193158447,-0.9970379092470898,-0.9823722634240347,-0.9617755426706462,-0.9005326711317915,-0.824954569320354,-0.9982979444187062,0.5809783800490991,0.6628754583565196,0.980347859231482,1.0,0.894343897345243,0.283538117578717,0.28340787576072063,0.5083825489478645,0.5277579807329917,0.45741086824926286,0.0,1.0,1.0,1.0,1.0
2,0.0,0.0,0.0,-0.18600064516067505,-0.05314304307103157,-4.89164813188836e-05,-0.31644266843795776,-0.16667591035366058,-8.629226795164868e-05,-0.3430141806602478,-0.28745555877685547,-0.0001288624625885859,-0.36958569288253784,-0.41548195481300354,-0.00016383516776841134,-0.31885826587677,-0.5096901059150696,1.5834871192055289e-06,-0.40340399742126465,-0.6811971664428711,-8.50898795761168e-05,-0.393741637468338,-0.6256385445594788,-0.00016110623255372047,-0.3550921380519867,-0.5121057033538818,-0.00019769158097915351,-0.1884162425994873,-0.5797422528266907,-1.7011550880852155e-05,-0.24397487938404083,-0.8068079948425293,-7.249601912917569e-05,-0.27054640650749207,-0.8816913962364197,-0.00012504361802712083,-0.28987112641334534,-0.8986005187034607,-0.00015495736442971975,-0.05797422677278519,-0.5845734477043152,-5.3016708989162e-05,-0.08454574644565582,-0.7898988723754883,-9.534594573779032e-05,-0.11594845354557037,-0.9058473110198975,-0.00012773262278642505,-0.1545979380607605,-0.9879774451255798,-0.0001469651033403352,0.0797145664691925,-0.5410928130149841,-9.65649014688097e-05,0.08454574644565582,-0.7174310684204102,-0.0001245066523551941,0.0628054141998291,-0.8237171769142151,-0.00013389645027928054,0.026571521535515785,-0.9179252982139587,-0.00013711438805330545,-0.9949009367555177,0.9594327979649501,-0.9878671458682129,-0.9972435389588574,-0.994902403714176,-0.8722620822541431,-0.999554712576766,-0.9907943131535972,-0.9846647186656121,-0.9929422798166041,-0.9738592812924148,-0.9863507489105126,-0.9056432353029309,-0.8032622960247064,-0.9999290796652692,0.5560745141980952,0.6231714976557662,0.944197136791201,1.0,0.9183097927048625,0.2738668799575384,0.26707545778904845,0.4946836758765075,0.5479819317076048,0.4907459897384484,0.0,1.0,1.0,1.0,1.0
2,0.0,0.0,0.0,-0.18827347457408905,-0.053102776408195496,-5.236911601969041e-05,-0.3210304081439972,-0.16654962301254272,-9.13702097022906e-05,-0.34999558329582214,-0.2872377336025238,-0.0001351567916572094,-0.37171944975852966,-0.4127534031867981,-0.00017094434588216245,-0.3210304081439972,-0.5044763684272766,-2.3296367999137146e-06,-0.40551212430000305,-0.6758534908294678,-9.303293336415663e-05,-0.3910295367240906,-0.6155094504356384,-0.0001697294064797461,-0.34758180379867554,-0.4996488392353058,-0.00020554471120703965,-0.19068723917007446,-0.5744754672050476,-1.8900344002759084e-05,-0.24861754477024078,-0.7989554405212402,-7.742027082713321e-05,-0.27516892552375793,-0.8713682889938354,-0.00013010596740059555,-0.29447904229164124,-0.893092155456543,-0.0001587616716278717,-0.05551654100418091,-0.5841305255889893,-5.32674093847163e-05,-0.0893092155456543,-0.7868865728378296,-9.888962813420221e-05,-0.12068812549114227,-0.9003334641456604,-0.00013084997772239149,-0.1593083292245865,-0.9872288703918457,-0.00014797109179198742,0.08206792920827866,-0.5406827926635742,-9.52013797359541e-05,0.07965416461229324,-0.7120599746704102,-0.00012462948507163674,0.060344062745571136,-0.8182654976844788,-0.00013351751840673387,0.026551388204097748,-0.9124022722244263,-0.0001350783568341285,-0.9940944526510944,0.975357703735819,-0.9924168848399414,-0.9976932818671638,-0.9951142356435895,-0.9304351877983367,-0.997523551123579,-0.9945239246811528,-0.9890125742434835,-0.9864644375754406,-0.9862915876579278,-0.986452217555978,-0.9080393422791035,-0.8091311946287143,-0.9979421206268546,0.5554644231521435,0.6086559994979185,0.9403890218000298,1.0,0.9127885366313957,0.2761095440708347,0.2573777469182319,0.49355393243380014,0.5500127582909371,0.48757167883345026,0.0,1.0,1.0,1.0,1.0
2,0.0,0.0,0.0,-0.18743960559368134,-0.05179252475500107,-5.8850640925811604e-05,-0.3206203877925873,-0.16524280607700348,-0.00010227575694443658,-0.3551487326622009,-0.28609204292297363,-0.00014899653615429997,-0.37241291999816895,-0.41434019804000854,-0.00018698212807066739,-0.3255529999732971,-0.5203915238380432,-1.1345240636728704e-05,-0.41680648922920227,-0.6905669569969177,-0.00010833188571268693,-0.4044749438762665,-0.6338418126106262,-0.0001890443090815097,-0.35761505365371704,-0.5129926204681396,-0.0002264712966280058,-0.18990592658519745,-0.5919145345687866,-2.6172976504312828e-05,-0.25156369805336,-0.8163488507270813,-8.913980127545074e-05,-0.2786931097507477,-0.8928044438362122,-0.00014331014244817197,-0.2984235882759094,-0.905135989189148,-0.0001724422036204487,-0.04932621121406555,-0.5968471765518188,-5.9579338994808495e-05,-0.07892194390296936,-0.7990846633911133,-0.0001084193863789551,-0.11098397523164749,-0.9100686311721802,-0.00014026867575012147,-0.14797863364219666,-0.9889905452728271,-0.00015673456073272973,0.09125349670648575,-0.5475209355354309,-0.00010116462362930179,0.09125349670648575,-0.7176963686943054,-0.00013343931641429663,0.07152301073074341,-0.826214075088501,-0.0001435572630725801,0.0419272817671299,-0.9199338555335999,-0.00014536386879626662,-0.9977686853294263,0.9615630796012231,-0.9878800340760013,-0.9991034272077157,-0.9973461183694352,-0.7830646920495583,-0.9980254000313307,-0.9907767767802921,-0.9876844732790756,-0.9863939721145655,-0.983869950372371,-0.9920693795075021,-0.9064570266871798,-0.8326456053232139,-0.9895796635897053,0.5571078714357303,0.6253398816610446,0.9530623482546833,1.0,0.9208888412539828,0.28015984504873537,0.2700419915578837,0.4974295967211797,0.5402884803693926,0.48811251518676235,0.0,1.0,1.0,1.0,1.0
2,0.0,0.0,0.0,-0.1857462227344513,-0.052711766213178635,-6.230383587535471e-05,-0.3212907612323761,-0.16566555202007294,-0.00010778709838632494,-0.3614521026611328,-0.2861495912075043,-0.00015613518189638853,-0.3840428590774536,-0.41918402910232544,-0.0001950115110957995,-0.3338411748409271,-0.5246075391769409,-1.5377121599158272e-05,-0.4292243719100952,-0.690273106098175,-0.00011653295223368332,-0.41416385769844055,-0.6350512504577637,-0.00019930543203372508,-0.3664722740650177,-0.5120571255683899,-0.00023695580603089184,-0.19327646493911743,-0.5999100804328918,-2.897744343499653e-05,-0.2535184919834137,-0.8233075737953186,-9.486000635661185e-05,-0.2811294198036194,-0.903630256652832,-0.0001489667483838275,-0.29618990421295166,-0.9136705994606018,-0.00017740910698194057,-0.052711766213178635,-0.6049302816390991,-6.188161205500364e-05,-0.08032269030809402,-0.803226888179779,-0.00011311254638712853,-0.11044369637966156,-0.9161806702613831,-0.0001431587734259665,-0.14809495210647583,-0.988973081111908,-0.00015717429050710052,0.09287311136722565,-0.5547285676002502,-0.00010344005568185821,0.09287311136722565,-0.7279243469238281,-0.0001380557514494285,0.07279244065284729,-0.8383680582046509,-0.00014853304310236126,0.04267142713069916,-0.9337512850761414,-0.00014929227472748607,-0.9990176677440162,0.9673703703418199,-0.9946320709825461,-0.9988348402570605,-0.9977092238587729,-0.7950550718463814,-0.9986775384997909,-0.9925366294564765,-0.9766031016894757,-0.9862730671697513,-0.983869950372371,-0.9920693795075021,-0.9138115535249034,-0.8502651089966429,-0.9882352061087015,0.5685105177561558,0.6296860410969576,0.9604802711209424,1.0,0.9347257885626483,0.28911381654646967,0.27468908716298995,0.49821625314650997,0.534547973069605,0.4970577292518015,0.0,1.0,1.0,1.0,1.0
2,0.0,0.0,0.0,-0.18822145462036133,-0.05341419577598572,-6.093728370615281e-05,-0.32302871346473694,-0.1704167276620865,-0.00010476684110471979,-0.3637252449989319,-0.29504984617233276,-0.00015168679237831384,-0.3866170346736908,-0.4298571050167084,-0.00018863215518649668,-0.3357463777065277,-0.5341419577598572,-1.2835414054279681e-05,-0.432400643825531,-0.7020151615142822,-0.00011255482968408614,-0.42222651839256287,-0.6460574269294739,-0.0001932190643856302,-0.3738993704319,-0.5214242935180664,-0.00022884526697453111,-0.19585205614566803,-0.6104479432106018,-2.682695776456967e-05,-0.2594403922557831,-0.8342788815498352,-9.048538777278736e-05,-0.2848757207393646,-0.9156719446182251,-0.00014204064791556448,-0.29504984617233276,-0.9182155132293701,-0.0001681947469478473,-0.04832712933421135,-0.6155350208282471,-6.0090369515819475e-05,-0.08139306306838989,-0.8190177083015442,-0.00010936753824353218,-0.1119154617190361,-0.9258460998535156,-0.00013599278463516384,-0.14498139917850494,-0.9894344210624695,-0.00014717644080519676,0.09919779747724533,-0.564664363861084,-0.0001020884228637442,0.0966542586684227,-0.7376246452331543,-0.00013621177640743554,0.07630599290132523,-0.849540114402771,-0.00014538454706780612,0.045783597975969315,-0.9411072731018066,-0.00014435210323426872,-0.9992488453247407,0.9418994554444621,-0.9819936133200166,-0.9994334952904463,-0.9996596246533878,-0.5208644076103814,-0.996578957375677,-0.9931390378621504,-0.9798235456099569,-0.9822666192466364,-0.9863938967487477,-0.9899495645384839,-0.9054767519696357,-0.8575173796881429,-0.9891549340227896,0.5781435141727381,0.6416261225082895,0.9644553498844628,1.0,0.9422203147793111,0.2925846785502016,0.2834355310817072,0.49498023227283183,0.5267453277286803,0.4968522534619041,0.0,1.0,1.0,1.0,1.0
2,0.0,0.0,0.0,-0.18601173162460327,-0.051669925451278687,-6.656485493294895e-05,-0.3255205452442169,-0.17051075398921967,-0.00011537007958395407,-0.369439959526062,-0.2945185899734497,-0.00016628483717795461,-0.3901079297065735,-0.43402737379074097,-0.0002066336019197479,-0.34102150797843933,-0.5347837209701538,-2.3093587515177205e-05,-0.43919438123703003,-0.7104614973068237,-0.0001281997247133404,-0.42627689242362976,-0.6562080383300781,-0.00021203422511462122,-0.37977394461631775,-0.5244497656822205,-0.00024917544214986265,-0.19892922043800354,-0.6122885942459106,-3.540849138516933e-05,-0.2635166347026825,-0.8396362662315369,-0.00010349567310186103,-0.28935158252716064,-0.9223081469535828,-0.0001581152027938515,-0.3022690713405609,-0.919724702835083,-0.00018665289098862559,-0.04908642917871475,-0.6200391054153442,-6.734112685080618e-05,-0.08008838444948196,-0.8241353034973145,-0.00011951038322877139,-0.11109033972024918,-0.9326421618461609,-0.00014986387395765632,-0.14467579126358032,-0.9894790649414062,-0.0001640390109969303,0.10333985090255737,-0.5657857060432434,-0.0001083250463125296,0.10592334717512131,-0.7414634227752686,-0.00014535609807353467,0.0826718807220459,-0.855137288570404,-0.00015872198855504394,0.043919436633586884,-0.9455596208572388,-0.00016099434287752956,-0.9983140671310161,0.962192340984671,-0.9944341092818185,-0.9993029476580514,-0.9996596246533878,-0.10529486632922783,-0.9974274068618372,-0.9918761209695911,-0.9675602217493399,-0.9862615596056925,-0.9766623259338156,-0.9794400805657153,-0.9070295169289838,-0.8654010844773632,-0.9813749447218242,0.5835786438016312,0.6475151311691243,0.9681219516214143,1.0,0.9465790710466999,0.29477148301974826,0.2884983561826792,0.4974120885519215,0.525055964058117,0.49931915947752004,0.0,1.0,1.0,1.0,1.0
2,0.0,0.0,0.0,-0.19925282895565033,-0.057678449898958206,-6.541537732118741e-05,-0.3486924469470978,-0.17041359841823578,-0.00011336372699588537,-0.40374913811683655,-0.2910139858722687,-0.0001626430603209883,-0.43521010875701904,-0.42996662855148315,-0.00020132276404183358,-0.3434489369392395,-0.5479452610015869,-2.6911004169960506e-05,-0.44307535886764526,-0.7419546246528625,-0.0001289641804760322,-0.44307535886764526,-0.7288458347320557,-0.00021006001043133438,-0.4063708782196045,-0.623975932598114,-0.00024652667343616486,-0.19400933384895325,-0.623975932598114,-3.84210616175551e-05,-0.25693127512931824,-0.8520680069923401,-0.00010733860108302906,-0.28314873576164246,-0.9438291788101196,-0.0001605941215530038,-0.293635755777359,-0.9280986785888672,-0.00018840585835278034,-0.04194796457886696,-0.6292194724082947,-6.86268977005966e-05,-0.06554368883371353,-0.838959276676178,-0.00012061651796102524,-0.09962641447782516,-0.9543161392211914,-0.0001461675128666684,-0.1337091326713562,-0.9910206198692322,-0.0001568761799717322,0.11797864735126495,-0.5767844915390015,-0.00010798787843668833,0.12584388256072998,-0.7576850652694702,-0.00014833634486421943,0.09962641447782516,-0.8730419874191284,-0.00016309144848491997,0.06030019745230675,-0.9543161392211914,-0.000164965313160792,-0.9963479807371021,0.8895470076845062,-0.9438422502547944,-0.9994789343977739,-0.9999583080182736,0.6476468429801712,-0.9989667524567899,-0.9846825497871483,-0.8955651295236247,-0.9874949900677127,-0.9645859494674505,-0.9743043632791448,-0.9342913120584273,-0.8793837576787027,-0.9789380110694758,0.6117835989231696,0.7446363505220973,0.9734419231441002,1.0,0.9562193419019657,0.34594556017094164,0.3473751679497106,0.4952883270380612,0.5170974865610228,0.502459888692537,0.0,1.0,1.0,1.0,1.0
2,0.0,0.0,0.0,-0.18346703052520752,-0.07134829461574554,-5.241931648924947e-05,-0.32106730341911316,-0.1911114901304245,-8.93742690095678e-05,-0.38731929659843445,-0.29303762316703796,-0.00012678949860855937,-0.4586675763130188,-0.40770453214645386,-0.0001588009763509035,-0.28284502029418945,-0.5529492497444153,-1.9439323295955546e-05,-0.3720303773880005,-0.7109347581863403,-0.00010131252929568291,-0.4306378960609436,-0.7568015456199646,-0.0001717453560559079,-0.4688602089881897,-0.7364162802696228,-0.00020917908113915473,-0.14524473249912262,-0.6141049265861511,-3.5709923395188525e-05,-0.1911114901304245,-0.8281497955322266,-9.133111598202959e-05,-0.23188194632530212,-0.9300759434700012,-0.0001371144608128816,-0.277748703956604,-0.9606537818908691,-0.00016449122631456703,-0.002548153279349208,-0.606460452079773,-6.749008753104135e-05,-0.02293337881565094,-0.8103127479553223,-0.00011902564438059926,-0.06115567684173584,-0.9249796271324158,-0.00014665620983578265,-0.11211874336004257,-0.9886834621429443,-0.00016044815129134804,0.14014843106269836,-0.5478529334068298,-0.00010611654579406604,0.1528891921043396,-0.723675549030304,-0.00015119095041882247,0.13250397145748138,-0.8357942700386047,-0.00016949600831139833,0.08918536454439163,-0.9198833107948303,-0.00017564957670401782,-0.9991555497405066,-0.9238291894988713,-0.40483046058657407,-0.9997762716628901,-0.9856839041480824,-0.8240419775372155,-0.9954464484595306,-0.9754410012684149,-0.9383431022998708,-0.9841810517243699,-0.9683681261557879,-0.9565570781902789,-0.9409703977105575,-0.9615461320073327,-0.9998044742671084,0.6136765797201121,0.873005648971512,1.0,0.9950204164093668,0.9241966392340485,0.40454441145458975,0.4927345981872247,0.5428073886802366,0.5271850192725088,0.47882423038080224,1.0,1.0,1.0,1.0,1.0
2,0.0,0.0,0.0,-0.18266700208187103,-0.07611124962568283,-5.653271364280954e-05,-0.3171302080154419,-0.20550037920475006,-9.767149458639324e-05,-0.3881673812866211,-0.30951908230781555,-0.0001390878314850852,-0.4617415964603424,-0.4262230098247528,-0.0001747982605593279,-0.2511671483516693,-0.5606862306594849,-3.066284261876717e-05,-0.34250062704086304,-0.7357420921325684,-0.00012266996782273054,-0.4033896327018738,-0.750964343547821,-0.00019737558613996953,-0.4414452612400055,-0.6900753378868103,-0.00023305315698962659,-0.11416687816381454,-0.6088899970054626,-4.476953108678572e-05,-0.15222249925136566,-0.829612672328949,-0.00010582531831460074,-0.20042629539966583,-0.9361684322357178,-0.00015106709906831384,-0.25624120235443115,-0.9666129350662231,-0.00017489970196038485,0.027907459065318108,-0.5911307334899902,-7.487591210519895e-05,0.01775929145514965,-0.7991681694984436,-0.00012899073772132397,-0.020296333357691765,-0.9158720970153809,-0.00015361911209765822,-0.0710371658205986,-0.9869092702865601,-0.00016282573051285,0.159833624958992,-0.520093560218811,-0.0001118124055210501,0.18266700208187103,-0.6951494216918945,-0.0001606542500667274,0.16490770876407623,-0.8067792654037476,-0.0001764228945830837,0.12177800387144089,-0.8930386900901794,-0.00017768227553460747,-0.9982167919073748,-0.6637834030935826,-0.30850503691785786,-0.9998931807284396,-0.9678907225649508,-0.7981264215580846,-0.9954034814222193,-0.9647057787086535,-0.9538364815555681,-0.9858452048936435,-0.9589638337039085,-0.9535826447125532,-0.9318279943664153,-0.9789690016786011,-0.9993273916225991,0.6283879162237348,0.8191935013080848,1.0,0.9894625432511887,0.901303516692307,0.4272730827209711,0.4685006693336781,0.5561300357778014,0.5319363138102623,0.4643330316363718,1.0,1.0,1.0,1.0,1.0
2,0.0,0.0,0.0,-0.18308308720588684,-0.0791710615158081,-5.2900304581271484e-05,-0.3067878782749176,-0.2226686179637909,-9.347852028440684e-05,-0.3636920750141144,-0.33895111083984375,-0.00013858328748028725,-0.41069990396499634,-0.47750046849250793,-0.00017604052845854312,-0.2350391000509262,-0.5665678977966309,-1.3388254956225865e-05,-0.33895111083984375,-0.737280547618866,-0.00011054083734052256,-0.3834848403930664,-0.6779022216796875,-0.000191107697901316,-0.3933812081813812,-0.5541974306106567,-0.00022839427401777357,-0.10143792629241943,-0.6160498261451721,-3.094676503678784e-05,-0.1434975564479828,-0.8486148118972778,-9.744188719196245e-05,-0.20534995198249817,-0.9401564002037048,-0.00015065028856042773,-0.27215051651000977,-0.952526867389679,-0.00017841429507825524,0.034637339413166046,-0.6012052893638611,-6.58267381368205e-05,0.019792765378952026,-0.8213998079299927,-0.0001179129903903231,-0.03216324374079704,-0.9376822710037231,-0.00014805611863266677,-0.10391201823949814,-0.9945864677429199,-0.00016068793775048107,0.16329032182693481,-0.5294564962387085,-0.00010810268577188253,0.17566078901290894,-0.7150136828422546,-0.00014818475756328553,0.13854935765266418,-0.8288220763206482,-0.0001624334545340389,0.0742228701710701,-0.9079931378364563,-0.00016365245392080396,-0.9882344128884305,0.37138987685893293,-0.8452991237291533,-0.9998763597376286,-0.9149966664246874,-0.7013749492773161,-0.9922146792769191,-0.9383803661037409,-0.8869588894828956,-0.973073278856991,-0.9280017891556912,-0.9333714831821122,-0.8999297292312697,-0.9673197677884887,-0.9918188086787099,0.629826262879466,0.6796202329506694,0.9906428624550613,1.0,0.9110217234634773,0.383277580357335,0.3769554533658854,0.547471258683364,0.5373610501316213,0.4568539918841385,0.0,1.0,1.0,1.0,1.0
2,0.0,0.0,0.0,-0.18334722518920898,-0.08311741054058075,-5.28576310898643e-05,-0.30557870864868164,-0.22490593791007996,-9.37743388931267e-05,-0.3618052005767822,-0.3398035168647766,-0.0001398516760673374,-0.40825316309928894,-0.474258154630661,-0.00017835047037806362,-0.23468445241451263,-0.5720433592796326,-1.0452469723531976e-05,-0.332469642162323,-0.7431674599647522,-0.00010897310130530968,-0.3813622295856476,-0.6796070337295532,-0.00019172762404195964,-0.3960300087928772,-0.5549309253692627,-0.0002303578658029437,-0.10022981464862823,-0.6233806014060974,-2.8095542802475393e-05,-0.13934388756752014,-0.8556203842163086,-9.587261592969298e-05,-0.20045962929725647,-0.9436270594596863,-0.00015032506780698895,-0.2689092755317688,-0.948516309261322,-0.00017870649753604084,0.0317801870405674,-0.6062681674957275,-6.343714630929753e-05,0.02689092606306076,-0.8311740756034851,-0.00011581372382352129,-0.02444629743695259,-0.9460716843605042,-0.00014623175957240164,-0.10022981464862823,-0.9949643015861511,-0.00015854020603001118,0.1589009314775467,-0.5329293012619019,-0.0001064265234163031,0.1735687106847763,-0.7236104011535645,-0.0001465415261918679,0.1344546377658844,-0.8385080099105835,-0.00016140204388648272,0.06844963133335114,-0.9167361259460449,-0.00016283267177641392,-0.9915838393982811,0.3856883342234338,-0.8584341605093445,-0.9999722907029175,-0.9046951773923367,-0.6274664926471566,-0.9972553529751913,-0.9216593056580097,-0.8377572005833487,-0.9774009996770693,-0.919145052153362,-0.9313350485460166,-0.9074109433711935,-0.9673197677884887,-0.9925085449278157,0.6257726847992122,0.6817537204171119,0.9858982436311345,1.0,0.9192880523273705,0.3794774723358382,0.37758293653236047,0.5381087467803635,0.5328431838825134,0.4602144124081669,0.0,1.0,1.0,1.0,1.0
2,0.0,0.0,0.0,-0.17846201360225677,-0.08923100680112839,-5.193996548769064e-05,-0.301456093788147,-0.22910663485527039,-9.08771762624383e-05,-0.35451236367225647,-0.34245413541793823,-0.00013493449660018086,-0.3979220390319824,-0.47991809248924255,-0.00017130724154412746,-0.22910663485527039,-0.5691490769386292,-7.027724223007681e-06,-0.32557258009910583,-0.7403761744499207,-0.00010277151159243658,-0.37139391899108887,-0.6776732802391052,-0.00018213917792309076,-0.3858638107776642,-0.5570908784866333,-0.00021880687563680112,-0.09887760132551193,-0.619793713092804,-2.372115159232635e-05,-0.1422872692346573,-0.8464887142181396,-8.768311818130314e-05,-0.20016685128211975,-0.9357197284698486,-0.00013930359273217618,-0.2628697156906128,-0.9477779865264893,-0.00016664178110659122,0.03376308083534241,-0.602912187576294,-5.8247052947990596e-05,0.02411648817360401,-0.8199605941772461,-0.00010887946700677276,-0.02411648817360401,-0.9381313920021057,-0.00013780553126707673,-0.08923100680112839,-0.996010959148407,-0.00014950653712730855,0.16158047318458557,-0.532974362373352,-0.00010042804206022993,0.17122706770896912,-0.7186713218688965,-0.00013877930177841336,0.13505232334136963,-0.834430456161499,-0.00015239353524520993,0.07476110756397247,-0.9188381433486938,-0.0001533463509986177,-0.9915148180259097,0.41383085674955183,-0.8719373864334992,-0.9995195594256203,-0.9263373948317454,-0.6928348733069458,-0.9949685001575034,-0.9417135386843497,-0.8975434041328723,-0.9707505285156953,-0.9377206714943241,-0.9500610906217236,-0.9264665527093243,-0.9600893751161156,-0.9913121667313693,0.6234287171519759,0.6776732976948839,0.9835565857595114,1.0,0.9218745917628741,0.3716948110324393,0.3709571046967463,0.5375545404800114,0.5347340934256297,0.46503723858564394,0.0,1.0,1.0,1.0,1.0
2,0.0,0.0,0.0,-0.17722225189208984,-0.08621623367071152,-4.9388185288989916e-05,-0.294572114944458,-0.2275150567293167,-8.519514085492119e-05,-0.3472598195075989,-0.34247004985809326,-0.00012567135854624212,-0.39276283979415894,-0.47658416628837585,-0.00015840851119719446,-0.2275150567293167,-0.5675901770591736,-6.92588992023957e-06,-0.32091596722602844,-0.7352328896522522,-9.62481353781186e-05,-0.3616291880607605,-0.6753605008125305,-0.00016866785881575197,-0.3759985566139221,-0.5604054927825928,-0.00020131093333475292,-0.09579581767320633,-0.6154881119728088,-2.408623549854383e-05,-0.1389039307832718,-0.8382133841514587,-8.372439333470538e-05,-0.19638141989707947,-0.9292194247245789,-0.0001317760325036943,-0.25864869356155396,-0.9459836483001709,-0.00015728558355476707,0.03592342883348465,-0.6011187434196472,-5.817728379042819e-05,0.02873874455690384,-0.8142644166946411,-0.0001071652804967016,-0.02155405841767788,-0.9316142797470093,-0.00013523489178624004,-0.08621623367071152,-0.9962764382362366,-0.00014706219371873885,0.16285288333892822,-0.5292719006538391,-9.931871318258345e-05,0.17722225189208984,-0.7136788368225098,-0.0001389474782627076,0.1389039307832718,-0.8286337852478027,-0.0001533194590592757,0.08142644166946411,-0.9148499965667725,-0.00015492089733015746,-0.9919365254225001,0.4486982968393458,-0.8902865324429766,-0.9993235553800529,-0.9315542851835207,-0.7354367838907889,-0.9956427163032949,-0.9318938564858456,-0.9284766958754949,-0.9757369429454209,-0.9212495218991726,-0.9647637561454657,-0.9110597349180131,-0.9655346560676182,-0.9947346722468796,0.6175720184309299,0.6748550239778227,0.9807059927564064,1.0,0.9184665594976332,0.3681180652420421,0.3644350585257668,0.5368466212337205,0.5370933609405051,0.464491152342401,0.0,1.0,1.0,1.0,1.0
3,0.0,0.0,0.0,-0.18718574941158295,-0.03291177749633789,-7.668149919481948e-05,-0.3538016378879547,-0.11930520087480545,-0.00013058679178357124,-0.49573367834091187,-0.170729860663414,-0.00018104841001331806,-0.6314947605133057,-0.1933567076921463,-0.00023202280863188207,-0.31266191601753235,-0.4895627200603485,-6.489486258942634e-05,-0.4319671094417572,-0.6458936929702759,-0.00013319072604645044,-0.5101325511932373,-0.7507999539375305,-0.0001958196662599221,-0.5800701379776001,-0.8145665526390076,-0.0002384746476309374,-0.17484383285045624,-0.5451013445854187,-7.688924233661965e-05,-0.205698624253273,-0.769312858581543,-0.00014848989667370915,-0.25300928950309753,-0.8701051473617554,-0.00020622409647330642,-0.30031999945640564,-0.8598202466964722,-0.0002361608057981357,-0.037025753408670425,-0.5286454558372498,-9.990668331738561e-05,-0.0452536977827549,-0.7302300930023193,-0.0001623738498892635,-0.08433643728494644,-0.8248514533042908,-0.0002026313595706597,-0.12753313779830933,-0.8351364135742188,-0.00022058656031731516,0.09873533993959427,-0.4566509425640106,-0.00013017749006394297,0.11724821478128433,-0.6109248995780945,-0.00018313966575078666,0.09873533993959427,-0.7034893035888672,-0.00020731380209326744,0.0678805410861969,-0.742572009563446,-0.00021609973919112235,-0.996515016722811,-0.9999336686686046,-0.9817839768561746,-0.984963883590202,-0.9547127304222452,-0.222910295373389,-0.9995757322492942,-0.9390615417316563,-0.5854566311756978,-0.995631213682933,-0.9502295631057804,-0.8911630895449137,-0.9540548441515546,-0.9914649706986491,-0.983400664508973,0.6604335615679046,1.0,0.9107595795682916,0.8448180683337746,0.7456681696074513,0.5855337272793357,0.6430459767300925,0.504057004782518,0.43322164541068225,0.3715610232753061,1.0,1.0,1.0,1.0,1.0
3,0.0,0.0,0.0,-0.18542960286140442,-0.04031078517436981,-7.44481585570611e-05,-0.3486882746219635,-0.12899450957775116,-0.00012820902338717133,-0.49179157614707947,-0.17535191774368286,-0.00017868886061478406,-0.6288482546806335,-0.19953837990760803,-0.00022950056882109493,-0.3083775043487549,-0.4857449531555176,-6.276472413446754e-05,-0.42527878284454346,-0.644972562789917,-0.00013013141870032996,-0.5059003233909607,-0.7457495331764221,-0.00019109131244476885,-0.5804752707481384,-0.8142778277397156,-0.00023305013019125909,-0.17333637177944183,-0.5361334085464478,-7.423484930768609e-05,-0.20961607992649078,-0.7538116574287415,-0.000140950913191773,-0.25395795702934265,-0.8525730967521667,-0.00019309113849885762,-0.3043464124202728,-0.8666818737983704,-0.00022193540644366294,-0.03829524666070938,-0.5220246911048889,-9.713033796288073e-05,-0.050388481467962265,-0.7195475101470947,-0.0001558668736834079,-0.08666818588972092,-0.8142778277397156,-0.00018959965382236987,-0.13302558660507202,-0.8424953818321228,-0.0002051389601547271,0.09674588590860367,-0.4595429599285126,-0.00012760792742483318,0.11287019401788712,-0.6207860708236694,-0.00017521309200674295,0.09271480143070221,-0.7155164480209351,-0.00019377819262444973,0.05845063924789429,-0.7638893723487854,-0.00020057630899827927,-0.9977131032652868,-0.9991413784140907,-0.9883357664418528,-0.9891339123781706,-0.967193378465535,-0.6403960835214826,-0.9999270005841511,-0.953967196476634,-0.7910577697635205,-0.9941922755264385,-0.952544297166692,-0.9184481583969205,-0.960067051792035,-0.9830576068465628,-0.990409798362136,0.6597467388343875,1.0,0.9185664452575164,0.8529328039590387,0.7661224071030044,0.58018146988218,0.645674623765599,0.515184020060914,0.44444651526010714,0.3903754064847121,1.0,1.0,1.0,1.0,1.0
3,0.0,0.0,0.0,-0.18604688346385956,-0.03600907325744629,-7.12602777639404e-05,-0.35208871960639954,-0.12403126060962677,-0.00012235894973855466,-0.49412453174591064,-0.17404386401176453,-0.0001709891075734049,-0.6321592926979065,-0.1940488964319229,-0.00021962409664411098,-0.3140791654586792,-0.48412200808525085,-5.639186565531418e-05,-0.4341093897819519,-0.6401613354682922,-0.00012090445670764893,-0.5141295790672302,-0.7421870231628418,-0.00017879689403343946,-0.5861477255821228,-0.8102042078971863,-0.00021848638425581157,-0.1780448704957962,-0.5401360988616943,-6.882935122121125e-05,-0.21805495023727417,-0.7581910490989685,-0.00013632708578370512,-0.2660670578479767,-0.8602167963981628,-0.00018803979037329555,-0.3180801570415497,-0.8662183284759521,-0.00021577645384240896,-0.0420105867087841,-0.5301336050033569,-9.297802171204239e-05,-0.05601411685347557,-0.7261829972267151,-0.00015455324319191277,-0.10002520680427551,-0.8242077231407166,-0.0001926689874380827,-0.15403881669044495,-0.8462132811546326,-0.00020985033188480884,0.09202319383621216,-0.47211897373199463,-0.00012404638982843608,0.11402873694896698,-0.6441623568534851,-0.0001751007221173495,0.08802217990159988,-0.7421870231628418,-0.00019895410514436662,0.0420105867087841,-0.7881986498832703,-0.00020900371600873768,-0.9967862830789708,-0.999955751798177,-0.9889408186775293,-0.9906375743290456,-0.96680641763539,-0.5267047164699189,-0.9999697882757581,-0.9391332305126942,-0.723515004843393,-0.9978696498459849,-0.92621591383638,-0.8647888667899875,-0.956432661727748,-0.9889352937921667,-0.9811191497714725,0.6612718134349166,1.0,0.9227725297714494,0.8601191059441189,0.7893174494475567,0.5833334096465106,0.6416200103163205,0.5149625415242892,0.4457669111069312,0.4045027582940061,1.0,1.0,1.0,1.0,1.0
3,0.0,0.0,0.0,-0.17105671763420105,-0.02036389522254467,-7.822803308954462e-05,-0.3543317914009094,-0.13643810153007507,-0.00012785170110873878,-0.5009518265724182,-0.21993006765842438,-0.00017809751443564892,-0.631280779838562,-0.2525123059749603,-0.00022533556330017745,-0.32785871624946594,-0.4805879294872284,-6.23164523858577e-05,-0.4459693133831024,-0.6373898983001709,-0.00014344914234243333,-0.5477887988090515,-0.7331002354621887,-0.0002054215146927163,-0.612953245639801,-0.7901191115379333,-0.0002442444965709001,-0.19956617057323456,-0.5538979768753052,-7.565917621832341e-05,-0.26269423961639404,-0.8227013945579529,-0.0001848538959166035,-0.33600425720214844,-0.7982646822929382,-0.00023760655312798917,-0.34822261333465576,-0.6720085144042969,-0.00024537069839425385,-0.0651644617319107,-0.5600070953369141,-0.00010046499664895236,-0.09774670004844666,-0.8206650018692017,-0.00019178594811819494,-0.1771658957004547,-0.7941918969154358,-0.00021161415497772396,-0.19956617057323456,-0.6842268705368042,-0.00019705247541423887,0.0834919735789299,-0.5152065753936768,-0.00013360567390918732,0.09978308528661728,-0.7127363085746765,-0.000196260996744968,0.03054584376513958,-0.7595732808113098,-0.0002119758864864707,-0.018327506259083748,-0.7147727012634277,-0.00020502082770690322,-0.9989006867561276,-0.9854591613808665,-0.9993645163266172,-0.9933777823538293,0.09095600822857598,-0.4061384409048231,-0.9999639052186788,0.19611603656684387,-0.49922555272826197,-0.996930504833419,-0.49033257025995713,-0.23195769936468127,-0.9021454602615526,-0.9988993817239994,-0.963055116636977,0.6799102417566246,1.0,0.75687157173376,0.7127363337928799,0.7150076961205686,0.5559091713594938,0.6299315080070975,0.35106813502813705,0.2799086943292816,0.30450281470197665,1.0,0.0,0.0,0.0,1.0
3,0.0,0.0,0.0,-0.2226695865392685,-0.09681285917758942,-5.691291516995989e-05,-0.4041936993598938,-0.24445247650146484,-9.78569223661907e-05,-0.5082675218582153,-0.37514984607696533,-0.0001521807862445712,-0.5953990817070007,-0.5131081938743591,-0.0001989025331567973,-0.37757015228271484,-0.5929787755012512,8.384816283069085e-06,-0.46228140592575073,-0.7841841578483582,-9.557274461258203e-05,-0.5348910689353943,-0.7115745544433594,-0.0001802136393962428,-0.5421520471572876,-0.6075007319450378,-0.0002239586756331846,-0.25171345472335815,-0.660747766494751,-1.716067890811246e-05,-0.34368565678596497,-0.9390847682952881,-0.0001188859241665341,-0.3969327211380005,-0.793865442276001,-0.00017601027502678335,-0.3703092038631439,-0.6413851976394653,-0.00019281060667708516,-0.11133479326963425,-0.6776900291442871,-6.092627882026136e-05,-0.1766834706068039,-0.9705489277839661,-0.0001427449460607022,-0.24445247650146484,-0.8398515582084656,-0.0001600821124156937,-0.2275102287530899,-0.6849510073661804,-0.00015056345728226006,0.050826750695705414,-0.6486461758613586,-0.00011360915959812701,0.007260964717715979,-0.890678346157074,-0.00015645472740288824,-0.08229093253612518,-0.832590639591217,-0.0001558648218633607,-0.11133479326963425,-0.7043135762214661,-0.00014439295046031475,-0.988779371917039,0.3600750182777629,-0.7546055272418292,-0.9989948041970548,0.7834584026178477,-0.8656719081618978,-0.9983922424053372,0.7661957501316721,-0.8324429413041068,-0.9673367367416197,0.38695930973055803,-0.7160210347424518,-0.9630495817252654,-0.9768696737170642,-0.9940477056454871,0.7859898925280623,0.8142395091639912,0.7406104885869002,0.7217470041614787,0.7130589450373253,0.45745004116718174,0.414418462869802,0.2640175047864651,0.1912060296496775,0.1901738217496115,0.0,0.0,0.0,0.0,1.0
3,0.0,0.0,0.0,-0.21145613491535187,-0.08263802528381348,-6.684003164991736e-05,-0.38888484239578247,-0.23576143383979797,-0.00011269174865446985,-0.49339762330055237,-0.36457952857017517,-0.00017040394595824182,-0.5979104042053223,-0.49825868010520935,-0.00022110130521468818,-0.3548574149608612,-0.5833272337913513,-6.388535894075176e-06,-0.45207861065864563,-0.768047571182251,-0.00012101769971195608,-0.5347166657447815,-0.6951316595077515,-0.00021330907475203276,-0.5420082211494446,-0.5857577919960022,-0.0002603486645966768,-0.230900377035141,-0.6538126468658447,-3.1263421988114715e-05,-0.3256910443305969,-0.945476233959198,-0.00014768686378374696,-0.39374589920043945,-0.7972139120101929,-0.00021518686844501644,-0.36944058537483215,-0.6319378614425659,-0.000234270075452514,-0.09236014634370804,-0.6683958172798157,-7.469452975783497e-05,-0.155553936958313,-0.9673510193824768,-0.0001655674714129418,-0.23576143383979797,-0.8409634828567505,-0.00019364457693882287,-0.22117824852466583,-0.6829789876937866,-0.00018785361316986382,0.07048537582159042,-0.6367989182472229,-0.00012750829046126455,0.031596891582012177,-0.8798519372940063,-0.00017454595945309848,-0.06319378316402435,-0.8361023664474487,-0.0001811662077670917,-0.09479067474603653,-0.7170063853263855,-0.00017328087415080518,-0.9980754865736178,0.236246151383871,-0.710034810179088,-0.9996810668820901,0.7353868641998486,-0.8384634679037923,-0.9974802568726203,0.7152604670615993,-0.7915037368553377,-0.9640655151074865,0.2703461020544425,-0.637877830336018,-0.942939107649829,-0.9843429684132006,-0.9998371634162244,0.7783049811034584,0.7980508138656527,0.7320053387403136,0.7178998373514817,0.7232451049679302,0.47649332820643364,0.42752635546860396,0.27695937391891545,0.20096004014884625,0.2102463522761595,0.0,0.0,0.0,0.0,1.0
3,0.0,0.0,0.0,-0.21306943893432617,-0.08232228457927704,-6.349398609017953e-05,-0.3825564980506897,-0.23728187382221222,-0.00010818958980962634,-0.48424872756004333,-0.3631865382194519,-0.00016457427409477532,-0.59320467710495,-0.4890912175178528,-0.00021394543000496924,-0.3510803282260895,-0.5883622169494629,-7.1923723226063885e-06,-0.43582385778427124,-0.7723767161369324,-0.0001221603451995179,-0.5181461572647095,-0.699739396572113,-0.0002146530750906095,-0.5302523374557495,-0.5883622169494629,-0.0002609922958072275,-0.2251756638288498,-0.6561570167541504,-3.33494899678044e-05,-0.30749794840812683,-0.9515487551689148,-0.00015008416085038334,-0.3825564980506897,-0.8135378360748291,-0.00021645709057338536,-0.3656077980995178,-0.6440508365631104,-0.00023401275393553078,-0.08474352955818176,-0.6706845164299011,-7.769935473334044e-05,-0.13558964431285858,-0.9660761952400208,-0.00016712970682419837,-0.22275441884994507,-0.8498564958572388,-0.00019535097817424685,-0.21306943893432617,-0.6924756765365601,-0.00018944912881124765,0.07747979462146759,-0.6343658566474915,-0.00013132377353031188,0.04600362852215767,-0.8813326954841614,-0.00017606915207579732,-0.05084611475467682,-0.8450140357017517,-0.00018248925334773958,-0.08716477453708649,-0.7312155961990356,-0.0001744671753840521,-0.9943423036977455,0.28729890791837953,-0.738774359507204,-0.9982724380394801,0.717973769905701,-0.8265840576916372,-0.9989978855514875,0.6866233919239436,-0.7616360773876755,-0.9693309594508083,0.22992741120770685,-0.6191826519163919,-0.9316182488246836,-0.9886617319557301,-0.9994239389298142,0.7688316014264116,0.7920465161335086,0.7405879954108093,0.7245144489531602,0.7363925671780948,0.47695547676694516,0.42092331932936106,0.2827469728728054,0.20643429535551708,0.22326442503111343,0.0,0.0,0.0,0.0,1.0
3,0.0,0.0,0.0,-0.21892690658569336,-0.07540816068649292,-6.201960786711425e-05,-0.3940684497356415,-0.22622448205947876,-0.00010536946501815692,-0.5010994076728821,-0.35028305649757385,-0.00016046683595050126,-0.6081303358078003,-0.47190913558006287,-0.0002081116836052388,-0.3551481068134308,-0.5813725590705872,-4.586124759953236e-06,-0.45001643896102905,-0.7565141320228577,-0.00011725720833055675,-0.5424522161483765,-0.6884034872055054,-0.00020713121921289712,-0.5570473670959473,-0.5838050842285156,-0.00025162840029224753,-0.23352204263210297,-0.6519156694412231,-3.054950138903223e-05,-0.3162277638912201,-0.9486832618713379,-0.0001444448862457648,-0.3989335000514984,-0.8148946166038513,-0.00020648985810112208,-0.3867708742618561,-0.6519156694412231,-0.00022007751977071166,-0.09486833214759827,-0.666510820388794,-7.442626520060003e-05,-0.15081632137298584,-0.9608458876609802,-0.00016210338799282908,-0.2456846535205841,-0.8489499092102051,-0.00018548431398812681,-0.23595456779003143,-0.6957010626792908,-0.00017518109234515578,0.06324554979801178,-0.6348880529403687,-0.00012765458086505532,0.026757733896374702,-0.8830052018165588,-0.00017113763897214085,-0.07297563552856445,-0.8513824343681335,-0.00017407657287549227,-0.11189597845077515,-0.7419189810752869,-0.0001622509298613295,-0.9986502773615794,0.13816010675508988,-0.6987627952748957,-0.9973962576561494,0.6782088558255487,-0.8091041858850463,-0.9989210987745535,0.6285783007529292,-0.7202472708348185,-0.9700642501489556,0.1603383899357334,-0.604120100275017,-0.9289638572546894,-0.989062123382695,-0.9999517835174946,0.7697537124195398,0.8069264201665276,0.7580143921699659,0.7346255013715967,0.7503096513146178,0.48533746741191336,0.43975898382256073,0.3000607907609327,0.21943666362131356,0.2352961558250785,0.0,0.0,0.0,0.0,1.0
3,0.0,0.0,0.0,-0.21693319082260132,-0.07556100189685822,-6.346959708025679e-05,-0.3924297094345093,-0.22912044823169708,-0.00010745500185294077,-0.5045524835586548,-0.35343047976493835,-0.00016315300308633596,-0.62398761510849,-0.4679906964302063,-0.00021173490677028894,-0.36805519461631775,-0.5752385854721069,-3.7285715279722353e-06,-0.45824089646339417,-0.7458601593971252,-0.00011660790187306702,-0.548426628112793,-0.6800490021705627,-0.00020734372083097696,-0.5630513429641724,-0.5874258279800415,-0.00025318164261989295,-0.2461826056241989,-0.650799572467804,-2.940236845461186e-05,-0.33880576491355896,-0.9408563375473022,-0.00014511574408970773,-0.41436678171157837,-0.801921546459198,-0.0002084525185637176,-0.39730462431907654,-0.6361748576164246,-0.00022282334975898266,-0.10724786669015884,-0.6702991724014282,-7.323079626075923e-05,-0.1706216186285019,-0.9579184651374817,-0.0001630775659577921,-0.2583698630332947,-0.8409208059310913,-0.00018777216610033065,-0.24862006306648254,-0.6897988319396973,-0.0001779499143594876,0.05362393334507942,-0.6410497426986694,-0.00012642542424146086,0.014624709263443947,-0.8847949504852295,-0.00017031461175065488,-0.08531080931425095,-0.8531080484390259,-0.00017422939708922058,-0.12187258154153824,-0.7409852743148804,-0.00016351650992874056,-0.9965614056943192,0.1436594415435483,-0.7082409692091585,-0.9986195667205775,0.6915164594774874,-0.8249421387448681,-0.9983057947789267,0.6521533241267835,-0.7597108820804509,-0.9708340049816173,0.14784648180892884,-0.5828734191937353,-0.9273017578105595,-0.993038062812466,-0.9973851911863981,0.7799845115304002,0.8136927979360212,0.7500462861406613,0.733235546655128,0.7509408415887798,0.49200244667535337,0.43685692669398535,0.2934582973588299,0.21558542688392776,0.2338007805825679,0.0,0.0,0.0,0.0,1.0
3,0.0,0.0,0.0,-0.21220535039901733,-0.07716558128595352,-6.136421870905906e-05,-0.388239324092865,-0.23149675130844116,-0.00010218087118119001,-0.49675342440605164,-0.35689082741737366,-0.00015550421085208654,-0.6173246502876282,-0.4678163230419159,-0.00020218300051055849,-0.3785936236381531,-0.5739189982414246,4.88805198983755e-06,-0.48228487372398376,-0.7330729961395264,-0.00010387196380179375,-0.5642732977867126,-0.6655531525611877,-0.00019321731815580279,-0.5739189982414246,-0.5715075731277466,-0.00023947266163304448,-0.2604338228702545,-0.6510846018791199,-2.1668238332495093e-05,-0.35930225253105164,-0.9332212209701538,-0.000134693254949525,-0.41717642545700073,-0.778890073299408,-0.0002011233300436288,-0.385827898979187,-0.6125018000602722,-0.0002190753148170188,-0.12298264354467392,-0.6727874279022217,-6.608875264646485e-05,-0.19050252437591553,-0.9573354721069336,-0.0001539830700494349,-0.2652566730976105,-0.8247071504592896,-0.0001807199150789529,-0.24114243686199188,-0.6679645776748657,-0.00017368904082104564,0.04099421575665474,-0.6462617516517639,-0.00011968431499553844,0.0024114244151860476,-0.882581353187561,-0.00016167205467354506,-0.0916341245174408,-0.8415871262550354,-0.0001669484336161986,-0.12298264354467392,-0.7258387207984924,-0.00015884511230979115,-0.9999836509863828,0.11125344073080093,-0.7111490363279389,-0.9990561600205,0.7675241071423161,-0.8551305693800183,-0.9986389319669674,0.7342522931641073,-0.7863601546713636,-0.9747527832074202,0.24665504054345655,-0.625328934470454,-0.9319551302373552,-0.9905427092384586,-0.9935450203557036,0.7745591927497723,0.8099407086017161,0.7238934495989998,0.7101594131984718,0.7361838546274909,0.47489419294000457,0.4342656874866663,0.26293426962459626,0.1863524659441862,0.21806321585022911,0.0,0.0,0.0,0.0,1.0
3,0.0,0.0,0.0,-0.20981161296367645,-0.07717209309339523,-6.243986717890948e-05,-0.38827207684516907,-0.21704649925231934,-0.00010705590830184519,-0.49197205901145935,-0.3328046500682831,-0.00016433063137810677,-0.6125534772872925,-0.44615113735198975,-0.0002148547355318442,-0.39791858196258545,-0.5643209218978882,-1.94085964722035e-06,-0.5016185641288757,-0.7283115983009338,-0.00011527937749633566,-0.5691441893577576,-0.6463162302970886,-0.00020686833886429667,-0.5570860505104065,-0.5353813767433167,-0.0002536935789976269,-0.27492555975914,-0.6439046263694763,-2.9564285796368495e-05,-0.3713906705379486,-0.9284766912460327,-0.00014302402269095182,-0.426858127117157,-0.7717208862304688,-0.000210705358767882,-0.38827207684516907,-0.6077302098274231,-0.0002311507851118222,-0.13022790849208832,-0.6656093001365662,-7.524101238232106e-05,-0.19775347411632538,-0.9525929689407349,-0.00016460809274576604,-0.270102322101593,-0.8151301741600037,-0.0001925131946336478,-0.24357441067695618,-0.6559627652168274,-0.00018716622435022146,0.03858604654669762,-0.6366697549819946,-0.00012986530782654881,-0.004823255818337202,-0.8778325319290161,-0.00017398169438820332,-0.0916418582201004,-0.8295999765396118,-0.00017899130762089044,-0.11093487590551376,-0.7114301919937134,-0.0001707256305962801,-0.998735512057287,0.31266921403072645,-0.6987161864229688,-0.9970593275604916,0.7857279510951785,-0.8412593986741074,-0.9992826181758896,0.7547202323809922,-0.796309715090682,-0.9716639604465067,0.3231020831284886,-0.6201515877750734,-0.9516242379689782,-0.984637047375863,-0.9963207797931892,0.7578077443662754,0.7726435828569826,0.7211734930251718,0.6997254020845478,0.7200274399203445,0.463048839805224,0.4055566353876794,0.25799006263328883,0.17859403600499665,0.21349378910900702,0.0,0.0,0.0,0.0,1.0
3,0.0,0.0,0.0,-0.20737046003341675,-0.06912348419427872,-5.7706954976310953e-05,-0.3813709616661072,-0.2121375948190689,-0.0001007471073535271,-0.4743301272392273,-0.32416531443595886,-0.00015718785289209336,-0.5792071223258972,-0.4385766088962555,-0.00020568454056046903,-0.4004395008087158,-0.5625221729278564,-5.606517788692145e-06,-0.5053164958953857,-0.7460569143295288,-0.00011569094203878194,-0.5625221729278564,-0.6435635089874268,-0.00020006383419968188,-0.5386864542961121,-0.5148507952690125,-0.00024108184152282774,-0.27649393677711487,-0.6364127993583679,-3.42277780873701e-05,-0.38613808155059814,-0.9224410057067871,-0.0001422027708031237,-0.43142589926719666,-0.7579747438430786,-0.00020162484725005925,-0.388521671295166,-0.5958921313285828,-0.00021749640291091055,-0.13347983360290527,-0.6554813385009766,-8.02153954282403e-05,-0.20975401997566223,-0.9510437846183777,-0.00016739995044190437,-0.26934322714805603,-0.8056461215019226,-0.00018987758085131645,-0.2383568435907364,-0.6459470391273499,-0.00018178120080847293,0.03813709691166878,-0.6268784999847412,-0.00013442820636555552,-0.0023835685569792986,-0.877153217792511,-0.00018037580593954772,-0.08104132860898972,-0.8318653702735901,-0.00018461486615706235,-0.0953427404165268,-0.7222212553024292,-0.00017560512060299516,-0.9950540625587211,0.5163460203133989,-0.7698554176844823,-0.9990409755324251,0.8052140864550905,-0.8640812960977314,-0.9986656346804487,0.8011922100936976,-0.8361307359676794,-0.9756188275263945,0.3540438745700304,-0.6068616122573154,-0.9336902537804768,-0.9819681433611257,-0.9987847092879217,0.7265193448532837,0.745153993957427,0.7113624303552912,0.6885213299479794,0.7284873454759444,0.4286507575402138,0.38468083728952013,0.25438924877368213,0.17159843403742728,0.2335663582823148,0.0,0.0,0.0,0.0,1.0
3,0.0,0.0,0.0,-0.20967325568199158,-0.06507100909948349,-6.962465704418719e-05,-0.3831959664821625,-0.19280299544334412,-0.00012173732102382928,-0.4820075035095215,-0.296434611082077,-0.0001851595879998058,-0.5808190107345581,-0.41934651136398315,-0.00023984236759133637,-0.4169364869594574,-0.5470784902572632,-2.967274485854432e-05,-0.5205680727958679,-0.7519316673278809,-0.0001489379646955058,-0.556718647480011,-0.6362498998641968,-0.00023924693232402205,-0.5181580781936646,-0.4964677095413208,-0.0002831155725289136,-0.28438442945480347,-0.6193796396255493,-5.351321306079626e-05,-0.39042606949806213,-0.9206343293190002,-0.00016592336760368198,-0.4217565655708313,-0.7519316673278809,-0.00023090078320819885,-0.3735558092594147,-0.5880491733551025,-0.00025215273490175605,-0.13496209681034088,-0.6434800028800964,-9.520482853986323e-05,-0.20967325568199158,-0.9495547413825989,-0.00018602536874823272,-0.2626940906047821,-0.8049525022506714,-0.0002171094820369035,-0.23136359453201294,-0.6410699486732483,-0.00021600844047497958,0.043380673974752426,-0.6193796396255493,-0.00014543344150297344,0.009640149772167206,-0.8748435974121094,-0.00019501511997077614,-0.06507100909948349,-0.8338729739189148,-0.0002059054240817204,-0.08194127678871155,-0.7206012010574341,-0.00020256459538359195,-0.9833262511128156,0.7170550705485024,-0.8407916596378541,-0.9957730611393766,0.8667846113037951,-0.8917159240545368,-0.9994663740936615,0.830463119250384,-0.8575327536087617,-0.9798195425799626,0.36188446495010035,-0.60475118261118,-0.9448590060354674,-0.9847873539741216,-0.9964348417625097,0.7163813634260483,0.717612786084387,0.6966676421650356,0.6815422445342243,0.7252451353362406,0.42744586848247146,0.35973402359097795,0.2380259168759183,0.1714247279937166,0.24693185046794133,0.0,0.0,0.0,0.0,1.0
3,0.0,0.0,0.0,-0.2046808898448944,-0.05848025530576706,-6.69076616759412e-05,-0.3752483129501343,-0.1949341893196106,-0.00011720757174771279,-0.45322197675704956,-0.30458465218544006,-0.00017908576410263777,-0.51413893699646,-0.441038578748703,-0.0002325161185581237,-0.4044884443283081,-0.5506890416145325,-2.7125643100589514e-05,-0.49464547634124756,-0.7529332637786865,-0.00014433568867389113,-0.5214489102363586,-0.638409435749054,-0.0002322999353054911,-0.4824621081352234,-0.49464547634124756,-0.0002745644305832684,-0.2704711854457855,-0.623789370059967,-5.338925257092342e-05,-0.3655015826225281,-0.9308107495307922,-0.00016783112369012088,-0.38743168115615845,-0.7651166915893555,-0.0002336392499273643,-0.34113481640815735,-0.6018592715263367,-0.0002540409623179585,-0.11939718574285507,-0.6481561660766602,-9.688651334727183e-05,-0.18275079131126404,-0.9551774859428406,-0.0001881885400507599,-0.22417430579662323,-0.8162868618965149,-0.00021863360598217696,-0.1949341893196106,-0.6579028964042664,-0.00021666308748535812,0.05848025530576706,-0.6286627650260925,-0.00014841667143628,0.026803450658917427,-0.8869505524635315,-0.00019528387929312885,-0.04142351448535919,-0.8357803225517273,-0.0002016079961322248,-0.053606901317834854,-0.718819797039032,-0.0001953432074515149,-0.9771521847768428,0.796539132287841,-0.8801009092144595,-0.9940701337046405,0.9082307927858815,-0.9179497000795485,-0.9997725707499145,0.880756116181689,-0.8904758652757915,-0.9770215833352636,0.49815441067857535,-0.6796559227458401,-0.9224409659481009,-0.96163048873539,-0.9804099288800209,0.6773875856913919,0.6909732067373592,0.6918147557139555,0.6861745854588636,0.7208159597008318,0.37024987170784024,0.33531551319726816,0.2237740225721327,0.17431359325797094,0.24697142384628706,0.0,0.0,0.0,0.0,1.0
3,0.0,0.0,0.0,-0.19999511539936066,-0.05431966111063957,-6.787780876038596e-05,-0.36295410990715027,-0.19258789718151093,-0.00011882507533300668,-0.4296191334724426,-0.30369627475738525,-0.00018174410797655582,-0.4839388132095337,-0.4419645071029663,-0.0002356981858611107,-0.40739744901657104,-0.5555419921875,-2.9954429919598624e-05,-0.5036914348602295,-0.7703515887260437,-0.00014684413326904178,-0.5110986232757568,-0.6518359184265137,-0.00023257800785358995,-0.45677897334098816,-0.5061604976654053,-0.00027206179220229387,-0.2691292464733124,-0.6271451711654663,-5.508768299478106e-05,-0.36542317271232605,-0.9308414459228516,-0.00016589743609074503,-0.37776854634284973,-0.7604752779006958,-0.0002276176674058661,-0.32591795921325684,-0.5950471758842468,-0.00024523655883967876,-0.1135774776339531,-0.6493668556213379,-9.779046376934275e-05,-0.18024250864982605,-0.9604703783988953,-0.00018885279132518917,-0.21234048902988434,-0.8123258352279663,-0.0002168265200452879,-0.17777343094348907,-0.6493668556213379,-0.00021223045769147575,0.06666503846645355,-0.6271451711654663,-0.00014855449262540787,0.03703613206744194,-0.8863981366157532,-0.00019917859754059464,-0.02469075471162796,-0.8370165824890137,-0.00020703022892121226,-0.03209798038005829,-0.7209700345993042,-0.0001999292435357347,-0.9777527102712441,0.8852153944174457,-0.9133615814826624,-0.9951702598922201,0.9288931815346135,-0.9301145313301944,-0.9992802821902473,0.9112602620339144,-0.912111039204177,-0.9759643733633342,0.5319899300739257,-0.6731678151422448,-0.9054291829103513,-0.947086234599738,-0.986239369926876,0.6553849325510174,0.6817958576074019,0.6784568639666578,0.6732613166212607,0.7216842217574622,0.34289772324834134,0.31241965784376047,0.20855734949323973,0.16096406895327414,0.25529809897460426,0.0,0.0,0.0,0.0,1.0
3,0.0,0.0,0.0,-0.20182377099990845,-0.05232468247413635,-6.617156759602949e-05,-0.36627277731895447,-0.18936550617218018,-0.00011675804853439331,-0.4260723888874054,-0.3089647889137268,-0.0001797698059817776,-0.4584638774394989,-0.45597222447395325,-0.00023379514459520578,-0.40613919496536255,-0.5581299066543579,-2.7181657060282305e-05,-0.49583864212036133,-0.7749035954475403,-0.0001392494305036962,-0.49085533618927,-0.6627792716026306,-0.00022144539980217814,-0.42856404185295105,-0.5182635188102722,-0.00025969938724301755,-0.2641150653362274,-0.6278961896896362,-5.319726551533677e-05,-0.35630616545677185,-0.9343693256378174,-0.00015892447845544666,-0.3637811243534088,-0.769920289516449,-0.00021996797295287251,-0.31643974781036377,-0.6104546189308167,-0.00023921554384287447,-0.10714101046323776,-0.6503210067749023,-9.632716682972386e-05,-0.17441560328006744,-0.9617774486541748,-0.00018384712166152894,-0.2043154239654541,-0.8197533488273621,-0.00021303979156073183,-0.16943229734897614,-0.6577959656715393,-0.000211639518965967,0.0722578912973404,-0.6254045367240906,-0.0001473346201237291,0.03986642509698868,-0.8845362663269043,-0.00019691482884809375,-0.01494990848004818,-0.8322116136550903,-0.00020549500186461955,-0.01993321254849434,-0.710120677947998,-0.00020049072918482125,-0.9721120072039223,0.9400816018114496,-0.9349934669487373,-0.9943908574130482,0.9435435499983672,-0.9447350930862527,-0.9987776855085138,0.9129958240126048,-0.9132356442872084,-0.9714845537555142,0.5954225754227357,-0.7194014520512163,-0.9042978712637484,-0.9161572991072331,-0.969705444115589,0.6466063681130659,0.6725059171779857,0.6875964984571272,0.6792664835998341,0.7104004169379681,0.31951415229596086,0.2887020167184278,0.2114666191472557,0.16786636830924703,0.24917411958238986,0.0,0.0,0.0,0.0,1.0
3,0.0,0.0,0.0,-0.19863735139369965,-0.04525914415717125,-7.455212471541017e-05,-0.37213075160980225,-0.18355096876621246,-0.0001277193077839911,-0.4299618601799011,-0.3117852210998535,-0.00019132868328597397,-0.44253385066986084,-0.47019222378730774,-0.00024553845287300646,-0.3972747027873993,-0.5581961274147034,-3.541513069649227e-05,-0.4852786064147949,-0.7694054245948792,-0.00015082280151546001,-0.4802497923374176,-0.6612863540649414,-0.00023386544489767402,-0.41487547755241394,-0.5179657340049744,-0.0002724991936702281,-0.25395408272743225,-0.628599226474762,-5.805226101074368e-05,-0.3469867706298828,-0.9378700256347656,-0.0001681868452578783,-0.35201555490493774,-0.771919846534729,-0.00023017855710349977,-0.30172762274742126,-0.6135128140449524,-0.000248604454100132,-0.09806147962808609,-0.6512287855148315,-9.845837485045195e-05,-0.1609213948249817,-0.9579852223396301,-0.00019129368592984974,-0.19109416007995605,-0.8171789646148682,-0.00022169173462316394,-0.15589261054992676,-0.6587719917297363,-0.00021897659462410957,0.08046069741249084,-0.628599226474762,-0.00014711760741192847,0.03771595284342766,-0.8875821232795715,-0.0001994597550947219,-0.02011517435312271,-0.8347797393798828,-0.00020812205912079662,-0.022629572078585625,-0.7090599536895752,-0.000201876086066477,-0.9750717097540413,0.9399490754274432,-0.9281180581479054,-0.9957941389258397,0.9484470591749855,-0.9435221222539315,-0.9986136367821087,0.9158351260189512,-0.9090647877016156,-0.9579914790883067,0.545009935335515,-0.688901341071104,-0.9009043826415104,-0.8896781582563357,-0.9412545293281719,0.6456911065563927,0.6636341920838701,0.683694119259361,0.6769660664613232,0.7094209543766029,0.30963326775449423,0.2821875299020093,0.2065341323930332,0.16692039172965384,0.24267877958135997,0.0,0.0,0.0,0.0,1.0
3,0.0,0.0,0.0,-0.1966664344072342,-0.04286319762468338,-7.592379552079365e-05,-0.3681192398071289,-0.18405961990356445,-0.00012957799481227994,-0.4235892593860626,-0.3126492202281952,-0.00019364744366612285,-0.4311533570289612,-0.4714951813220978,-0.00024809472961351275,-0.3908115029335022,-0.5647856593132019,-3.5329449019627646e-05,-0.47905927896499634,-0.7690162062644958,-0.0001496169570600614,-0.4664524495601654,-0.6656402349472046,-0.00023140663688536733,-0.39837560057640076,-0.5269652009010315,-0.000269329990260303,-0.24709373712539673,-0.6379052400588989,-5.7745255617192015e-05,-0.3328201174736023,-0.9429903626441956,-0.00016718945698812604,-0.3328201174736023,-0.776580274105072,-0.00022765126777812839,-0.2874355614185333,-0.6126915812492371,-0.00024484461755491793,-0.08824776113033295,-0.6605975031852722,-9.80544209596701e-05,-0.14119641482830048,-0.9656826257705688,-0.00019103045633528382,-0.16893142461776733,-0.8219648599624634,-0.00021945044863969088,-0.1386750489473343,-0.6580761671066284,-0.00021523379837162793,0.09076912701129913,-0.6353839039802551,-0.0001467958209104836,0.06051275134086609,-0.8976057767868042,-0.00019946943211834878,0.0050427294336259365,-0.8421357870101929,-0.00020657500135712326,-0.0025213647168129683,-0.7135462164878845,-0.0001989409647649154,-0.9805709697692951,0.9592335405457678,-0.9444113272274344,-0.9954310553688329,0.9627155440955167,-0.9637300309421233,-0.9992379850730753,0.935019801967716,-0.9311657932431279,-0.9672144291092895,0.6213947121964716,-0.7474093783805001,-0.8895982260496497,-0.8894682467421583,-0.9360120245881541,0.6389060841694728,0.6606023774603176,0.6767645647318122,0.6725288445328024,0.7135506497046007,0.3053850347991869,0.27266202256870636,0.19614855552846203,0.1587659375243582,0.2474459910664223,0.0,0.0,0.0,0.0,1.0
3,0.0,0.0,0.0,-0.20032896101474762,-0.04310876131057739,-8.057361264945939e-05,-0.3651565909385681,-0.18257829546928406,-0.000139388139359653,-0.4158727824687958,-0.309368759393692,-0.00020778639009222388,-0.43615925312042236,-0.46658897399902344,-0.0002675109135452658,-0.3829072415828705,-0.5654855370521545,-4.392998744151555e-05,-0.46658897399902344,-0.7734219431877136,-0.00016376365965697914,-0.45644572377204895,-0.6745253205299377,-0.0002538389526307583,-0.3955862820148468,-0.5325199961662292,-0.0002975917304866016,-0.23836609721183777,-0.639024019241333,-6.580764602404088e-05,-0.32458361983299255,-0.9458569884300232,-0.00017909446614794433,-0.3195120096206665,-0.7987800240516663,-0.0002488676691427827,-0.27893903851509094,-0.6314165592193604,-0.00027440511621534824,-0.08114590495824814,-0.6593104600906372,-0.00010555250628385693,-0.13439790904521942,-0.9636076092720032,-0.00020072080951649696,-0.15214857459068298,-0.8368171453475952,-0.00023755991423968226,-0.1217188611626625,-0.6719895601272583,-0.0002408241416560486,0.09382495284080505,-0.6339523792266846,-0.00015390751650556922,0.0659310519695282,-0.8900691866874695,-0.00021030828065704554,0.022822286933660507,-0.8469603657722473,-0.00022283622820395976,0.015214857645332813,-0.7252415418624878,-0.00022005525534041226,-0.9774846040608404,0.9609436097911775,-0.9545394747841329,-0.9965488767088218,0.9714661064547139,-0.9793921762157264,-0.9987107951996576,0.9516164972876847,-0.9487131950147883,-0.9675580639420422,0.6263910403902853,-0.7498379163529607,-0.8821920758304911,-0.8832569046965811,-0.9683700441358049,0.6387019654536188,0.6633748399835135,0.6902853915607874,0.6829242075556414,0.7254011846056673,0.3161637507075085,0.2758444327882777,0.2051970862953763,0.17243512783442574,0.2639801321858836,0.0,0.0,0.0,0.0,1.0
3,0.0,0.0,0.0,-0.20114092528820038,-0.04073740169405937,-8.143567538354546e-05,-0.36409053206443787,-0.17822612822055817,-0.0001407092495355755,-0.4124661982059479,-0.30553051829338074,-0.00020938459783792496,-0.4251966178417206,-0.46593403816223145,-0.0002691965491976589,-0.3870053291320801,-0.5626853704452515,-4.462384822545573e-05,-0.46848011016845703,-0.7714645266532898,-0.00016347222845070064,-0.45320358872413635,-0.6772593259811401,-0.0002522309368941933,-0.3870053291320801,-0.5346783995628357,-0.00029546412406489253,-0.24187833070755005,-0.6365218758583069,-6.604613736271858e-05,-0.3208070397377014,-0.9471445679664612,-0.00017848671996034682,-0.3080765902996063,-0.8020176291465759,-0.0002472108753863722,-0.2647930979728699,-0.6390680074691772,-0.0002731031854636967,-0.08147480338811874,-0.6594367027282715,-0.00010537718480918556,-0.12985046207904816,-0.9726054668426514,-0.00019919264013879,-0.1374887377023697,-0.8478471636772156,-0.00023434089962393045,-0.10438959300518036,-0.6848975419998169,-0.00023793283617123961,0.09420524537563324,-0.6339758038520813,-0.00015355466166511178,0.0738365426659584,-0.8987689018249512,-0.00021054087847005576,0.033099137246608734,-0.8529393672943115,-0.0002234761050203815,0.028006963431835175,-0.7281810641288757,-0.00022178700601216406,-0.9735723733046542,0.9777570208472787,-0.9627210622990886,-0.9934730922859112,0.9870131083749981,-0.9852214546520747,-0.999540040607288,0.9771022800141047,-0.9659910958938126,-0.9749529378384854,0.6942533649228887,-0.7738818506777572,-0.8770904135605249,-0.8743047504591124,-0.9599569748821275,0.630782679517903,0.6600410475820326,0.6917537779113534,0.6928072403123495,0.7287195233669274,0.3037195505620771,0.2662409434323791,0.19948079408594072,0.1873236491664065,0.27498228041742534,0.0,0.0,0.0,0.0,1.0
3,0.0,0.0,0.0,-0.19699861109256744,-0.04861004650592804,-8.007237920537591e-05,-0.3556208908557892,-0.1842065006494522,-0.00014051418111193925,-0.40167251229286194,-0.3121276795864105,-0.00020951201440766454,-0.4144646227359772,-0.47330835461616516,-0.00026860382058657706,-0.3888803720474243,-0.5654116272926331,-4.58901486126706e-05,-0.47074994444847107,-0.7726439237594604,-0.0001629559410503134,-0.4477241337299347,-0.6779822707176208,-0.000248103984631598,-0.37864670157432556,-0.5347105264663696,-0.00028894521528854966,-0.2430502325296402,-0.6344890594482422,-6.654206663370132e-05,-0.32236137986183167,-0.9466167092323303,-0.0001772649266058579,-0.2993355691432953,-0.800786554813385,-0.00024183611094485968,-0.2558423578739166,-0.6447227597236633,-0.0002647127548698336,-0.08442797511816025,-0.6523979902267456,-0.00010470378038007766,-0.13559645414352417,-0.9670841097831726,-0.0001973305770661682,-0.13559645414352417,-0.8417213559150696,-0.00022691120102535933,-0.10233694314956665,-0.6882159113883972,-0.00022670143516734242,0.0921032503247261,-0.621696949005127,-0.00015135205467231572,0.0741942822933197,-0.8775392770767212,-0.0002068960020551458,0.04349320009350777,-0.8391629457473755,-0.00021677657787222415,0.038376353681087494,-0.7291507124900818,-0.00021270544675644487,-0.9745171321070529,0.9905425730654258,-0.9778948999157583,-0.9931643715987931,0.9957495131528811,-0.993372851114418,-0.9994721269635928,0.9870366472661424,-0.9773230983460167,-0.9765554398060943,0.7353407086275815,-0.8090497503329328,-0.8936530463121523,-0.8688388660959793,-0.9647363856769962,0.6291278178828404,0.655201283396707,0.6936301046378688,0.6957830749131375,0.7301599397308861,0.29040990524041943,0.25691476275516795,0.19908756221849866,0.194722829768876,0.28559390787879374,0.0,0.0,0.0,0.0,1.0
3,0.0,0.0,0.0,-0.19391760230064392,-0.04654022306203842,-8.357186015928164e-05,-0.3464661240577698,-0.1835753321647644,-0.00014680289314128458,-0.3904207646846771,-0.31285372376441956,-0.0002183998585678637,-0.39817747473716736,-0.47315895557403564,-0.00028056249720975757,-0.3774929344654083,-0.5688249468803406,-5.109310586703941e-05,-0.46281668543815613,-0.7782559990882874,-0.00017315235163550824,-0.43437543511390686,-0.6903466582298279,-0.00026430111029185355,-0.36197951436042786,-0.542969286441803,-0.00030828180024400353,-0.23011554777622223,-0.6412208676338196,-7.184008427429944e-05,-0.307682603597641,-0.9514890313148499,-0.00018422628636471927,-0.2844124734401703,-0.8066972494125366,-0.0002535595267545432,-0.23528669774532318,-0.6412208676338196,-0.00028011869289912283,-0.06981033831834793,-0.6619054079055786,-0.00011044806888094172,-0.12152169644832611,-0.969588041305542,-0.00020144865266047418,-0.12152169644832611,-0.8558230400085449,-0.00023585556482430547,-0.09049487859010696,-0.6929322481155396,-0.00024039304116740823,0.10600829124450684,-0.6282930374145508,-0.00015816272934898734,0.08790931105613708,-0.8868498206138611,-0.0002119039127137512,0.05429692938923836,-0.8506518602371216,-0.00022291441564448178,0.04654022306203842,-0.7239590287208557,-0.00022065959637984633,-0.9802594199373065,0.9972639187739226,-0.989692036569157,-0.9950463305409823,0.9963359269813111,-0.9916607035166592,-0.998113750630592,0.9861688584471322,-0.982338584387091,-0.9720383528650881,0.6834893309568747,-0.7730062642983978,-0.8793347440702122,-0.872167902021142,-0.961224155424728,0.6184050182492119,0.6525679642691667,0.6830257553128499,0.6988164366630517,0.725453515955909,0.2851660293224625,0.2513885750212413,0.18593461798484767,0.19434469721836814,0.2756803133865008,0.0,0.0,0.0,0.0,1.0
3,0.0,0.0,0.0,-0.20240673422813416,-0.04468720033764839,-8.389110007556155e-05,-0.3601262867450714,-0.17612014710903168,-0.00014881878450978547,-0.39429885149002075,-0.31281042098999023,-0.00022136219195090234,-0.39692750573158264,-0.4757872521877289,-0.0002838428190443665,-0.3864128589630127,-0.5625330209732056,-5.309244443196803e-05,-0.4652726352214813,-0.7728257179260254,-0.00017224426846951246,-0.431100070476532,-0.6913372874259949,-0.000261177949141711,-0.35224029421806335,-0.54413241147995,-0.00030405441066250205,-0.2365792989730835,-0.636135458946228,-7.352034299401566e-05,-0.3154390752315521,-0.9489458799362183,-0.0001784335618140176,-0.2838951647281647,-0.820141613483429,-0.00024414132349193096,-0.2365792989730835,-0.6650506854057312,-0.0002710886183194816,-0.07360245287418365,-0.6545360684394836,-0.00011171805817866698,-0.12354697287082672,-0.9568318724632263,-0.00019682386482600123,-0.11566099524497986,-0.8569428324699402,-0.00022748904302716255,-0.0867457464337349,-0.707109272480011,-0.0002325287787243724,0.10251770168542862,-0.6256208419799805,-0.0001593857741681859,0.08937440067529678,-0.8806007504463196,-0.00020849255088251084,0.06045915558934212,-0.8437995314598083,-0.00021623715292662382,0.04731586202979088,-0.7228811979293823,-0.00021370689501054585,-0.9705915008178445,0.9992651404921516,-0.9955162257055409,-0.9940549548221839,0.9999765761335513,-0.998435456793284,-0.9986607844989044,0.9963932443653869,-0.9937507070398484,-0.977205636407587,0.7534715480117411,-0.8484753104355991,-0.88817197722368,-0.807391150143092,-0.9739277246927298,0.6196168565962589,0.6481923718191848,0.7058769876184774,0.7124102896338039,0.7244280934072387,0.27882879077838724,0.23838335791283455,0.20621830495780732,0.21376352594549256,0.2813918094427641,0.0,0.0,0.0,0.0,1.0
3,0.0,0.0,0.0,-0.20869623124599457,-0.04226759076118469,-8.713646820979193e-05,-0.3619162440299988,-0.17435380816459656,-0.00015298169455491006,-0.3883334994316101,-0.3170069456100464,-0.00022610047017224133,-0.3962586522102356,-0.480793833732605,-0.00028847382054664195,-0.38569176197052,-0.5626872777938843,-5.6917335314210504e-05,-0.4755103886127472,-0.76874178647995,-0.0001767360226949677,-0.4332427978515625,-0.6974152326583862,-0.00026554209762252867,-0.3513493537902832,-0.5547621250152588,-0.0003076711727771908,-0.2377551943063736,-0.6366555690765381,-7.562449900433421e-05,-0.3249320983886719,-0.945737361907959,-0.00018127843213733286,-0.28794795274734497,-0.8295014500617981,-0.0002486117882654071,-0.2351134717464447,-0.6762814521789551,-0.0002766989928204566,-0.0766100063920021,-0.6604310870170593,-0.00011244961206102744,-0.13472793996334076,-0.9589459896087646,-0.00019894464639946818,-0.12151932716369629,-0.8638438582420349,-0.00023079841048456728,-0.08981863409280777,-0.7106238603591919,-0.00023608104675076902,0.10302725434303284,-0.6313721537590027,-0.00015932916721794754,0.09774380177259445,-0.8929028511047363,-0.00021191546693444252,0.06868483871221542,-0.8612021803855896,-0.00022288494801614434,0.05019276589155197,-0.7370411157608032,-0.00022168677242007107,-0.9820369239719884,0.9923341446397845,-0.9999041766279413,-0.9965991668783152,0.9994504849860425,-0.9997118037097109,-0.9970522539012915,0.998527044111651,-0.9978219230417041,-0.9834920398170369,0.7233553869897015,-0.8286536965775098,-0.8719474960214364,-0.7799400910697774,-0.9909334643240042,0.6230439102036203,0.6566639006276918,0.7159853592613813,0.7162776838700424,0.7387482234588644,0.27740123987233495,0.23873363141414086,0.21234607509066214,0.21444559622167622,0.29290758503352826,0.0,0.0,0.0,0.0,1.0
3,0.0,0.0,0.0,-0.2088748812675476,-0.04230377450585365,-8.847785647958517e-05,-0.36222603917121887,-0.1771470457315445,-0.00015378037642221898,-0.3860219120979309,-0.31727829575538635,-0.0002260103210574016,-0.3860219120979309,-0.48120540380477905,-0.00028857827419415116,-0.3860219120979309,-0.5658129453659058,-5.471002805279568e-05,-0.47062948346138,-0.7746878266334534,-0.00017382418445777148,-0.4256817102432251,-0.7059441804885864,-0.00026598889962770045,-0.3463621437549591,-0.5763888955116272,-0.00031255651265382767,-0.23795871436595917,-0.6424885392189026,-7.2480172093492e-05,-0.32256627082824707,-0.9465469121932983,-0.0001803916966309771,-0.2802625000476837,-0.8434314727783203,-0.0002574125537648797,-0.23267075419425964,-0.6927242875099182,-0.00029408634873107076,-0.07667558640241623,-0.6636404395103455,-0.00010793194087455049,-0.13219928741455078,-0.9650548100471497,-0.00019847461953759193,-0.11369138956069946,-0.8751593232154846,-0.0002412569592706859,-0.0846075490117073,-0.7191641330718994,-0.00025394439580850303,0.10047145932912827,-0.6345565915107727,-0.00015294802142307162,0.09518349170684814,-0.8936672210693359,-0.0002125149330822751,0.07667558640241623,-0.8725153207778931,-0.00023274771228898317,0.06345565617084503,-0.756179928779602,-0.00023790648265276104,-0.9772219633058158,0.9811990513111489,-0.9995587159012621,-0.9965316125229545,0.9930548242170094,-0.9965210610092478,-0.997746993606823,0.9997818803846069,-0.9998246897045231,-0.9842996898836592,0.7389835264951059,-0.822115481048063,-0.8671042015697275,-0.7767398523513975,-0.9858866048562074,0.6169049115618703,0.6724514883312986,0.7307548931246526,0.7241239497442592,0.7588378017026791,0.2667429504873961,0.23845648614868709,0.2221030571892643,0.22072647883028157,0.3140597301307711,0.0,0.0,0.0,0.0,1.0
3,0.0,0.0,0.0,-0.21011781692504883,-0.036770619451999664,-8.859224908519536e-05,-0.36245325207710266,-0.18122662603855133,-0.00015242902736645192,-0.380838543176651,-0.3256826102733612,-0.00022282412101048976,-0.3755856156349182,-0.488523930311203,-0.000283933273749426,-0.3782120645046234,-0.5594387054443359,-6.0972794017288834e-05,-0.4648856818675995,-0.7774359583854675,-0.00017866519920062274,-0.41760915517807007,-0.7065211534500122,-0.00026935781352221966,-0.33881497383117676,-0.5725710391998291,-0.00031574349850416183,-0.23112960159778595,-0.6356064081192017,-7.858490425860509e-05,-0.31780320405960083,-0.9481566548347473,-0.00018485859618522227,-0.273153156042099,-0.8378447890281677,-0.0002634545380715281,-0.22325018048286438,-0.6855093836784363,-0.0003028674400411546,-0.07354123890399933,-0.6566181778907776,-0.00011302017082925886,-0.1365765780210495,-0.9691684246063232,-0.000201732647838071,-0.11293832957744598,-0.8719889521598816,-0.00024714748724363744,-0.07616771012544632,-0.714400589466095,-0.0002636279386933893,0.10505890846252441,-0.6303534507751465,-0.00015689792053308338,0.09717949479818344,-0.8877477645874023,-0.00021564810595009476,0.0814206525683403,-0.8641095161437988,-0.00023838241759222,0.07091476768255234,-0.7432917952537537,-0.00024728599237278104,-0.9767522932857661,0.9781181394702522,-0.9984164254179386,-0.9969394863251668,0.9934981402471466,-0.9976863392611204,-0.99617647877579,0.9992159187726302,-0.9999559812709073,-0.9809017765004893,0.8146875503808051,-0.8769755768525025,-0.833375166128348,-0.7741986324730289,-0.9874116190401919,0.6162144454718353,0.6653069545740766,0.720946488824025,0.7184495442787652,0.7466670535413137,0.26014023030369876,0.2358860353855644,0.21761728954553558,0.22152868440390738,0.3094003205181641,0.0,0.0,0.0,0.0,1.0
3,0.0,0.0,0.0,-0.2040061205625534,-0.04446287453174591,-9.464335744269192e-05,-0.3504720628261566,-0.18569788336753845,-0.00016292891814373434,-0.37401121854782104,-0.33216381072998047,-0.00023721883189864457,-0.3557029962539673,-0.4943225383758545,-0.00030205812072381377,-0.36616483330726624,-0.5675554871559143,-6.116265285527334e-05,-0.4498596489429474,-0.7846389412879944,-0.00018248365086037666,-0.40278133749961853,-0.7140214443206787,-0.0002775171597022563,-0.32431742548942566,-0.5754019021987915,-0.00032637256663292646,-0.21969890594482422,-0.63817298412323,-7.689197082072496e-05,-0.3060091733932495,-0.9520285725593567,-0.00018728114082477987,-0.2615463137626648,-0.8474100828170776,-0.00027024149312637746,-0.2118525207042694,-0.695713222026825,-0.00031136925099417567,-0.06015565246343613,-0.6590967178344727,-0.00011035498755518347,-0.11769583821296692,-0.9520285725593567,-0.0002011873002629727,-0.09938760101795197,-0.8657183051109314,-0.000250890851020813,-0.0653865784406662,-0.7140214443206787,-0.0002694836293812841,0.11508037894964218,-0.6277111768722534,-0.00015388382598757744,0.10461852699518204,-0.8840265274047852,-0.0002120912540704012,0.09154120832681656,-0.8657183051109314,-0.00023577777028549463,0.08369482308626175,-0.7480224370956421,-0.00024535637930966914,-0.9790639651288889,0.9758914298611059,-0.9973415442530835,-0.9980043106238543,0.9911009369251148,-0.9963639077471476,-0.9947062643838797,0.999886186070606,-0.9999341284939129,-0.9754340499606328,0.7893515016095763,-0.8505941505239111,-0.8511493946952592,-0.7995647807241719,-0.9632949089326247,0.6089987560426913,0.6605068098381578,0.7272540789787179,0.7170090908256452,0.7526901923723907,0.2495504473177894,0.23128640430887337,0.2237303514009785,0.21934245861357626,0.3135494168725628,0.0,0.0,0.0,0.0,1.0
3,0.0,0.0,0.0,-0.20122899115085602,-0.04442717880010605,-9.090849198400974e-05,-0.3501906991004944,-0.188162162899971,-0.00015666350373066962,-0.3684842586517334,-0.3371238708496094,-0.00022869676467962563,-0.3397372364997864,-0.49915242195129395,-0.00029143557185307145,-0.3658708930015564,-0.5592597723007202,-5.8790159528143704e-05,-0.4521118700504303,-0.770942211151123,-0.00017862686945591122,-0.39984461665153503,-0.7082214951515198,-0.00027000997215509415,-0.31883034110069275,-0.5749399662017822,-0.00031542545184493065,-0.21952253580093384,-0.6350473165512085,-7.477274630218744e-05,-0.30837687849998474,-0.9512643218040466,-0.0001802858751034364,-0.2639497220516205,-0.8545698523521423,-0.00025398569414392114,-0.21952253580093384,-0.7056081295013428,-0.000287687755189836,-0.06272072345018387,-0.6585676074028015,-0.0001083659881260246,-0.12805481255054474,-0.9538776874542236,-0.00019673282804433256,-0.10453453660011292,-0.8624099493026733,-0.00023461153614334762,-0.07317417860031128,-0.7134482264518738,-0.00024361778923776,0.11237462610006332,-0.6272072196006775,-0.00015189763507805765,0.0966944471001625,-0.8807035088539124,-0.0002074685035040602,0.08362763375043869,-0.8545698523521423,-0.00022247206652536988,0.07317417860031128,-0.7395818829536438,-0.0002244379575131461,-0.9815385560710277,0.9529821226651808,-0.9889832129362065,-0.9982663950257806,0.9877371477791655,-0.9900974216126109,-0.9924720484845365,0.999423272840421,-0.9990235787136783,-0.971560387133635,0.8651108663763233,-0.9312426616182329,-0.852394145715039,-0.7769068886522585,-0.9559880416779544,0.603800127781095,0.6574259183478643,0.7389675954256888,0.7171909756336238,0.7431930168452999,0.23261058164962348,0.22591690831319625,0.2378167720224002,0.22007011770264234,0.3030515253220228,0.0,0.0,0.0,0.0,1.0
3,0.0,0.0,0.0,-0.20486487448215485,-0.04727650806307793,-9.189663251163438e-05,-0.3519473373889923,-0.1891060322523117,-0.00015717856877017766,-0.36507970094680786,-0.33618852496147156,-0.00022786927002016455,-0.3309355676174164,-0.5016562938690186,-0.00028787378687411547,-0.37033265829086304,-0.5699445605278015,-5.5200060160132125e-05,-0.44912683963775635,-0.7669300436973572,-0.0001716610131552443,-0.38871797919273376,-0.7038946747779846,-0.00026046609855256975,-0.31255024671554565,-0.5673181414604187,-0.0003045880876015872,-0.22062371671199799,-0.6487387418746948,-7.084471144480631e-05,-0.31780320405960083,-0.9481566548347473,-0.00017363042570650578,-0.26002079248428345,-0.8588565587997437,-0.0002472066262271255,-0.21011781692504883,-0.7065211534500122,-0.0002813376486301422,-0.06303534656763077,-0.6697505712509155,-0.00010412988922325894,-0.12607069313526154,-0.9455301761627197,-0.00019389689259696752,-0.09192654490470886,-0.8588565587997437,-0.00023073749616742134,-0.06040887162089348,-0.7091476321220398,-0.00023827364202588797,0.11031185835599899,-0.6382328867912292,-0.00014742804341949522,0.09980596601963043,-0.8824948668479919,-0.00020654780382756144,0.09455301612615585,-0.8588565587997437,-0.00022129487479105592,0.08404713124036789,-0.7380388379096985,-0.0002218709996668622,-0.9809103610392661,0.9273152386873389,-0.9675633413969581,-0.9999023095408662,0.9662686350761649,-0.9669695356621041,-0.9914488263786567,0.9886870267896063,-0.9859587860287803,-0.9771610913153638,0.9659633237519546,-0.991309610519162,-0.8574929590377931,-0.7554024228644405,-0.957513705165767,0.6009804146312999,0.6477172098087471,0.7371036084503683,0.7117160017338824,0.7428091010871392,0.22223004832940688,0.21303146236692902,0.22528836856030052,0.20946552946894723,0.3021873793688514,0.0,0.0,0.0,0.0,1.0
3,0.0,0.0,0.0,-0.20777259767055511,-0.058602526783943176,-9.59126409725286e-05,-0.34895139932632446,-0.21043634414672852,-0.0001627957244636491,-0.35427892208099365,-0.36493390798568726,-0.00023382251674775034,-0.31432265043258667,-0.5327502489089966,-0.00029446903499774635,-0.37026143074035645,-0.5780340433120728,-6.448064232245088e-05,-0.4501739740371704,-0.7778153419494629,-0.00017979809490498155,-0.39157143235206604,-0.7218765616416931,-0.00026808312395587564,-0.30899515748023987,-0.5860252976417542,-0.00031230677268467844,-0.2157638520002365,-0.6552827954292297,-7.649314648006111e-05,-0.30100390315055847,-0.9536229372024536,-0.0001759805018082261,-0.2450651079416275,-0.863055408000946,-0.0002499801048543304,-0.19711759686470032,-0.7138853073120117,-0.0002863302070181817,-0.05593877658247948,-0.6765928268432617,-0.00010558560461504385,-0.11187755316495895,-0.9562866687774658,-0.00019132527813781053,-0.08257628977298737,-0.881701648235321,-0.00023003270325716585,-0.05327502638101578,-0.7298678159713745,-0.00024070180370472372,0.11720505356788635,-0.6446278095245361,-0.0001449474657420069,0.10921379923820496,-0.8923566937446594,-0.00020131147175561637,0.10122254490852356,-0.8790379166603088,-0.0002179720759158954,0.09323129057884216,-0.7618328332901001,-0.00022090275888331234,-0.9821551482954016,0.9097369749502296,-0.9657483882095358,-0.9992085305633052,0.9624261974817948,-0.970789610776754,-0.9934055569898509,0.9843869590595805,-0.9831753878987851,-0.9775909534240654,0.8404584003215916,-0.890504204490496,-0.8541741074255869,-0.7553676263052079,-0.9642462073197331,0.6185641626445795,0.6624980927043636,0.740599501733495,0.7318096429127984,0.7675164120909659,0.21050719309570767,0.21743137739302093,0.22292282396976162,0.22497593576171393,0.3197501164293735,0.0,0.0,0.0,0.0,1.0
3,0.0,0.0,0.0,-0.205650195479393,-0.045403290539979935,-9.729197336127982e-05,-0.3472016155719757,-0.19763784110546112,-0.00016418770246673375,-0.3391892910003662,-0.3552139699459076,-0.00023381400387734175,-0.2937859892845154,-0.5208024382591248,-0.00029286573408171535,-0.37390944361686707,-0.5822303891181946,-6.538118032040074e-05,-0.45136210322380066,-0.7798682451248169,-0.00017727745580486953,-0.38993412256240845,-0.7291234135627747,-0.0002629101218190044,-0.30981066823005676,-0.5902427434921265,-0.0003051617823075503,-0.2190040946006775,-0.659683108329773,-7.613335765199736e-05,-0.30981066823005676,-0.9507982730865479,-0.0001723006134852767,-0.25105348229408264,-0.8840287327766418,-0.0002483977295923978,-0.2029794156551361,-0.742477297782898,-0.0002872300974559039,-0.05608641728758812,-0.6783785820007324,-0.00010371495591243729,-0.11217283457517624,-0.9481275081634521,-0.00018706030095927417,-0.08012345433235168,-0.8866995573043823,-0.00023079061065800488,-0.053415633738040924,-0.7398065328598022,-0.0002465481811668724,0.12285596132278442,-0.6409876346588135,-0.0001413018035236746,0.11484361439943314,-0.8866995573043823,-0.00019795977277681231,0.10950204730033875,-0.8680040836334229,-0.00021723181998822838,0.10148970782756805,-0.7531604766845703,-0.00022259978868532926,-0.9805843760941323,0.8742753068116614,-0.936924142194999,-0.999834894798897,0.9133765442613434,-0.9232829135937503,-0.9925050151778261,0.9621835304912487,-0.9550304294692482,-0.975466392474383,0.9520589135370084,-0.9783120093140754,-0.8228134334955488,-0.6968112500194258,-0.9765880862942125,0.5979510503936445,0.6666102646598963,0.7697228322251398,0.7417324398016573,0.7599676487217814,0.18875084389057456,0.21894227980008585,0.25011418961197296,0.23337508059903822,0.3174391133408922,0.0,0.0,0.0,0.0,1.0
3,0.0,0.0,0.0,-0.20929399132728577,-0.04348966106772423,-0.00010320954606868327,-0.3479172885417938,-0.2011396884918213,-0.00017259246669709682,-0.3370448648929596,-0.3615078032016754,-0.00024372687039431185,-0.2799646854400635,-0.5300302505493164,-0.00030420537223108113,-0.3696621060371399,-0.5925466418266296,-6.833695078967139e-05,-0.43761470913887024,-0.7909682393074036,-0.000177165144123137,-0.38325265049934387,-0.7447604537010193,-0.000261735258391127,-0.3044276237487793,-0.6007009148597717,-0.0003048491489607841,-0.20929399132728577,-0.6713716387748718,-7.620891119586304e-05,-0.2908371090888977,-0.9567725658416748,-0.00017157424008473754,-0.23647503554821014,-0.8861018419265747,-0.00025076777092181146,-0.19026726484298706,-0.7338880300521851,-0.0002926645101979375,-0.048925869166851044,-0.6931164860725403,-0.0001007575701805763,-0.09513363242149353,-0.9594906568527222,-0.00018133880803361535,-0.06795259565114975,-0.8969742655754089,-0.00022688832541462034,-0.03533535078167915,-0.7447604537010193,-0.0002450567262712866,0.13318708539009094,-0.6577811241149902,-0.00013590700109489262,0.11416035890579224,-0.9024104475975037,-0.00018933499814011157,0.11144225299358368,-0.8861018419265747,-0.0002091955248033628,0.10872415453195572,-0.7665053009986877,-0.0002161287411581725,-0.9741593971932668,0.859575581230953,-0.93389665121427,-0.9997146326900895,0.9296266789696718,-0.9355561061620294,-0.9948746669290637,0.97172431249296,-0.9802579065272039,-0.9617708245183628,0.9706747966592835,-0.9898739753388556,-0.7993080462449575,-0.7045844035229095,-0.9666750987577528,0.5994267080409935,0.6734373868510898,0.7581512215665214,0.745598240399394,0.7741778146554803,0.18116367658380272,0.21970155770873337,0.22984820242905643,0.23073684519624008,0.32005747104030763,0.0,0.0,0.0,0.0,1.0
3,0.0,0.0,0.0,-0.20619574189186096,-0.049486976116895676,-0.00010432304407004267,-0.34091028571128845,-0.20619574189186096,-0.00017172141815535724,-0.3244146406650543,-0.36565378308296204,-0.00024018366821110249,-0.269429087638855,-0.5333596467971802,-0.0002973139635287225,-0.36565378308296204,-0.5938436985015869,-6.514910637633875e-05,-0.42613786458969116,-0.7917916178703308,-0.00017687903891783208,-0.3711523413658142,-0.7450539469718933,-0.00026541095576249063,-0.29142332077026367,-0.6075901389122009,-0.0003113868006039411,-0.2006971836090088,-0.6735727190971375,-7.12414039298892e-05,-0.27217838168144226,-0.9622467756271362,-0.00016896924353204668,-0.2171928435564041,-0.8825177550315857,-0.00024828253663145006,-0.1732044219970703,-0.7313075661659241,-0.0002888209419324994,-0.04123914614319801,-0.6955669522285461,-9.451846563024446e-05,-0.07697974145412445,-0.9622467756271362,-0.00017912716430146247,-0.04673770070075989,-0.9017627239227295,-0.00022265555162448436,-0.013746382668614388,-0.7505524754524231,-0.00023660180158913136,0.14021310210227966,-0.6570770740509033,-0.000128603758639656,0.1319652795791626,-0.8990134000778198,-0.00018606774392537773,0.1319652795791626,-0.8962641358375549,-0.0002065955486614257,0.1292160004377365,-0.7890423536300659,-0.00021173333516344428,-0.9675704018392434,0.8420309261251404,-0.942514378588279,-0.9989028506169478,0.9355389962427224,-0.9490294690388336,-0.9972626687879993,0.9459054596697727,-0.9692005405313705,-0.9703035819562124,0.9993897485562998,-0.9996439650801259,-0.8108566090407537,-0.6872128872206955,-0.9772437769979664,0.5975488498311738,0.6738645138945523,0.7515388330274293,0.750678425596194,0.7995528398395405,0.17620196107451339,0.21486905278496812,0.22209943272679433,0.24016094107681563,0.34616831750787747,0.0,0.0,0.0,0.0,1.0
3,0.0,0.0,0.0,-0.20610539615154266,-0.0549614392220974,-0.0001027040125336498,-0.3435090184211731,-0.2198457568883896,-0.00017069805471692234,-0.3270205855369568,-0.38747814297676086,-0.00024129920348059386,-0.2693110704421997,-0.5578586459159851,-0.00030082237208262086,-0.35175323486328125,-0.5990797281265259,-6.280154047999531e-05,-0.4177069365978241,-0.805185079574585,-0.0001790064270608127,-0.35175323486328125,-0.7419794797897339,-0.0002696557785384357,-0.2693110704421997,-0.6128200888633728,-0.00031574335298500955,-0.19511310756206512,-0.6760257482528687,-6.910398951731622e-05,-0.26381492614746094,-0.9645732641220093,-0.00016855269495863467,-0.20610539615154266,-0.8738868832588196,-0.00024373586347792298,-0.15664011240005493,-0.728239119052887,-0.0002805371768772602,-0.035724937915802,-0.6980103254318237,-9.362246055388823e-05,-0.07969409227371216,-0.9673213362693787,-0.0001773476105881855,-0.04946529492735863,-0.8931233882904053,-0.00021780883253086358,-0.01648843288421631,-0.7474756240844727,-0.00022916180023457855,0.13740360736846924,-0.6677815318107605,-0.00012934098776895553,0.13190746307373047,-0.9151079654693604,-0.0001838834723457694,0.12915939092636108,-0.898619532585144,-0.00020221633894834667,0.12366323918104172,-0.7886966466903687,-0.00020581737044267356,-0.9756304887569687,0.87903063533527,-0.9716773936637791,-0.99888434579375,0.9450700561274842,-0.9714972484359039,-0.9938788968102202,0.9747851746161974,-0.9865468800356127,-0.9747610876249829,0.9824972467511173,-0.9933724034459213,-0.8165105263218426,-0.7018653390176469,-0.9739990585654297,0.6194633074348566,0.669385497948842,0.7448948322357706,0.7476574966982545,0.7983327065859466,0.18270037158684052,0.19915473386606303,0.21117289455648927,0.23098527540599645,0.3363195945386094,0.0,0.0,0.0,0.0,1.0
3,0.0,0.0,0.0,-0.2178116887807846,-0.05584914982318878,-0.00010233069042442366,-0.3546420931816101,-0.22339659929275513,-0.0001682189031271264,-0.332302451133728,-0.39373651146888733,-0.00023651830269955099,-0.2736608386039734,-0.5668688416481018,-0.00029423311934806406,-0.3602270185947418,-0.6031708121299744,-5.811641312902793e-05,-0.4244535267353058,-0.8042277693748474,-0.0001713844103505835,-0.3602270185947418,-0.7539635300636292,-0.00026388850528746843,-0.27645328640937805,-0.6283029317855835,-0.00031232406035996974,-0.198264479637146,-0.6813596487045288,-6.358577957144007e-05,-0.2680759131908417,-0.9633978009223938,-0.000159303963300772,-0.20943431556224823,-0.8907939195632935,-0.00024000585835892707,-0.15917007625102997,-0.748378574848175,-0.00028313350048847497,-0.03630194813013077,-0.7036992907524109,-8.707225060788915e-05,-0.07818880677223206,-0.9661902785301208,-0.0001690253702690825,-0.05026423558592796,-0.9103411436080933,-0.00021772367472294718,-0.016754744574427605,-0.7679257988929749,-0.0002362622763030231,0.13962286710739136,-0.6757746934890747,-0.00012161744962213561,0.12845304608345032,-0.924303412437439,-0.0001774795091478154,0.12566058337688446,-0.9159260392189026,-0.0002007563889492303,0.1228681281208992,-0.8014352917671204,-0.00020845761173404753,-0.9738539119198112,0.8267145720952414,-0.949628370895003,-0.9991792512334255,0.9061236625804793,-0.9427141561841317,-0.994312993863728,0.953723924598105,-0.9730800665804606,-0.9692435103827182,0.9335246066237367,-0.9561087493576645,-0.8050880651280227,-0.6857049506268826,-0.9808187133910949,0.6294685561772853,0.6864336062302617,0.7651180918570908,0.7681085983709358,0.8107990759188295,0.18577735571628434,0.2085689320188126,0.22608922075455154,0.2465789669015218,0.34339280173526415,0.0,0.0,0.0,0.0,1.0
3,0.0,0.0,0.0,-0.21839916706085205,-0.05039980635046959,-0.00010334226681152359,-0.3555986285209656,-0.22399914264678955,-0.00016878257156349719,-0.3247987627983093,-0.39479848742485046,-0.0002356741897528991,-0.2603990137577057,-0.5627978444099426,-0.00029278479632921517,-0.3639985918998718,-0.5991976857185364,-6.249432044569403e-05,-0.42279836535453796,-0.7923969626426697,-0.0001771254901541397,-0.3527986407279968,-0.7419971823692322,-0.0002727000683080405,-0.26879897713661194,-0.6215975880622864,-0.0003242079692427069,-0.1987992376089096,-0.6803973913192749,-6.759470124961808e-05,-0.26879897713661194,-0.963196337223053,-0.00016652679187245667,-0.20719920098781586,-0.8959965705871582,-0.0002510273188818246,-0.15679940581321716,-0.7531971335411072,-0.00029657702543772757,-0.03639985993504524,-0.7027972936630249,-9.018816490424797e-05,-0.07839970290660858,-0.9687963128089905,-0.00017435033805668354,-0.04479982703924179,-0.9155964851379395,-0.0002275272854603827,-0.013999946415424347,-0.7727970480918884,-0.00024881886201910675,0.13719947636127472,-0.6719974279403687,-0.00012369647447485477,0.12879951298236847,-0.9183964729309082,-0.00018170301336795092,0.13159950077533722,-0.9183964729309082,-0.0002088674809783697,0.12879951298236847,-0.8119968771934509,-0.0002194257394876331,-0.9687988430052927,0.795275491992779,-0.9435488613064462,-0.9991338743847601,0.8779174094163895,-0.9200238419574102,-0.9945076360705206,0.9184248925373246,-0.9390688612135801,-0.9724032355107121,0.034067229251518436,0.02630447973982338,-0.7805911558702417,-0.6620672171323254,-0.9824460852533878,0.6201202488066635,0.6772271099937435,0.7693451590041512,0.7729238440174924,0.8221485576825304,0.17100501012483912,0.19836037249564253,0.23145880825115,0.2543056628176498,0.3577106772320233,0.0,0.0,0.0,0.0,1.0
3,0.0,0.0,0.0,-0.2160799652338028,-0.050512202084064484,-0.00010292794468114153,-0.3535853922367096,-0.22169244289398193,-0.0001675067178439349,-0.3227168321609497,-0.3900664448738098,-0.00023406818218063563,-0.24694854021072388,-0.5556342005729675,-0.00029072046163491905,-0.3535853922367096,-0.5977277159690857,-5.538462573895231e-05,-0.4125162959098816,-0.7857453227043152,-0.00016782787861302495,-0.3535853922367096,-0.7408456206321716,-0.0002618960861582309,-0.26939839124679565,-0.6145651340484619,-0.0003124546492472291,-0.19082386791706085,-0.6819146871566772,-6.094499985920265e-05,-0.26097971200942993,-0.9653443098068237,-0.000157789298100397,-0.2048550397157669,-0.9008009433746338,-0.00024077860871329904,-0.157149076461792,-0.7520705461502075,-0.0002844870032276958,-0.028062334284186363,-0.7043645977973938,-8.443527622148395e-05,-0.07015583664178848,-0.9681504964828491,-0.00016719078121241182,-0.039287269115448,-0.9204445481300354,-0.00021767303405795246,-0.014031167142093182,-0.7745203971862793,-0.00023628251801710576,0.1459241360425949,-0.6706897616386414,-0.00011898863886017352,0.137505441904068,-0.9148320555686951,-0.00017457322974223644,0.137505441904068,-0.9176383018493652,-0.00019925627566408366,0.12908673286437988,-0.8110014200210571,-0.00020756731100846082,-0.9735641185785752,0.8162032187014818,-0.9454842139597008,-0.9995436877295032,0.8901611701834603,-0.9189618463717827,-0.9929963812220051,0.9146859275219311,-0.9199174974484148,-0.9692323822220064,-0.9993693403697864,0.9968589289444579,-0.7872764670238566,-0.6539089566884695,-0.9694400108679682,0.6080403279579737,0.6710185493328601,0.7683136959227573,0.7746475037557179,0.82121052728036,0.1635146604455889,0.2021930421032637,0.23250795033802746,0.2537958828322198,0.35270462646556927,0.0,0.0,0.0,0.0,1.0
3,0.0,0.0,0.0,-0.21057157218456268,-0.05264289304614067,-0.00010082747758133337,-0.3463348150253296,-0.21334224939346313,-0.00016701145796105266,-0.3130866587162018,-0.379582941532135,-0.00023494644847232848,-0.22996631264686584,-0.5402823090553284,-0.00029256369452923536,-0.3518761694431305,-0.6012372374534607,-5.631849853671156e-05,-0.40451905131340027,-0.7841020226478577,-0.00016612355830147862,-0.3463348150253296,-0.7342298030853271,-0.0002548920747358352,-0.26875582337379456,-0.6067785620689392,-0.0003023027384188026,-0.18840613961219788,-0.6815869212150574,-6.343783024931327e-05,-0.2549024224281311,-0.9669668078422546,-0.00016277306713163853,-0.19394749402999878,-0.886617124080658,-0.00024243138614110649,-0.1413045972585678,-0.7314591407775879,-0.000281692948192358,-0.02493610605597496,-0.7009816765785217,-8.765707752900198e-05,-0.06649628281593323,-0.9614254236221313,-0.00017280881002079695,-0.02770678512752056,-0.900470495223999,-0.0002184406330343336,0.005541357211768627,-0.7563952207565308,-0.00023210898507386446,0.14961664378643036,-0.662192165851593,-0.00012219551717862487,0.1413045972585678,-0.9060118794441223,-0.00017768579709809273,0.1468459665775299,-0.9032412171363831,-0.000198182460735552,0.1413045972585678,-0.7979553937911987,-0.000202745504793711,-0.9691083370746685,0.8354348642131673,-0.950677893217246,-0.9991692547039512,0.9130595393732942,-0.9486366460718655,-0.9924838550305269,0.9177216325353754,-0.942777760482751,-0.9673375647747484,0.4774247221155181,-0.39958333539941554,-0.8113525405935552,-0.6224876648124739,-0.9610692409698106,0.5871878441892442,0.66363398227706,0.744982922548341,0.7564156071859739,0.8103701909897819,0.14726375416789764,0.20119414484472684,0.21046227918407712,0.24388272186693405,0.3501374981334617,0.0,0.0,0.0,0.0,1.0
3,0.0,0.0,0.0,-0.2097112387418747,-0.052427809685468674,-0.00010722793376771733,-0.3421604633331299,-0.21247060596942902,-0.000176203393493779,-0.3118075132369995,-0.37251338362693787,-0.0002457727096043527,-0.22902674973011017,-0.5353155732154846,-0.0003051335515920073,-0.35043853521347046,-0.5987808108329773,-6.619113992201164e-05,-0.40286633372306824,-0.7836577892303467,-0.0001783205516403541,-0.3449198007583618,-0.7422674298286438,-0.00026943429838865995,-0.264898419380188,-0.6098182201385498,-0.000318651320412755,-0.18487702310085297,-0.6788021922111511,-7.219709368655458e-05,-0.25937968492507935,-0.9657754898071289,-0.0001753202814143151,-0.19315509498119354,-0.891272783279419,-0.0002625516790430993,-0.13796792924404144,-0.7367486953735352,-0.00030801407410763204,-0.0220748670399189,-0.6981176733970642,-9.521322499495e-05,-0.06346524506807327,-0.9574974179267883,-0.0001846285304054618,-0.019315509125590324,-0.9078289270401001,-0.0002391170710325241,0.019315509125590324,-0.758823573589325,-0.00025933701545000076,0.15176472067832947,-0.66224604845047,-0.00012880240683443844,0.14624600112438202,-0.9050695896148682,-0.00018966649076901376,0.1545240730047226,-0.9050695896148682,-0.00021676496544387192,0.15176472067832947,-0.794695258140564,-0.0002263523347210139,-0.9681209409984066,0.7811929016701931,-0.9182846738873839,-0.999929203932355,0.8903712923671026,-0.9273162432985409,-0.991993095627062,0.842761646529275,-0.8902199067921124,-0.9694052755621928,0.022720464399703575,0.024991774183076933,-0.8053795833461794,-0.6381017926210103,-0.9602289772345194,0.5822508695414924,0.6648680479627164,0.7495557978527394,0.7590693868174613,0.809056907052869,0.14810338524982772,0.2013311496271565,0.2167458904354141,0.25210638131962815,0.3543773153247467,0.0,0.0,0.0,0.0,1.0
3,0.0,0.0,0.0,-0.21052084863185883,-0.05194670334458351,-0.00010322586604161188,-0.3472227156162262,-0.2132548838853836,-0.0001702421432128176,-0.31441426277160645,-0.3772971034049988,-0.0002387588465353474,-0.23239314556121826,-0.5358712673187256,-0.00029699309379793704,-0.34175464510917664,-0.5932860374450684,-6.677539204247296e-05,-0.39370134472846985,-0.7874026894569397,-0.0001776454009814188,-0.3226163685321808,-0.7327219247817993,-0.00026532149058766663,-0.23786121606826782,-0.6042221784591675,-0.00031173034221865237,-0.18318048119544983,-0.6725730895996094,-7.371456740656868e-05,-0.2515314221382141,-0.9678491353988647,-0.0001753606484271586,-0.1859145164489746,-0.8858280181884766,-0.0002571204968262464,-0.13123378157615662,-0.7299879193305969,-0.00029806047677993774,-0.024606334045529366,-0.6917113661766052,-9.711327584227547e-05,-0.06288285553455353,-0.9541789293289185,-0.00018416570674162358,-0.019138259813189507,-0.8912960886955261,-0.0002336805482627824,0.019138259813189507,-0.740924060344696,-0.0002498354879207909,0.14490395784378052,-0.6534348726272583,-0.00013098841009195894,0.14216992259025574,-0.8967641592025757,-0.00018941512098535895,0.15037204325199127,-0.8994981646537781,-0.0002139232965419069,0.1476380079984665,-0.7956047654151917,-0.00022140052169561386,-0.9660978100309435,0.7938857514473703,-0.9453843487607236,-0.9992615628185618,0.9016323194797178,-0.9436564951728363,-0.994037746767783,0.8947209817786084,-0.9364066034791649,-0.9737890558620395,-0.305548564045648,0.3410734570480935,-0.8104599106971414,-0.6212873770931502,-0.9610692409698106,0.5840930406959179,0.6493554512658813,0.7416904856128058,0.7411711787706295,0.8091872756140132,0.15208150973112103,0.1770755190127296,0.213789945388511,0.24052632132261045,0.35635905162088566,0.0,0.0,0.0,0.0,1.0
3,0.0,0.0,0.0,-0.22256852686405182,-0.047295812517404556,-0.00010923541412921622,-0.3672380745410919,-0.21978642046451569,-0.00017920455138664693,-0.32828858494758606,-0.389494925737381,-0.000250856188358739,-0.2392611801624298,-0.5508571267127991,-0.0003132769779767841,-0.34498122334480286,-0.6037171483039856,-7.197757804533467e-05,-0.3922770321369171,-0.8068109154701233,-0.0001845744118327275,-0.3227243721485138,-0.7567330002784729,-0.0002765445096883923,-0.2392611801624298,-0.6259739995002747,-0.0003265204722993076,-0.18083693087100983,-0.6816161274909973,-7.732969243079424e-05,-0.2392611801624298,-0.9709552526473999,-0.0001778194709913805,-0.17527271807193756,-0.8958383202552795,-0.0002666094806045294,-0.12241269648075104,-0.7428224682807922,-0.0003157849714625627,-0.013910532929003239,-0.6983087658882141,-9.975886496249586e-05,-0.04451370611786842,-0.9626089334487915,-0.000185836324817501,-0.005564213264733553,-0.9097488522529602,-0.0002487401943653822,0.03060317412018776,-0.7567330002784729,-0.00027715470059774816,0.1530158668756485,-0.6621413826942444,-0.00013301079161465168,0.1530158668756485,-0.9153130650520325,-0.00019229234021622688,0.15858007967472076,-0.9180951714515686,-0.0002248307573609054,0.15858007967472076,-0.7984645962715149,-0.00024051779473666102,-0.9581444302370086,0.7531386684709667,-0.9291574848964252,-0.9981953579608921,0.8745323204548004,-0.9312569225987719,-0.9954568779233185,0.8679422490117452,-0.9199185760245385,-0.9743221680342344,-0.4472087116867734,0.4472068052920431,-0.7878365233489638,-0.6030286732270742,-0.9614511660121157,0.6005743698593792,0.670141384982754,0.7528413902892014,0.7573516158132131,0.8140598779517113,0.16336649509153622,0.18865655611568055,0.21836765189705493,0.25187950119395064,0.3580310533297957,0.0,0.0,0.0,0.0,1.0
3,0.0,0.0,0.0,-0.22300653159618378,-0.05296405032277107,-0.0001042630392475985,-0.36517319083213806,-0.22579410672187805,-0.0001727958588162437,-0.3289346396923065,-0.3930490016937256,-0.0002446007274556905,-0.239732027053833,-0.5519411563873291,-0.00030707207042723894,-0.340084969997406,-0.6049052476882935,-6.572410347871482e-05,-0.39583659172058105,-0.8139738440513611,-0.00018034222011920065,-0.3205718994140625,-0.7693725228309631,-0.00027305909316055477,-0.2313692718744278,-0.641143798828125,-0.0003225549007765949,-0.17283006012439728,-0.6829575300216675,-7.350796659011394e-05,-0.2313692718744278,-0.9728659987449646,-0.00017415359616279602,-0.15889215469360352,-0.8948137164115906,-0.0002599935105536133,-0.10314051806926727,-0.7387091517448425,-0.00030582360341213644,-0.008362744934856892,-0.702470600605011,-9.852107177721336e-05,-0.044601306319236755,-0.9700784087181091,-0.00018396967789158225,0.002787581644952297,-0.9143267869949341,-0.0002383178798481822,0.041813723742961884,-0.758222222328186,-0.0002596405101940036,0.15889215469360352,-0.6662319898605347,-0.0001345209893770516,0.1616797298192978,-0.919901967048645,-0.00019373050599824637,0.170042484998703,-0.919901967048645,-0.00022060460469219834,0.170042484998703,-0.797248363494873,-0.0002305494708707556,-0.9685231590030577,0.7142528784767216,-0.9097811355384073,-0.9988185251383611,0.8529761348834493,-0.9189626536590217,-0.9924826254957183,0.841956630357687,-0.8962673865004823,-0.9752093048698997,-0.010989041282929842,-2.60556279583171e-07,-0.7965327508256815,-0.6202559352768552,-0.9558704395888338,0.6017562581071939,0.6816136497583325,0.7458748589535408,0.7593743151845616,0.8151806483577361,0.16852231800753245,0.1931568307319988,0.20965071690393325,0.25406729328271765,0.3599129629352364,0.0,0.0,0.0,0.0,1.0
3,0.0,0.0,0.0,-0.21014609932899475,-0.047006361186504364,-0.00010925543756457046,-0.35116517543792725,-0.207381010055542,-0.00018255476607009768,-0.33457469940185547,-0.36499059200286865,-0.00025849914527498186,-0.28480327129364014,-0.5308954119682312,-0.00032497892971150577,-0.33457469940185547,-0.6000223755836487,-7.393951091216877e-05,-0.38711121678352356,-0.8101685047149658,-0.00019609682203736156,-0.32074931263923645,-0.7742224335670471,-0.0002952685463242233,-0.24056197702884674,-0.6497938632965088,-0.0003479583829175681,-0.17143496870994568,-0.6719144582748413,-8.195350528694689e-05,-0.2295016497373581,-0.9733082056045532,-0.00019476011220831424,-0.16037465631961823,-0.8931208848953247,-0.0002888386370614171,-0.10783812403678894,-0.7299811840057373,-0.00033727605477906764,-0.005530160386115313,-0.6912700533866882,-0.00010736409603850916,-0.0442412830889225,-0.9594827890396118,-0.00020178253180347383,0.0027650801930576563,-0.8986510634422302,-0.00026286341017112136,0.038711123168468475,-0.7382764220237732,-0.00028651903267018497,0.16590480506420135,-0.6553239822387695,-0.0001436614547856152,0.17143496870994568,-0.9069463014602661,-0.00020777463214471936,0.17973020672798157,-0.9041812419891357,-0.00023845245596021414,0.17420004308223724,-0.7797526121139526,-0.00025035301223397255,-0.9654364275058865,0.6753207121336533,-0.8766631724321974,-0.9982312017029817,0.8672561093077368,-0.9210949410704062,-0.990855520321966,0.8705143666889416,-0.9058580746009639,-0.9745748950886948,0.29530355044565215,-0.2737924449456614,-0.8083405365762049,-0.677717014014425,-0.9826444721564573,0.6024640334104853,0.6928940865780285,0.7379035970260199,0.7392906094357179,0.7989742504441317,0.21579618284261345,0.21281005997054508,0.209876149419977,0.24014471863191314,0.3532249409758164,0.0,0.0,0.0,0.0,1.0
3,0.0,0.0,0.0,-0.22400104999542236,-0.0482027605175972,-9.702713578008115e-05,-0.36293840408325195,-0.20698831975460052,-0.0001632978382986039,-0.35726749897003174,-0.35443204641342163,-0.00023354105360340327,-0.3487611413002014,-0.5075467228889465,-0.0002951670903712511,-0.36010295152664185,-0.5954458713531494,-6.785908772144467e-05,-0.41681209206581116,-0.8166114687919617,-0.0001832978887250647,-0.35443204641342163,-0.7825859785079956,-0.0002778898342512548,-0.27220380306243896,-0.6521549820899963,-0.0003270723682362586,-0.1928110420703888,-0.669167697429657,-8.022073598112911e-05,-0.2551910877227783,-0.9668906331062317,-0.00018241872021462768,-0.1928110420703888,-0.9045106172561646,-0.00027373546618036926,-0.13610190153121948,-0.7513959407806396,-0.0003241896047256887,-0.022683650255203247,-0.6861804723739624,-0.00010886735253734514,-0.056709129363298416,-0.9697260856628418,-0.00019474572036415339,-0.022683650255203247,-0.9215233325958252,-0.0002590228687040508,0.014177282340824604,-0.7655732035636902,-0.0002894206845667213,0.15595009922981262,-0.6521549820899963,-0.0001473129668738693,0.16162101924419403,-0.9073460698127747,-0.00020991785277146846,0.16445647180080414,-0.9016751050949097,-0.00024376650981139392,0.16445647180080414,-0.7769150733947754,-0.000259516469668597,-0.9574073590401937,0.6818930063663255,-0.8732554453113622,-0.9972632051269538,0.8370848555910918,-0.9086767210351895,-0.9962712966240013,0.8798566274985485,-0.927712050669489,-0.9775058589501024,0.8842568176303109,-0.894415096286499,-0.8020906719901677,-0.7267122441974021,-0.9998544387826008,0.6158230892577755,0.7066831641401989,0.7636227247361813,0.765704493836681,0.794130359519222,0.2651527705103536,0.22968825728374734,0.23662944899401783,0.26389741822730844,0.3569288869648182,0.0,0.0,0.0,0.0,1.0
3,0.0,0.0,0.0,-0.2337890863418579,-0.08553259074687958,-6.804766599088907e-05,-0.3848966658115387,-0.2337890863418579,-0.00012135316501371562,-0.4219607710838318,-0.37064123153686523,-0.0001808439992601052,-0.4276629388332367,-0.49608901143074036,-0.00023148000764194876,-0.3791944682598114,-0.6243879199028015,-2.9699576771236025e-05,-0.45332273840904236,-0.8638791441917419,-0.00013345986371859908,-0.410556435585022,-0.8524748086929321,-0.0002211129030911252,-0.33927926421165466,-0.7298781275749207,-0.0002624028129503131,-0.205278217792511,-0.6871117949485779,-4.54808323411271e-05,-0.25659775733947754,-0.9665182828903198,-0.00013178493827581406,-0.2280869036912918,-0.9465606808662415,-0.0002080939884763211,-0.17676734924316406,-0.8154106736183167,-0.00024883277365006506,-0.028510862961411476,-0.6956650614738464,-7.722645386820659e-05,-0.059872813522815704,-0.9665182828903198,-0.00014370518329087645,-0.06272389739751816,-0.95511394739151,-0.00019322232401464134,-0.04561738297343254,-0.8325172066688538,-0.00021736111375503242,0.1568097472190857,-0.6557498574256897,-0.00011750916746677831,0.17106518149375916,-0.8980922102928162,-0.00016527451225556433,0.15395866334438324,-0.923751950263977,-0.0001888961996883154,0.14825649559497833,-0.8467726707458496,-0.000197884306544438,-0.9699907683877718,0.5318395505438749,-0.7083997889510845,-0.9941016951978845,0.7120203684168185,-0.8325589044094293,-0.9972398041468932,0.9357976679652918,-0.9273089856713042,-0.9845577952415729,-0.7980412389182148,0.7887999322800869,-0.9109783095859149,-0.8625880040599663,-0.9761010858301176,0.654980922136056,0.8048804319576778,0.8343508223106206,0.8337661268703838,0.8596534304786245,0.3384017741678248,0.3169408847677528,0.2954782987068051,0.3033835420240712,0.39505856655822247,0.0,0.0,0.0,0.0,1.0
3,0.0,0.0,0.0,-0.2420935332775116,-0.08259661495685577,-5.2447689085965976e-05,-0.40728676319122314,-0.2278527319431305,-9.325562132289633e-05,-0.4784907400608063,-0.3303864598274231,-0.00014302109775599092,-0.5439984202384949,-0.41298308968544006,-0.0001877428439911455,-0.36171621084213257,-0.6379876732826233,2.209151489296346e-06,-0.4243757128715515,-0.8373587727546692,-8.934561628848314e-05,-0.4784907400608063,-0.8772330284118652,-0.00017085646686609834,-0.5041241645812988,-0.811725378036499,-0.00021012708020862192,-0.18797850608825684,-0.6921026706695557,-2.4328894141945057e-05,-0.2136119306087494,-0.9769185781478882,-0.0001173392083728686,-0.25918248295783997,-0.9541333317756653,-0.00018213783914688975,-0.27627143263816833,-0.8088772296905518,-0.00020312887500040233,-0.011392636224627495,-0.6892545223236084,-6.678663339698687e-05,-0.02563343197107315,-0.9712222814559937,-0.00014102902787271887,-0.09114108979701996,-0.9370443820953369,-0.00017119981930591166,-0.11962268501520157,-0.8031808733940125,-0.00017014503828249872,0.17943403124809265,-0.6351394653320312,-0.00011682660260703415,0.19367481768131256,-0.874384880065918,-0.00016221411351580173,0.139559805393219,-0.874384880065918,-0.00016888442041818053,0.09968557208776474,-0.7860919237136841,-0.00015889821224845946,-0.977766677834261,-0.8072852038521783,0.2590495930304064,-0.9846481684539728,0.36523821546158264,-0.5486561916740867,-0.9994242013603675,0.41725702016405963,-0.6369435703126555,-0.976787819429645,0.059418613478590974,-0.41158671762094523,-0.9239659505653637,-0.9707303609772496,-0.9979822660559562,0.6830002238162186,0.9555308898976312,0.8547563119433115,0.8120400956977307,0.7923873802420257,0.48230365559247196,0.5117343149376683,0.3424170413234275,0.27570420622382924,0.3100100825947036,1.0,0.0,0.0,0.0,1.0
3,0.0,0.0,0.0,-0.23620398342609406,-0.06748685240745544,-6.840682908659801e-05,-0.435852587223053,-0.20808446407318115,-0.00011397182970540598,-0.5708262920379639,-0.31212669610977173,-0.00016496048192493618,-0.6945521831512451,-0.393673300743103,-0.00021048009512014687,-0.36836573481559753,-0.6045697331428528,-1.2061630513926502e-05,-0.4471004009246826,-0.7901585698127747,-0.0001068997589754872,-0.5342709422111511,-0.8351498246192932,-0.00018963191541843116,-0.5905099511146545,-0.8070303201675415,-0.00023152751964516938,-0.21652032434940338,-0.6720565557479858,-3.055993147427216e-05,-0.26151156425476074,-0.9588757157325745,-0.0001276009570574388,-0.3318103551864624,-0.9223203063011169,-0.00018417112005408853,-0.3571179211139679,-0.778910756111145,-0.00019645386782940477,-0.05342709273099899,-0.677680492401123,-6.61906015011482e-05,-0.0843585655093193,-0.9644995927810669,-0.00014524672587867826,-0.1659051775932312,-0.9138844609260559,-0.00016400804452132434,-0.1940247118473053,-0.778910756111145,-0.00015224056551232934,0.12934979796409607,-0.6326892375946045,-0.00011112730135209858,0.12934979796409607,-0.8773291110992432,-0.0001598340750206262,0.04780318960547447,-0.8548334836959839,-0.00016161681560333818,-0.0028119522612541914,-0.7479792833328247,-0.00014672341058030725,-0.9893604185642985,-0.7692690186726279,-0.5896953166232726,-0.9878440588110137,0.3182890394798851,-0.6085177718740283,-0.9995865569019878,0.4332229805200197,-0.6895656591368801,-0.9797344225558645,0.2659289947926189,-0.6530021714958903,-0.9443259305614514,-0.9990694362718363,-0.9972660676729356,0.7983617941092828,1.0,0.8568752524003456,0.8027126483101427,0.7479846159575887,0.6055344519928322,0.5680939875813452,0.36548501113093035,0.2772995698832089,0.25092702688740537,1.0,0.0,0.0,0.0,1.0
3,0.0,0.0,0.0,-0.21068409085273743,-0.0520513653755188,-7.258854020619765e-05,-0.40401774644851685,-0.19581228494644165,-0.00012027299089822918,-0.5601718425750732,-0.29247909784317017,-0.00017302353808190674,-0.7088900208473206,-0.33461591601371765,-0.0002220558817498386,-0.3470090925693512,-0.5626504421234131,-1.8772791008814238e-05,-0.44863319396972656,-0.7336763739585876,-0.00010247538011753932,-0.5626504421234131,-0.7733345627784729,-0.00017358030891045928,-0.6370095610618591,-0.7708559036254883,-0.0002142876764992252,-0.22059863805770874,-0.6147018074989319,-3.6681121855508536e-05,-0.2949577271938324,-0.8923091292381287,-0.00013714010128751397,-0.36931681632995605,-0.8154714107513428,-0.00019373351824469864,-0.3717954754829407,-0.6692318320274353,-0.00020594602392520756,-0.07683772593736649,-0.6147018074989319,-7.018598262220621e-05,-0.1313677281141281,-0.8799159526824951,-0.0001532064488856122,-0.22059863805770874,-0.8129927515983582,-0.00018147054652217776,-0.22803455591201782,-0.6816250085830688,-0.00017665288760326803,0.08427363634109497,-0.5800009369850159,-0.00011276589793851599,0.06444454938173294,-0.8129927515983582,-0.00016038099420256913,-0.024786364287137985,-0.7956423163414001,-0.00017125668819062412,-0.06692318618297577,-0.6890609264373779,-0.00016677187522873282,-0.999863957659922,-0.7648979849389884,-0.9330279984048552,-0.9965705143697617,0.5142014051948233,-0.7302839903498635,-0.9969261550017923,0.4265903237893266,-0.6442517104290995,-0.9738503812422021,0.10694130205625728,-0.5384009208090609,-0.9221565237022284,-0.9963830689721586,-0.9615484799629075,0.7838960037736271,1.0,0.7655737761959527,0.7187575925638486,0.6923031712446707,0.6130084389219747,0.60289181562842,0.32470137302298335,0.2374735744739176,0.2193390713827324,1.0,0.0,0.0,0.0,1.0
3,0.0,0.0,0.0,-0.1990719437599182,-0.055554959923028946,-8.965691813500598e-05,-0.3935143053531647,-0.18286840617656708,-0.00015163980424404144,-0.567123532295227,-0.26388606429100037,-0.00021715721231885254,-0.7291588187217712,-0.29397833347320557,-0.0002781599760055542,-0.33795931935310364,-0.530086874961853,-2.9687764254049398e-05,-0.45601361989974976,-0.6805482506752014,-0.00011560015991562977,-0.5856418609619141,-0.726844072341919,-0.0001873706205515191,-0.6666595339775085,-0.7453623414039612,-0.00023064491688273847,-0.22453463077545166,-0.583327054977417,-4.1649451304692775e-05,-0.30786705017089844,-0.8448983430862427,-0.00014897360233590007,-0.3935143053531647,-0.7638806700706482,-0.00020503028645180166,-0.39582908153533936,-0.6273080706596375,-0.0002162444725399837,-0.09490638971328735,-0.5902714133262634,-7.113594620022923e-05,-0.15509092807769775,-0.8356391787528992,-0.00015858486585784703,-0.2592564821243286,-0.7685102820396423,-0.00018515695410314947,-0.27314522862434387,-0.6481412053108215,-0.0001784911728464067,0.057869747281074524,-0.5601791739463806,-0.00011170455400133505,0.0300922691822052,-0.7823989987373352,-0.00015915361291263252,-0.07175848633050919,-0.7661954760551453,-0.00016907315875869244,-0.11805428564548492,-0.6620299220085144,-0.00016478430188726634,-0.9952297446501052,-0.8459335656146686,-0.9930091005228491,-0.9982586174701852,0.43425331183723714,-0.6994123573418347,-0.9967120284983637,0.32586397728395333,-0.6344806338248832,-0.9742794606605636,0.03340750647949184,-0.5446679408325518,-0.9530720986909645,-0.9897803171878021,-0.9681646517027133,0.7861907746351917,1.0,0.7417520772922835,0.7033458350452192,0.6724733977171966,0.6296067626226978,0.6201192178993846,0.3264904992452632,0.24829619082549728,0.20926522796668648,1.0,0.0,0.0,0.0,1.0
3,0.0,0.0,0.0,-0.21210376918315887,-0.055816780775785446,-8.395505574299023e-05,-0.4063461720943451,-0.1719156801700592,-0.00014418063801713288,-0.5871925354003906,-0.23889581859111786,-0.0002100565325235948,-0.7546428442001343,-0.2679205536842346,-0.0002711988636292517,-0.3438313603401184,-0.5135143995285034,-2.3614622477907687e-05,-0.4643956124782562,-0.6742666959762573,-0.00011451962927822024,-0.596123218536377,-0.7144547700881958,-0.00018969869415741414,-0.6809647083282471,-0.7323161363601685,-0.00023528363090008497,-0.23889581859111786,-0.5626331567764282,-3.8471524021588266e-05,-0.33713334798812866,-0.8238556981086731,-0.00015562692715320736,-0.4197421967983246,-0.7233854532241821,-0.0002179562288802117,-0.41081151366233826,-0.5871925354003906,-0.00023131871421355754,-0.11609890311956406,-0.569331169128418,-7.035999442450702e-05,-0.1853117048740387,-0.8238556981086731,-0.00016353395767509937,-0.28801459074020386,-0.7367814779281616,-0.00018955909763462842,-0.2947126030921936,-0.6095192432403564,-0.00017949460016097873,0.026792054995894432,-0.542539119720459,-0.00011293520947219804,-0.008930684998631477,-0.7635735273361206,-0.0001602427801117301,-0.11609890311956406,-0.745712161064148,-0.00017024189583025873,-0.1607523262500763,-0.6497073173522949,-0.00016483331273775548,-0.9985693966846988,-0.8073318055634763,-0.9960759548858767,-0.9991251956146806,0.4994328506576083,-0.7292131021289999,-0.9979305365872676,0.4238762834426316,-0.6858810013488762,-0.9781198094764476,0.004917953701835268,-0.565056664808479,-0.9606665195131225,-0.9831157726177925,-0.983288146845183,0.8007917370451856,1.0,0.7166318606706327,0.6770297460104834,0.6692988630192708,0.6430281148413902,0.6209517333386025,0.314287174336818,0.23505947226160845,0.2137337249320176,1.0,0.0,0.0,0.0,1.0
3,0.0,0.0,0.0,-0.21230991184711456,-0.05307747796177864,-6.633836164837703e-05,-0.4033888280391693,-0.157109335064888,-0.00011266231012996286,-0.571113646030426,-0.2165561020374298,-0.00016642440459690988,-0.7260998487472534,-0.2441563904285431,-0.0002161636803066358,-0.3545575439929962,-0.4798204004764557,-9.326744475401938e-06,-0.47557419538497925,-0.6305603981018066,-8.769696432864293e-05,-0.6029601097106934,-0.6815147995948792,-0.0001521112135378644,-0.6942533850669861,-0.7197305560112,-0.00019372890528757125,-0.25689497590065,-0.5328978896141052,-2.8933578505530022e-05,-0.3651730418205261,-0.7728080749511719,-0.00014113966608420014,-0.42674291133880615,-0.6645299792289734,-0.00019604081171564758,-0.40551191568374634,-0.5286516547203064,-0.00020530329493340105,-0.14224763214588165,-0.5435133576393127,-6.374602526193485e-05,-0.2165561020374298,-0.7834235429763794,-0.00015428541519213468,-0.30784937739372253,-0.6921302676200867,-0.00017603185551706702,-0.30784937739372253,-0.5647443532943726,-0.00016383583715651184,-0.004246198106557131,-0.5222823619842529,-0.00010776756971608847,-0.033969584852457047,-0.7260998487472534,-0.00015620546764694154,-0.13587833940982819,-0.7112382054328918,-0.00016718629922252148,-0.18258652091026306,-0.6263142228126526,-0.00016300191055051982,-0.9991971630925587,-0.8708665399240586,-0.9998730010918085,-0.9996813486463969,0.5889885629611192,-0.7825601343315526,-0.9990150716917165,0.4662389669616854,-0.7071067516021419,-0.9906734995283659,-2.507424556690924e-08,-0.6033184709380257,-0.9680182530564213,-0.9875516382890185,-0.9865196557301328,0.7660505264920233,1.0,0.6662675921187723,0.6432009191111441,0.6523859401186027,0.5995753413137013,0.6220266862044305,0.27791034908418677,0.21594121293696103,0.2128803005719435,1.0,0.0,0.0,0.0,1.0
3,0.0,0.0,0.0,-0.24542561173439026,-0.09300338476896286,-4.698280099546537e-05,-0.4520998001098633,-0.24025875329971313,-8.572197111789137e-05,-0.612272322177887,-0.3410124182701111,-0.000141742973937653,-0.7646945118904114,-0.4107649624347687,-0.00018977922445628792,-0.39009755849838257,-0.57093745470047,4.0687231376068667e-05,-0.5192689299583435,-0.7259430885314941,-6.884423783048987e-05,-0.6587740182876587,-0.6329396963119507,-0.00016083977243397385,-0.7130259871482849,-0.5321860313415527,-0.0002081120910588652,-0.29451072216033936,-0.6381065845489502,1.1073191672039684e-05,-0.44176608324050903,-0.8938658833503723,-0.00010415742872282863,-0.5528534650802612,-0.7388602495193481,-0.00016470467380713671,-0.539936363697052,-0.583854615688324,-0.00017731671687215567,-0.1730896383523941,-0.6639408469200134,-3.929928789148107e-05,-0.2764267325401306,-0.9610350131988525,-0.0001282242446905002,-0.39784783124923706,-0.8266968131065369,-0.00014440660015679896,-0.3952643871307373,-0.6742745637893677,-0.0001276518451049924,-0.020667418837547302,-0.6510237455368042,-9.950516687240452e-05,-0.06975254416465759,-0.9016161561012268,-0.00014159182319417596,-0.1937570571899414,-0.8680316209793091,-0.00014438523794524372,-0.2505924701690674,-0.7646945118904114,-0.000133003675728105,-0.995458794723278,-0.10653339030746745,-0.8828724549055169,-0.9959530657883271,0.41374918843050623,-0.761633888036603,-0.9968246459444402,0.48041120557169653,-0.7304037022936598,-0.9869563145236301,0.07100126032280422,-0.6942170550131828,-0.9671976787025536,-0.9983432185950533,-0.9912591996130669,0.8680354858610406,0.8897348415415576,0.7952468183153085,0.7815881913524402,0.8047076121941749,0.5964807029369852,0.5380502880614636,0.3727427038554706,0.2773831444131056,0.27047589764209423,0.0,0.0,0.0,0.0,1.0
3,0.0,0.0,0.0,-0.2487652748823166,-0.08379461616277695,-4.366866414784454e-05,-0.45301464200019836,-0.2435280978679657,-7.564071711385623e-05,-0.5996552109718323,-0.3639828562736511,-0.00012530270032584667,-0.7384400367736816,-0.45301464200019836,-0.00016671336197759956,-0.38231292366981506,-0.5682322382926941,4.998545773560181e-05,-0.5132420063018799,-0.7279657125473022,-5.486228837980889e-05,-0.6441711187362671,-0.6520268321037292,-0.00014476972864940763,-0.7070170640945435,-0.5577579140663147,-0.00019065769447479397,-0.2880440056324005,-0.6363153457641602,2.0582818251568824e-05,-0.4451588988304138,-0.8850806355476379,-8.916613296605647e-05,-0.552520751953125,-0.7410586476325989,-0.00015205328236334026,-0.5420464277267456,-0.5944180488586426,-0.0001671200298005715,-0.17020781338214874,-0.6651197671890259,-2.9143660867703147e-05,-0.28542542457580566,-0.9584009051322937,-0.00011646869097603485,-0.4006430208683014,-0.8300904035568237,-0.00013463973300531507,-0.3954058587551117,-0.6782127022743225,-0.00011884910054504871,-0.018330072984099388,-0.6625012159347534,-8.839711517794058e-05,-0.0811760351061821,-0.9138850569725037,-0.0001322956959484145,-0.20424938201904297,-0.8824620842933655,-0.00013544464309234172,-0.25138384103775024,-0.7751002311706543,-0.00012300506932660937,-0.9955496845364395,-0.1603429003436311,-0.8972875463241627,-0.9904599594341784,0.3587180881005166,-0.7571265448799719,-0.9923459149142836,0.4482227673820083,-0.7205816273685279,-0.9764792857488249,0.004999933067753377,-0.6160102588208237,-0.9431557737369948,-0.9997126539994923,-0.9931297074728734,0.8663232708234309,0.9005371257165379,0.8044546416695249,0.7850594119506676,0.8148460991858167,0.5691734957459235,0.5376933369688318,0.3805775919468382,0.2819876648240912,0.28021180321255745,1.0,0.0,0.0,0.0,1.0
3,0.0,0.0,0.0,-0.24571238458156586,-0.08103280514478683,-4.373114643385634e-05,-0.4443734586238861,-0.24048446118831635,-7.484550587832928e-05,-0.59075528383255,-0.36595460772514343,-0.0001235263771377504,-0.7292952537536621,-0.4496013820171356,-0.00016335716645698994,-0.3842523396015167,-0.5698436498641968,4.88951918669045e-05,-0.5097225308418274,-0.7397511005401611,-5.4341791837941855e-05,-0.6351926326751709,-0.6587182879447937,-0.0001390887045999989,-0.687471866607666,-0.5620017647743225,-0.0001806977961678058,-0.28753575682640076,-0.6378065943717957,2.0124933143961243e-05,-0.43653157353401184,-0.8992027640342712,-8.913182682590559e-05,-0.5280202627182007,-0.7475929856300354,-0.00014550902415066957,-0.499266654253006,-0.5959832072257996,-0.00015368811727967113,-0.16729353368282318,-0.666560173034668,-2.9052725949441083e-05,-0.28230786323547363,-0.9593238830566406,-0.00011548546171979979,-0.3868663012981415,-0.8260118365287781,-0.0001292311935685575,-0.3737964928150177,-0.6744020581245422,-0.00010907169053098187,-0.015683770179748535,-0.6639462113380432,-8.770427666604519e-05,-0.07580488175153732,-0.912272572517395,-0.0001287249178858474,-0.19343315064907074,-0.8782910704612732,-0.00012929661897942424,-0.2378704994916916,-0.773732602596283,-0.00011470914614619687,-0.9990841791626104,-0.06259428806301522,-0.8767161831091078,-0.9955350338613097,0.48798210738914327,-0.7449206804921492,-0.9917638807632225,0.5067062217251964,-0.7309406401511259,-0.9772068209894926,0.04368366329222481,-0.6312026889595526,-0.9366738027731821,-0.9994789578475698,-0.9863465924149097,0.8567456050936513,0.8879547170726438,0.7774723227834096,0.7710655323545549,0.8094717337486146,0.5613496411307107,0.5193724960636618,0.33999385119149517,0.26259837654862944,0.27438625190873916,0.0,0.0,0.0,0.0,1.0
3,0.0,0.0,0.0,-0.24715374410152435,-0.08325178921222687,-4.361227183835581e-05,-0.44227513670921326,-0.2445521205663681,-7.421903137583286e-05,-0.587965726852417,-0.3694297969341278,-0.00012223875091876835,-0.7310547828674316,-0.45788484811782837,-0.000161279589519836,-0.38764113187789917,-0.5671527981758118,5.1529055781429633e-05,-0.5151204466819763,-0.7362579703330994,-4.985252598999068e-05,-0.6425997614860535,-0.6582094430923462,-0.00013515994942281395,-0.6920304894447327,-0.5619495511054993,-0.00017816960462369025,-0.2939828634262085,-0.6347948908805847,2.3428965505445376e-05,-0.4448767304420471,-0.8949567079544067,-8.242316107498482e-05,-0.5359333753585815,-0.7518677115440369,-0.0001409396791132167,-0.5099171996116638,-0.6035754680633545,-0.00015286840789485723,-0.17170681059360504,-0.6660143136978149,-2.4681708964635618e-05,-0.2887796461582184,-0.9573955535888672,-0.00010662526619853452,-0.3902427554130554,-0.8247130513191223,-0.00011980265117017552,-0.37723466753959656,-0.6764207482337952,-0.00010176491196034476,-0.020812947303056717,-0.6582094430923462,-8.2450031186454e-05,-0.08065017312765121,-0.9027615785598755,-0.00011960671690758318,-0.1951213777065277,-0.8663389086723328,-0.00011898454249603674,-0.23674726486206055,-0.7622742056846619,-0.00010523944365559146,-0.9989234891787406,-0.0964337771176425,-0.8540773502014554,-0.9957821198507625,0.4604331955893777,-0.738198498979668,-0.9915972517235477,0.5106191867035729,-0.7382378961349325,-0.9783723173300027,0.06803401568131721,-0.6354253004090222,-0.9338072772934913,-0.999841007127618,-0.9880200919647114,0.8626120334218403,0.8914558733591118,0.7901385261746167,0.7745005512798211,0.7981924436991539,0.5582376893741658,0.5203020395725781,0.3492208999322522,0.26509044649179686,0.26439250408706083,0.0,0.0,0.0,0.0,1.0
3,0.0,0.0,0.0,-0.2417909950017929,-0.07799709588289261,-4.144351260038093e-05,-0.4445834457874298,-0.23919110000133514,-6.913058314239606e-05,-0.5849782228469849,-0.3665863573551178,-0.00011343032383592799,-0.720173180103302,-0.4653826653957367,-0.00014820296200923622,-0.3873855769634247,-0.5615791082382202,4.5214757847134024e-05,-0.5069811344146729,-0.7409723997116089,-5.288873580866493e-05,-0.6317765116691589,-0.6603754162788391,-0.00013177245273254812,-0.681174635887146,-0.5615791082382202,-0.00017036061035469174,-0.29118916392326355,-0.6317765116691589,1.6806416169856675e-05,-0.43678373098373413,-0.8995665311813354,-8.587904449086636e-05,-0.5277803540229797,-0.7513720393180847,-0.00013737170957028866,-0.4991814196109772,-0.6005776524543762,-0.0001447957765776664,-0.16899371147155762,-0.6629753112792969,-3.1006624340079725e-05,-0.2807895541191101,-0.951564610004425,-0.00011225960042793304,-0.38218578696250916,-0.8189695477485657,-0.00012302772665861994,-0.36918625235557556,-0.6707750558853149,-0.00010374194971518591,-0.012999515980482101,-0.6577755212783813,-8.784486271906644e-05,-0.07019738852977753,-0.9099661111831665,-0.0001250262139365077,-0.18459312617778778,-0.8683676719665527,-0.00012303621042519808,-0.22619158029556274,-0.7565718293190002,-0.00010874844156205654,-0.9998741640924824,-0.014561801123316809,-0.8609265405631571,-0.9978161017409869,0.4987320813160673,-0.7397451873544824,-0.9928086342210897,0.5212911591382448,-0.7382378961349325,-0.979411526389878,0.12540895749810815,-0.6480267207624344,-0.9360502995126226,-0.997869580566568,-0.9944070217398082,0.8574558302877618,0.8828194065384456,0.7809452990452053,0.7656615844461551,0.7896603860532584,0.5493368691636464,0.5124408638648202,0.34136444616459527,0.2589326051573105,0.25944900744599975,0.0,0.0,0.0,0.0,1.0
3,0.0,0.0,0.0,-0.24614869058132172,-0.0777311623096466,-4.052404983667657e-05,-0.45343178510665894,-0.2306024581193924,-6.79211734677665e-05,-0.5959389209747314,-0.35238128900527954,-0.00011198193533346057,-0.7280818819999695,-0.45343178510665894,-0.00014708131493534893,-0.39124685525894165,-0.5596643686294556,4.6399232815019786e-05,-0.5182077884674072,-0.722899854183197,-5.1472401537466794e-05,-0.6425776481628418,-0.645168662071228,-0.0001323778706137091,-0.6918073892593384,-0.5518912672996521,-0.0001725521869957447,-0.2953784167766571,-0.6348044872283936,1.738660103001166e-05,-0.4482497274875641,-0.8939083814620972,-8.487753075314686e-05,-0.5363450646400452,-0.7462191581726074,-0.00013765091716777533,-0.5078436136245728,-0.5933479070663452,-0.00014589924830943346,-0.17359960079193115,-0.6658969521522522,-3.085755815845914e-05,-0.2953784167766571,-0.9535022974014282,-0.00011215897393412888,-0.39383789896965027,-0.816177248954773,-0.00012336655345279723,-0.37570062279701233,-0.6658969521522522,-0.00010417201701784506,-0.01813727244734764,-0.6607149243354797,-8.79810904734768e-05,-0.08291324228048325,-0.9068635702133179,-0.0001265781174879521,-0.19950999319553375,-0.8602249026298523,-0.00012453552335500717,-0.23837557435035706,-0.7488102316856384,-0.00010962193482555449,-0.9987028246005976,-0.10226499507799977,-0.8645335262249366,-0.9952482080005648,0.47936104327861817,-0.7503797115794204,-0.989432038299102,0.5211772740579745,-0.7370234117200065,-0.9736938668931824,0.12287136747298875,-0.6564814821058066,-0.9461802584224765,-0.9974324622144387,-0.9985271166143782,0.8577316628534084,0.8849753670236382,0.7810037666056624,0.764571608404271,0.7858368985024906,0.5547389766392958,0.5183321848091967,0.3439217770060328,0.25720027770167075,0.2525033477205255,0.0,0.0,0.0,0.0,1.0
3,0.0,0.0,0.0,-0.24614620208740234,-0.0751393660902977,-3.830621426459402e-05,-0.45342719554901123,-0.22282707691192627,-6.477483111666515e-05,-0.5907508730888367,-0.3420136570930481,-0.00010843489144463092,-0.715119481086731,-0.44047215580940247,-0.00014349404955282807,-0.40678897500038147,-0.5596587061882019,4.78875772387255e-05,-0.5285665988922119,-0.7099374532699585,-4.864721995545551e-05,-0.6477531790733337,-0.6373891234397888,-0.0001307557977270335,-0.6969823837280273,-0.5415216088294983,-0.00017212863895110786,-0.30573949217796326,-0.6347981095314026,1.740523293847218e-05,-0.4430631399154663,-0.8964903354644775,-8.454039198113605e-05,-0.5337485671043396,-0.7565757036209106,-0.00013892512652091682,-0.5104295015335083,-0.5959329009056091,-0.00014807951811235398,-0.1761888563632965,-0.6684812307357788,-3.191155337844975e-05,-0.2824203670024872,-0.9560836553573608,-0.00011128794722026214,-0.38087886571884155,-0.8317150473594666,-0.00012554465502034873,-0.3679237961769104,-0.6788452863693237,-0.00010893662692978978,-0.010364050045609474,-0.6632992029190063,-9.002359729493037e-05,-0.062184303998947144,-0.9068543910980225,-0.00012834920198656619,-0.17877987027168274,-0.87058025598526,-0.00012900902947876602,-0.2254180908203125,-0.7591667175292969,-0.00011580478167161345,-0.9986222431871687,-0.133825713212571,-0.8527295343489483,-0.9994080305887348,0.4903322250644418,-0.752315322918251,-0.995384023751613,0.5204110236678189,-0.728831365640481,-0.9812377997038287,0.091849565009337,-0.6427329375989961,-0.9483547445380821,-0.9954201837140624,-0.9989799964511941,0.8398878672245209,0.8826268446079572,0.7846491201366228,0.7721391502177667,0.7919263800712165,0.5392080427029999,0.5184366503033615,0.3428248963986364,0.2559699917599663,0.2579816084599471,0.0,0.0,0.0,0.0,1.0
3,0.0,0.0,0.0,-0.23668457567691803,-0.07203444093465805,-4.2660740291466936e-05,-0.4322066307067871,-0.22124862670898438,-7.273901428561658e-05,-0.5608395338058472,-0.334445595741272,-0.00011880655074492097,-0.6868998408317566,-0.4322066307067871,-0.00015636920579709113,-0.396189421415329,-0.5608395338058472,3.688849392347038e-05,-0.5196770429611206,-0.7151990532875061,-6.28256966592744e-05,-0.6328740119934082,-0.6303013563156128,-0.00014685389760416,-0.6714638471603394,-0.5299676656723022,-0.0001893881562864408,-0.29585573077201843,-0.638019323348999,7.278564680746058e-06,-0.4296339750289917,-0.9030031561851501,-9.817392128752545e-05,-0.5171043276786804,-0.753788948059082,-0.00015471353253815323,-0.4913777709007263,-0.5917114615440369,-0.0001650210324442014,-0.167222797870636,-0.6663185358047485,-4.082753730472177e-05,-0.26755648851394653,-0.9570289850234985,-0.00012080776650691405,-0.3678901493549347,-0.8335413336753845,-0.00013841821055393666,-0.35245421528816223,-0.681754469871521,-0.00012488436186686158,-0.002572658471763134,-0.6560279130935669,-9.79141186689958e-05,-0.05145316943526268,-0.8978577852249146,-0.00013625490828417242,-0.167222797870636,-0.8644132614135742,-0.00013946295075584203,-0.21610331535339355,-0.753788948059082,-0.00012904766481369734,-0.9982172080077178,-0.03123504472467467,-0.8471906532595476,-0.9994446183801697,0.5422030123879712,-0.7727507321149049,-0.9962658898527711,0.5279182310023367,-0.7083326369937195,-0.9809469423994668,0.08170048378277364,-0.6421477773930223,-0.9371491379344973,-0.9975658399835303,-0.9980769960466328,0.8115626584210952,0.8554118510775559,0.7691388385304285,0.7674719649864697,0.7841545969272716,0.5195496685684461,0.4997583814548757,0.3307843067518389,0.2528676254624414,0.2533513728761808,0.0,0.0,0.0,0.0,1.0
3,0.0,0.0,0.0,-0.23064112663269043,-0.0794430524110794,-4.359184094937518e-05,-0.41515403985977173,-0.2203904092311859,-7.580437522847205e-05,-0.5253492593765259,-0.33827364444732666,-0.00012412086653057486,-0.6406698226928711,-0.4382181465625763,-0.00016431995027232915,-0.3972152769565582,-0.566352128982544,2.9960605388623662e-05,-0.515098512172699,-0.7226755619049072,-7.08211591700092e-05,-0.6124803423881531,-0.6381071209907532,-0.00015489982615690678,-0.6355444192886353,-0.527911901473999,-0.00019676487136166543,-0.289582759141922,-0.6406698226928711,2.642800609464757e-07,-0.41515403985977173,-0.9097511172294617,-0.00010275954991811886,-0.46897029876708984,-0.7585530281066895,-0.00015850459749344736,-0.4279674291610718,-0.5971042513847351,-0.0001697018014965579,-0.15376074612140656,-0.6662966012954712,-4.7334819100797176e-05,-0.253705233335495,-0.9507539868354797,-0.00012741814134642482,-0.32033491134643555,-0.8200573325157166,-0.00014188243949320167,-0.2870200574398041,-0.6637338995933533,-0.00012658213381655514,0.0153760751709342,-0.6509205102920532,-0.00010366609058110043,-0.0307521503418684,-0.8943750262260437,-0.00014146900502964854,-0.13325931131839752,-0.8610602021217346,-0.0001408794050803408,-0.17169950902462006,-0.7534276843070984,-0.00012794330541510135,-0.9994054422662805,0.06891776975914175,-0.7964585095974749,-0.9999265796076107,0.7119133222249826,-0.830573327050193,-0.9938369838015071,0.68997767815989,-0.7766705510983696,-0.9778488867119988,0.12663703810873475,-0.6109466715913905,-0.9490421358960369,-0.9861273461491478,-0.9944923273107408,0.7762042316428003,0.8262007983659166,0.7346356949116647,0.7231342955580592,0.7727444426665441,0.4802775057485881,0.4710728043959708,0.27864653108429455,0.20031168523217008,0.24866919462206505,0.0,0.0,0.0,0.0,1.0
3,0.0,0.0,0.0,-0.22354774177074432,-0.06680736690759659,-5.099820555187762e-05,-0.4034137427806854,-0.20042210817337036,-8.954935765359551e-05,-0.5036247968673706,-0.3109112083911896,-0.00014360566274262965,-0.6192529201507568,-0.4214003384113312,-0.00018938812718261033,-0.41626131534576416,-0.5550150871276855,1.136695846071234e-05,-0.5395979881286621,-0.7297420501708984,-9.545744978822768e-05,-0.6115443706512451,-0.6218224167823792,-0.00018122498295269907,-0.6064053773880005,-0.49077722430229187,-0.00022384067415259778,-0.29806363582611084,-0.632100522518158,-1.847475505201146e-05,-0.4265393614768982,-0.9044690132141113,-0.0001223058206960559,-0.4650820791721344,-0.7425895929336548,-0.00018186915258411318,-0.4214003384113312,-0.5858492255210876,-0.00019904553482774645,-0.15674036741256714,-0.6577956676483154,-6.599434709642082e-05,-0.2518123984336853,-0.9507202506065369,-0.00014863014803268015,-0.30577218532562256,-0.8068274855613708,-0.0001670313358772546,-0.26722946763038635,-0.6475175619125366,-0.00015681193326599896,0.01798659935593605,-0.6372395157814026,-0.00012219080235809088,-0.025695141404867172,-0.8864824175834656,-0.0001648294273763895,-0.11562813818454742,-0.847939670085907,-0.00016747663903515786,-0.1438927948474884,-0.7425895929336548,-0.00015761086251586676,-0.9995840558606326,0.3598716148449059,-0.8096749824223743,-0.9999999386960446,0.7810228161962531,-0.8749153893139248,-0.9968084132441396,0.7822008266039441,-0.8275062014055135,-0.9797245697766068,0.22933660311046344,-0.6186408911911785,-0.939881957913493,-0.9810038438127722,-0.9974475262449799,0.7490343345536069,0.7801216300512719,0.7216630641347396,0.7004931149361248,0.7564023193692583,0.45486784856897866,0.4358262488330816,0.26624926828675394,0.17933661397024372,0.2476057440813073,0.0,0.0,0.0,0.0,1.0
3,0.0,0.0,0.0,-0.21987619996070862,-0.05949591100215912,-5.824191612191498e-05,-0.40095072984695435,-0.19400840997695923,-0.00010233230568701401,-0.491487979888916,-0.3078266680240631,-0.0001604082208359614,-0.587198793888092,-0.4319920539855957,-0.0002106441097566858,-0.4216449558734894,-0.5509839057922363,-5.326870450517163e-06,-0.5406367778778076,-0.7398187518119812,-0.00011590718349907547,-0.6053062677383423,-0.6389343738555908,-0.00020317801681812853,-0.5897855758666992,-0.5018351078033447,-0.0002458198869135231,-0.2948927879333496,-0.6260004639625549,-3.425757313380018e-05,-0.4190581738948822,-0.9079593420028687,-0.0001409026444889605,-0.4552730619907379,-0.7449923157691956,-0.00020393819431774318,-0.4061242640018463,-0.5820252299308777,-0.00022289300977718085,-0.1474463939666748,-0.6544550657272339,-8.054466161411256e-05,-0.24315720796585083,-0.9467610716819763,-0.00016592169413343072,-0.2948927879333496,-0.8044882416725159,-0.00019063256331719458,-0.25091755390167236,-0.6441079378128052,-0.00018490166985429823,0.031041346490383148,-0.6389343738555908,-0.00013531313743442297,-0.02586778812110424,-0.8898519277572632,-0.00018038300913758576,-0.10864470899105072,-0.8355295658111572,-0.00018381897825747728,-0.11640504747629166,-0.7139509320259094,-0.00017458247020840645,-0.9958703673703758,0.42455511954133884,-0.7758291832440014,-0.999676627825524,0.8059703008514745,-0.871971495576263,-0.9955066149843872,0.7867917518207226,-0.8159722580552874,-0.9633493618009602,0.350144515528988,-0.6007985691165271,-0.930634306732813,-0.9664107542893283,-0.9998835681635376,0.7289853429550222,0.7743936210893206,0.7097114409071662,0.6912558539606735,0.7233783135604112,0.42516727067994203,0.42326811810893583,0.2551718011742182,0.1721085160345868,0.22553037728383804,0.0,0.0,0.0,0.0,1.0
3,0.0,0.0,0.0,-0.2232290804386139,-0.059700801968574524,-5.9458328905748203e-05,-0.39973580837249756,-0.19208084046840668,-0.00010358672443544492,-0.4879891574382782,-0.3036953806877136,-0.0001608214806765318,-0.5996037125587463,-0.42309698462486267,-0.00020971179765183479,-0.4360754191875458,-0.5528813600540161,-8.436442840320524e-06,-0.5450942516326904,-0.7501535415649414,-0.0001168328890344128,-0.5892209410667419,-0.6515174508094788,-0.0002013099438045174,-0.5658597946166992,-0.5139460563659668,-0.0002419280499452725,-0.3010996878147125,-0.6281562447547913,-3.392700818949379e-05,-0.41790562868118286,-0.9084904789924622,-0.0001389323442708701,-0.4360754191875458,-0.7475578784942627,-0.00020299821335356683,-0.38675737380981445,-0.5840296149253845,-0.0002235948049928993,-0.14795416593551636,-0.6541131138801575,-7.651801570318639e-05,-0.236207515001297,-0.9474257826805115,-0.00016251782653853297,-0.2803342044353485,-0.8098543882369995,-0.0001930256694322452,-0.2413989007472992,-0.6463260650634766,-0.00019099778728559613,0.031148243695497513,-0.6359433531761169,-0.00012694270117208362,-0.007787060923874378,-0.8903206586837769,-0.00017550107440911233,-0.07787061482667923,-0.8565767407417297,-0.00018694881873670965,-0.09344473481178284,-0.7449621558189392,-0.00018285871192347258,-0.9867494033943841,0.6014148077694625,-0.8315686475929186,-0.9986382944418203,0.8740988726932983,-0.9189686257529122,-0.9975634853810885,0.8238329395073599,-0.8555776407712077,-0.9799027321874157,0.2925006990174344,-0.5541679743105031,-0.9278557291457796,-0.9668377850813172,-0.996585638543535,0.7338499517348597,0.7644199334950251,0.7004797521676538,0.6899354072530631,0.7508000226235418,0.4346656508252761,0.39555587610854165,0.233891519324513,0.1676943307590341,0.26240334099650364,0.0,0.0,0.0,0.0,1.0
3,0.0,0.0,0.0,-0.21845833957195282,-0.05721528083086014,-6.696182390442118e-05,-0.3875035047531128,-0.18464931845664978,-0.00011926372826565057,-0.4655243158340454,-0.2938784956932068,-0.00018432903743814677,-0.5565486550331116,-0.42131251096725464,-0.00024170117103494704,-0.43171530961990356,-0.5513472557067871,-2.0368701370898634e-05,-0.5409444570541382,-0.7490000128746033,-0.00013312588271219283,-0.5747535228729248,-0.647572934627533,-0.00022226285364013165,-0.5435451865196228,-0.5045347213745117,-0.0002666147192940116,-0.2938784956932068,-0.6241666674613953,-4.49582003057003e-05,-0.40830904245376587,-0.9128438234329224,-0.00015313495532609522,-0.41611114144325256,-0.7516007423400879,-0.00022491230629384518,-0.36149653792381287,-0.5903576612472534,-0.00025255788932554424,-0.140437513589859,-0.6501736640930176,-8.669027738505974e-05,-0.22626042366027832,-0.9544548988342285,-0.00017481223039794713,-0.26006945967674255,-0.8192188143730164,-0.0002127614279743284,-0.22105903923511505,-0.647572934627533,-0.00021763118274975568,0.04421180859208107,-0.6319687962532043,-0.0001365903444821015,0.007802083622664213,-0.8842361569404602,-0.0001893181906780228,-0.062416668981313705,-0.8530278205871582,-0.00020769228285644203,-0.08062153309583664,-0.7385972738265991,-0.00020969536853954196,-0.9873163474628179,0.6773713362349798,-0.8594691233641801,-0.998038312109145,0.9107309003999813,-0.9305328858085705,-0.998067547301463,0.8678743757474533,-0.8922668110273074,-0.9773619948399455,0.271435501698757,-0.5446679204641125,-0.9249825862744493,-0.9539703023316749,-0.9999999211259437,0.6980334707677025,0.7416176450396362,0.6922441316312732,0.6842645041620399,0.7429844224204825,0.3984213209334722,0.37940417839742513,0.2205174785358172,0.1660221809849448,0.26087239223185354,0.0,0.0,0.0,0.0,1.0
3,0.0,0.0,0.0,-0.21563871204853058,-0.052594806998968124,-6.965215288801119e-05,-0.38657182455062866,-0.17356285452842712,-0.00012379875988699496,-0.45494505763053894,-0.28401196002960205,-0.00019022509513888508,-0.5233182907104492,-0.42338818311691284,-0.0002479245304130018,-0.4260179400444031,-0.5469859838485718,-2.7091895390185528e-05,-0.5338372588157654,-0.7547354698181152,-0.00014269832172431052,-0.5522454380989075,-0.6416566371917725,-0.00023129067267291248,-0.5049101114273071,-0.49439117312431335,-0.00027481792494654655,-0.28401196002960205,-0.6206187009811401,-5.20102730661165e-05,-0.3970907926559448,-0.9177793860435486,-0.00016413070261478424,-0.39972051978111267,-0.7468462586402893,-0.00023361860075965524,-0.3392364978790283,-0.583802342414856,-0.000258250831393525,-0.12622752785682678,-0.6495458483695984,-9.441976726520807e-05,-0.21300897002220154,-0.9519659876823425,-0.00018496862321626395,-0.2419361025094986,-0.8099600076675415,-0.00021899057901464403,-0.19460077583789825,-0.6469160914421082,-0.00022065118537284434,0.05785428732633591,-0.6337674260139465,-0.00014520181866828352,0.02366766333580017,-0.8888522386550903,-0.000196747831068933,-0.0447055846452713,-0.8388871550559998,-0.00020919949747622013,-0.05785428732633591,-0.7152893543243408,-0.00020709785167127848,-0.9833044736613189,0.8020371030679171,-0.8904907917629016,-0.9978511499676901,0.9290369433182764,-0.9321050214265243,-0.9961736406546612,0.8868090261307614,-0.8853689322936458,-0.9749588660483293,0.477539901618009,-0.672116689905727,-0.9299062849306411,-0.9208197661179662,-0.9951787394298938,0.6731416504541615,0.7066519396501566,0.6752086144539734,0.675551617080022,0.7176252950713395,0.37365641922914133,0.3492548801633572,0.20605158473794005,0.16149269261555632,0.24544375904555066,0.0,0.0,0.0,0.0,1.0
3,0.0,0.0,0.0,-0.21289238333702087,-0.04311744496226311,-7.875788287492469e-05,-0.3853621780872345,-0.16438525915145874,-0.00013957863848190755,-0.45273318886756897,-0.2748737037181854,-0.00021099025616422296,-0.4958506226539612,-0.4230899214744568,-0.0002732246648520231,-0.41770026087760925,-0.5443577766418457,-4.5097698603058234e-05,-0.522799015045166,-0.768029510974884,-0.00016589499136898667,-0.5389680862426758,-0.6602358818054199,-0.000255873630521819,-0.4850712716579437,-0.506630003452301,-0.0002991465153172612,-0.2748737037181854,-0.6171184182167053,-6.626800313824788e-05,-0.38805702328681946,-0.9216353893280029,-0.00017912186740431935,-0.39075183868408203,-0.7545552849769592,-0.000248609489062801,-0.3341602087020874,-0.5928648710250854,-0.0002747769467532635,-0.1158781349658966,-0.6440668106079102,-0.00010533469321671873,-0.20211303234100342,-0.9566683173179626,-0.00019782205345109105,-0.2317562699317932,-0.8219262957572937,-0.00023476817295886576,-0.18594397604465485,-0.652151346206665,-0.0002394643670413643,0.07006584852933884,-0.6252029538154602,-0.0001532009191578254,0.03503292426466942,-0.8839076161384583,-0.00020961604604963213,-0.02694840356707573,-0.8434849977493286,-0.00022723509755451232,-0.040422603487968445,-0.7195223569869995,-0.0002288156538270414,-0.9769258854704767,0.8319666048754296,-0.8840464665846652,-0.998005015315349,0.9316072035148314,-0.9384080678723834,-0.9958482264288716,0.884339938848702,-0.8869422090613621,-0.9698452818555808,0.42892637869787237,-0.6335805690413231,-0.915924272963086,-0.9169556833003718,-0.9652321842002715,0.6518228537230829,0.7014044042645388,0.6805526166177599,0.6781420388431036,0.7206569528615943,0.3538378488713341,0.3380151606151322,0.2148585188263398,0.1703557920357632,0.2568396746815852,0.0,0.0,0.0,0.0,1.0
3,0.0,0.0,0.0,-0.21005894243717194,-0.040920574218034744,-8.027610601857305e-05,-0.37919729948043823,-0.16368229687213898,-0.0001399784378008917,-0.43921414017677307,-0.2864440083503723,-0.0002095897070830688,-0.47740668058395386,-0.4446702301502228,-0.00026895853807218373,-0.42011788487434387,-0.5537917613983154,-4.317390630603768e-05,-0.5183272361755371,-0.7747628688812256,-0.0001584963029017672,-0.5128712058067322,-0.6710973978042603,-0.00024205305089708418,-0.4501262903213501,-0.5265113711357117,-0.00028139795176684856,-0.2700757682323456,-0.630176842212677,-6.333626515697688e-05,-0.3737412393093109,-0.927532970905304,-0.00017173968080896884,-0.3682851493358612,-0.766578733921051,-0.00023807963589206338,-0.3109963536262512,-0.608352541923523,-0.00026256212731823325,-0.1063934862613678,-0.6574572324752808,-0.00010136768105439842,-0.18550659716129303,-0.9629974961280823,-0.00019131034787278622,-0.21005894243717194,-0.8265956044197083,-0.00022633295156992972,-0.16641032695770264,-0.6601852178573608,-0.00023025940754450858,0.08184114843606949,-0.6410889625549316,-0.0001482432271586731,0.049104686826467514,-0.9002525806427002,-0.00020236735872458667,-0.008184114471077919,-0.8538759350776672,-0.0002171439555240795,-0.013640191406011581,-0.7283862233161926,-0.0002169689250877127,-0.9734901742501577,0.9338938210848827,-0.9370002261125995,-0.9975896742222276,0.9548730947025662,-0.9512598611047438,-0.9956851958745423,0.908357143663887,-0.9070344574180859,-0.9682601344365401,0.5268334761420478,-0.6623657065054671,-0.9066840155314946,-0.8831594699891734,-0.9763598817500563,0.6524176872250254,0.6926961705729863,0.6832361186663316,0.6808355149813154,0.7285139101808741,0.3384500492109186,0.30863939677454105,0.2018667513850405,0.16535519069043644,0.26550083577806116,0.0,0.0,0.0,0.0,1.0
3,0.0,0.0,0.0,-0.21019673347473145,-0.038720451295375824,-8.27933254186064e-05,-0.38167300820350647,-0.16871052980422974,-0.00014522517449222505,-0.43422219157218933,-0.2904033660888672,-0.00021703168749809265,-0.4646454155445099,-0.45081666111946106,-0.0002780263312160969,-0.4148619771003723,-0.5614465475082397,-5.008120569982566e-05,-0.5061315894126892,-0.7771747708320618,-0.00016520326607860625,-0.49783435463905334,-0.6776078939437866,-0.00024775625206530094,-0.43145644664764404,-0.5310233235359192,-0.00028684959397651255,-0.259980171918869,-0.6361216902732849,-6.874438986415043e-05,-0.36231279373168945,-0.9320565462112427,-0.0001745733607094735,-0.3512498140335083,-0.7688775062561035,-0.00023695966228842735,-0.29870063066482544,-0.6139957308769226,-0.00026044517289847136,-0.09403537958860397,-0.6637791395187378,-0.00010512321750866249,-0.16871052980422974,-0.9763085246086121,-0.00019424172933213413,-0.18530501425266266,-0.8352554440498352,-0.0002234295679954812,-0.14658457040786743,-0.6637791395187378,-0.00022452787379734218,0.09680112451314926,-0.6416531801223755,-0.00015076455019880086,0.07744090259075165,-0.9016333222389221,-0.00020714481070172042,0.019360225647687912,-0.8546156883239746,-0.00022117083426564932,0.0027657465543597937,-0.7273913025856018,-0.00022062660718802363,-0.9722507559302151,0.9501431028679298,-0.9420642681333417,-0.9984846781341021,0.9650319283099845,-0.9665427529887706,-0.9956030491940727,0.9388057601324057,-0.943024298532671,-0.9750026272795498,0.5697406814371689,-0.7244414606122836,-0.8931594662278256,-0.8705277933564772,-0.9758531721712251,0.6474033651490961,0.6842079742088739,0.6827978385178137,0.6797719170721711,0.7273966398476138,0.3339617132165341,0.2985952408363547,0.19962037665064455,0.16363224856336148,0.265052609784976,0.0,0.0,0.0,0.0,1.0
3,0.0,0.0,0.0,-0.21317538619041443,-0.03322213888168335,-8.287239324999973e-05,-0.3820545971393585,-0.16057366132736206,-0.00014541299606207758,-0.42635077238082886,-0.28792521357536316,-0.0002170250954804942,-0.4484988749027252,-0.4484988749027252,-0.00027880980633199215,-0.41527673602104187,-0.5509337782859802,-5.2146697271382436e-05,-0.5066376328468323,-0.7751832008361816,-0.0001682206493569538,-0.48725801706314087,-0.6810538172721863,-0.0002524862065911293,-0.42081373929977417,-0.5370912551879883,-0.0002930279297288507,-0.26300859451293945,-0.625683605670929,-7.166602154029533e-05,-0.35990649461746216,-0.9329884052276611,-0.00018171846750192344,-0.3377583920955658,-0.7751832008361816,-0.0002505240554455668,-0.2851566970348358,-0.6173780560493469,-0.0002775004249997437,-0.09966641664505005,-0.6533687114715576,-0.0001082485614460893,-0.17164771258831024,-0.9634420275688171,-0.00020051367755513638,-0.17441622912883759,-0.8305534720420837,-0.00023677364515606314,-0.13012003898620605,-0.664442777633667,-0.0002416778152110055,0.09136088192462921,-0.6367576718330383,-0.00015357465599663556,0.0664442777633667,-0.8969977498054504,-0.00021225569071248174,0.027685115113854408,-0.8554700613021851,-0.00022960493515711278,0.022148091346025467,-0.7364240884780884,-0.00023113010684028268,-0.9666379799041009,0.9831497894898145,-0.9738113726763368,-0.995726634935027,0.9862520118241309,-0.9834273341938815,-0.9970579411671853,0.9691757191965173,-0.9606584293135246,-0.9718210123202058,0.6626962532617281,-0.7619672044580681,-0.8816172324523531,-0.8309736715743199,-0.980526656473377,0.6342732315063844,0.6823132177753513,0.6800515513608821,0.67706387726964,0.7367571189602401,0.3143962810630618,0.28685052918803483,0.1929755103154682,0.1712454026765714,0.2907147690475207,0.0,0.0,0.0,0.0,1.0
3,0.0,0.0,0.0,-0.2122880220413208,-0.03584083542227745,-8.894004713511094e-05,-0.37770727276802063,-0.16266225278377533,-0.0001565839338582009,-0.419062077999115,-0.2894836664199829,-0.00023182350560091436,-0.4383609890937805,-0.45214593410491943,-0.0002979660639539361,-0.419062077999115,-0.5486404895782471,-6.758786912541837e-05,-0.5017716884613037,-0.7747134566307068,-0.00018657818145584315,-0.4797157943248749,-0.6809759140014648,-0.0002741236239671707,-0.4135481119155884,-0.5320985913276672,-0.00031756696989759803,-0.26191380620002747,-0.6230791807174683,-8.592422818765044e-05,-0.3556513786315918,-0.9346187114715576,-0.00019962078658863902,-0.33635246753692627,-0.7802274227142334,-0.00027428724570199847,-0.2867266833782196,-0.6175651550292969,-0.00030704776872880757,-0.09373757243156433,-0.6506490111351013,-0.00012080476153641939,-0.16266225278377533,-0.9677025675773621,-0.00021624713554047048,-0.16817623376846313,-0.83812415599823,-0.0002597998536657542,-0.12957841157913208,-0.6671909689903259,-0.0002712412388063967,0.09649455547332764,-0.6313501000404358,-0.00016431974654551595,0.0716816708445549,-0.8932639360427856,-0.00022752732911612839,0.033083848655223846,-0.8546661138534546,-0.0002502729184925556,0.024812886491417885,-0.7306016683578491,-0.00025665241992101073,-0.9548746361905037,0.9928510168905301,-0.982541407495545,-0.9944231029723392,0.9859353261670768,-0.9852853943471229,-0.9974822256176729,0.967261229721745,-0.9651946935728808,-0.9698651517740849,0.6372641067197204,-0.7525766401413461,-0.883820983538368,-0.8244884061166653,-0.9806342468536074,0.6297590067575976,0.6739072782935958,0.6808810647854177,0.6796575506647337,0.7310229316768075,0.30516803883609833,0.280964532477855,0.1972555573682314,0.1765515226743451,0.2885796079689792,0.0,0.0,0.0,0.0,1.0
3,0.0,0.0,0.0,-0.2037508487701416,-0.03304067999124527,-9.11047900444828e-05,-0.36895424127578735,-0.16245000064373016,-0.00015980956959538162,-0.41851526498794556,-0.29185932874679565,-0.000236366264289245,-0.41851526498794556,-0.4598161280155182,-0.0003026686026714742,-0.4019949436187744,-0.550678014755249,-6.422719161491841e-05,-0.4873500168323517,-0.7792093753814697,-0.00018313401960767806,-0.46807628870010376,-0.6828407049179077,-0.0002680147299543023,-0.39648815989494324,-0.5314042568206787,-0.00030807615257799625,-0.2533118724822998,-0.6277729272842407,-7.997112697921693e-05,-0.34417372941970825,-0.9389059543609619,-0.00019238291133660823,-0.3276534080505371,-0.7819627523422241,-0.00026154585066251457,-0.2753390073776245,-0.614005982875824,-0.0002881649124901742,-0.08810847997665405,-0.6553068161010742,-0.00011318872566334903,-0.15969660878181458,-0.971946656703949,-0.00020729804236907512,-0.17071017622947693,-0.8452907204627991,-0.0002474509528838098,-0.1294093281030655,-0.6718271374702454,-0.00025482315686531365,0.09912203997373581,-0.6387864351272583,-0.00015550402167718858,0.07984830439090729,-0.9031118750572205,-0.00021679987548850477,0.03304067999124527,-0.8645644187927246,-0.00023835679166950285,0.022027119994163513,-0.7351551055908203,-0.00024274220049846917,-0.9629318209219581,0.987217829800021,-0.9703317277861265,-0.9950644922952302,0.9839760775899431,-0.9806435931828607,-0.9960690954214946,0.9526115330961505,-0.9490837495031915,-0.9744060951109527,0.5778862988360937,-0.6988769697172255,-0.8757869904003144,-0.8574239816857107,-0.9338567796442638,0.6217604100373029,0.6630184053966711,0.672915291078052,0.6841772760295257,0.7354850858325283,0.29172694888801465,0.2701608634122642,0.18903994852182587,0.17731924030368626,0.2840372369772336,0.0,0.0,0.0,0.0,1.0
3,0.0,0.0,0.0,-0.20524848997592926,-0.03831304982304573,-8.417773642577231e-05,-0.369447261095047,-0.17240872979164124,-0.00014803808880969882,-0.4104969799518585,-0.30376777052879333,-0.00022098755289334804,-0.4104969799518585,-0.46522989869117737,-0.0002832107129506767,-0.4022870361804962,-0.5582758784294128,-5.678678280673921e-05,-0.4925963580608368,-0.7799442410469055,-0.00017235000268556178,-0.46249324083328247,-0.6868982911109924,-0.00025244703283533454,-0.3886038064956665,-0.5418559908866882,-0.0002889587776735425,-0.251771479845047,-0.6321653127670288,-7.593174814246595e-05,-0.34481745958328247,-0.938669741153717,-0.0001874737354228273,-0.31745100021362305,-0.7799442410469055,-0.00025099984486587346,-0.2627180516719818,-0.615745484828949,-0.00027290015714243054,-0.09030933678150177,-0.6595317721366882,-0.00011251020623603836,-0.16146214306354523,-0.9715095162391663,-0.0002052921336144209,-0.16419878602027893,-0.8346771597862244,-0.00023741780023556203,-0.1231490895152092,-0.6622684597969055,-0.0002392707538092509,0.09578262269496918,-0.6431119441986084,-0.00015823810826987028,0.08483604341745377,-0.9113032817840576,-0.00021745607955381274,0.03831304982304573,-0.8620436191558838,-0.00023304796195589006,0.021893171593546867,-0.7279479503631592,-0.00023326350492425263,-0.9719209514507879,0.9972643086891138,-0.9875020626925475,-0.9964503471731171,0.992322258996169,-0.9886188626871592,-0.9961172263146885,0.9703231210337803,-0.9679801186949765,-0.9822596727341081,0.6984060794952732,-0.8050763099914862,-0.8774489484795795,-0.8347652186113321,-0.9544799452196986,0.6204407564228469,0.6667990114065075,0.6694500123979238,0.6736210013563805,0.7282771796606569,0.28275797473796704,0.2624727957648124,0.17722404096484493,0.16378325506091268,0.2749152126492396,0.0,0.0,0.0,0.0,1.0
3,0.0,0.0,0.0,-0.2070867419242859,-0.04141734912991524,-8.759998308960348e-05,-0.3672338128089905,-0.1739528626203537,-0.0001539196673547849,-0.3976065516471863,-0.31201067566871643,-0.0002280449989484623,-0.40312886238098145,-0.48044124245643616,-0.0002914201468229294,-0.3976065516471863,-0.5605147480964661,-6.018203202984296e-05,-0.4859635531902313,-0.7786461114883423,-0.00017887013382278383,-0.45006850361824036,-0.7040948867797852,-0.0002636175777297467,-0.36999496817588806,-0.5577536225318909,-0.00030255026649683714,-0.24574293196201324,-0.6350659728050232,-7.75145526858978e-05,-0.33686110377311707,-0.9415543675422668,-0.0001895422174129635,-0.30648836493492126,-0.8062577247619629,-0.00025669450405985117,-0.2512652277946472,-0.6405882835388184,-0.00028166716219857335,-0.08283469825983047,-0.6626775860786438,-0.00011256669677095488,-0.15186360478401184,-0.9664047956466675,-0.00020528504683170468,-0.14910244941711426,-0.8476750254631042,-0.00023995961237233132,-0.10492394864559174,-0.6820056438446045,-0.00024420753470622003,0.10216279327869415,-0.6433494687080383,-0.00015706272097304463,0.09111816436052322,-0.9084205031394958,-0.0002171610831283033,0.05246197432279587,-0.8642419576644897,-0.00023333533317781985,0.038656190037727356,-0.7289453148841858,-0.00023364482331089675,-0.9731815842411995,0.9979606258163305,-0.9986508794307879,-0.9967828253600273,0.9976786169263769,-0.9949116638647403,-0.9950914750980547,0.9800217533719665,-0.9719642498480414,-0.9802399211835452,0.7245103027769649,-0.8155361980730511,-0.8804711554796794,-0.7882053078268443,-0.9831608248803153,0.6271656325671534,0.6693171707482231,0.6881044190385314,0.6900295521606041,0.7299696287951682,0.27903372751662503,0.2518272185755186,0.18885750576933238,0.18276858183418887,0.2810483277383568,0.0,0.0,0.0,0.0,1.0
3,0.0,0.0,0.0,-0.2152070254087448,-0.041385963559150696,-8.182426245184615e-05,-0.3752327561378479,-0.17658011615276337,-0.0001435216108802706,-0.3973052501678467,-0.3200514614582062,-0.00021321089297998697,-0.40282338857650757,-0.48559531569480896,-0.0002727592072915286,-0.3917871415615082,-0.5600900650024414,-5.5801905546104535e-05,-0.48007720708847046,-0.7808151841163635,-0.00016955558385234326,-0.4469684362411499,-0.7145976424217224,-0.00025333405937999487,-0.369714617729187,-0.5766444206237793,-0.0002928064204752445,-0.24279765784740448,-0.6373438835144043,-7.434574945364147e-05,-0.33108770847320557,-0.9435999989509583,-0.00017812286387197673,-0.3034970760345459,-0.8222011923789978,-0.0002462281263433397,-0.24555672705173492,-0.667693555355072,-0.0002754585293587297,-0.08001286536455154,-0.6621754169464111,-0.00010958101483993232,-0.14623041450977325,-0.962913453578949,-0.00019423270714469254,-0.1489894688129425,-0.8608281016349792,-0.0002317556063644588,-0.1076035127043724,-0.7008023262023926,-0.0002413863257970661,0.10484444350004196,-0.6428619623184204,-0.00015411946515087038,0.09380818903446198,-0.9104912281036377,-0.00020827804110012949,0.05242222175002098,-0.8801414966583252,-0.00022587233979720622,0.03310877084732056,-0.7559836506843567,-0.0002296638849657029,-0.9736916605286583,0.9965445255841248,-0.9989028104513881,-0.996532446499919,0.9983640668367563,-0.9908617161034095,-0.9953499620428389,0.9704404691452224,-0.9610287168827143,-0.9794903277164353,0.5576358490818417,-0.7082862144071255,-0.8720135544656322,-0.7540016223276798,-0.9928887223680879,0.630927572035172,0.6849874415757518,0.7114160833714338,0.7090151214710744,0.7567083372275816,0.2812676556794137,0.2592023611353186,0.20792812101892058,0.20082130747384117,0.29886163757136996,0.0,0.0,0.0,0.0,1.0
3,0.0,0.0,0.0,-0.2141096591949463,-0.03842993825674057,-8.942162821767852e-05,-0.37606438994407654,-0.17293472588062286,-0.00015676334442105144,-0.3952793478965759,-0.318419486284256,-0.00023059464001562446,-0.3897893726825714,-0.48586422204971313,-0.00029415174503810704,-0.38704437017440796,-0.5627241134643555,-6.591545388801023e-05,-0.4693942368030548,-0.7823237180709839,-0.0001838535099523142,-0.43645429611206055,-0.7191888093948364,-0.00027017341926693916,-0.3595944046974182,-0.5764490365982056,-0.0003113305428996682,-0.23606961965560913,-0.636838972568512,-8.311476995004341e-05,-0.32116448879241943,-0.9470234513282776,-0.0001926447730511427,-0.2882245182991028,-0.8262436389923096,-0.00026467369752936065,-0.23332461714744568,-0.6697788834571838,-0.0002961007703561336,-0.07411488145589828,-0.6615439057350159,-0.00011738289322238415,-0.13724978268146515,-0.9689834117889404,-0.00020635144028346986,-0.129014790058136,-0.8674185872077942,-0.00024669169215485454,-0.09058485180139542,-0.7082088589668274,-0.00025797117268666625,0.109799824655056,-0.639583945274353,-0.00016132158634718508,0.10156483203172684,-0.9085935354232788,-0.00021952296083327383,0.06862489134073257,-0.8811435699462891,-0.00023972033523023129,0.054899912327528,-0.75761878490448,-0.00024512229720130563,-0.9704461462694962,0.9925515621621748,-0.999914350323367,-0.9961971927233492,0.9999984465250991,-0.9974659712568231,-0.9958647737124906,0.9926110596386603,-0.9878651519431094,-0.9799434459406987,0.6163784781931183,-0.7211046046453128,-0.8700598903432258,-0.7341299082762396,-0.9865672980030243,0.6228963522922991,0.6794127847363236,0.7092561504386229,0.7139786351421085,0.7596053063658966,0.2726775434434414,0.25385032787819084,0.2054182206115925,0.20980248145318564,0.3098597805544945,0.0,0.0,0.0,0.0,1.0
3,0.0,0.0,0.0,-0.2086506336927414,-0.03793647885322571,-9.47660009842366e-05,-0.36310631036758423,-0.17071415483951569,-0.000165436344104819,-0.3820745348930359,-0.3170405924320221,-0.00024178906460292637,-0.37394529581069946,-0.4877547323703766,-0.0003077115397900343,-0.37665504217147827,-0.5609179735183716,-7.312100933631882e-05,-0.4606572389602661,-0.7804076075553894,-0.00019372063979972154,-0.4308500289916992,-0.718083381652832,-0.000278495776001364,-0.3549770712852478,-0.5771764516830444,-0.0003172735741827637,-0.22761887311935425,-0.636790931224823,-8.854263433022425e-05,-0.3170405924320221,-0.9484120011329651,-0.00020009095896966755,-0.2899430990219116,-0.829183042049408,-0.00026792852440848947,-0.23574812710285187,-0.6720176339149475,-0.00029410948627628386,-0.0677437111735344,-0.6611786484718323,-0.00012158080789959058,-0.13006792962551117,-0.9619607329368591,-0.00021437897521536797,-0.12464842945337296,-0.8508610129356384,-0.0002483427815604955,-0.08129245787858963,-0.6882761120796204,-0.00025222491240128875,0.11380943655967712,-0.636790931224823,-0.00016463454812765121,0.10026069730520248,-0.8996365070343018,-0.00022324168821796775,0.0677437111735344,-0.8644098043441772,-0.0002374689356656745,0.05961446836590767,-0.7370516061782837,-0.00023664362379349768,-0.9746104303666348,0.9967530032526605,-0.998855603051878,-0.9979625453934337,0.9984336156245518,-0.994110577380167,-0.9947808004695426,0.9879226617591642,-0.9776413791791333,-0.9740397216022296,0.698912530595087,-0.7765176331481027,-0.8626979490536515,-0.7439619671195896,-0.9844653901070789,0.6146054602656906,0.6775997952472724,0.7121691839702431,0.6930602800795691,0.7394586043488454,0.2625504904431499,0.25554358086554335,0.21281592059960464,0.19155990402422632,0.29314272695735877,0.0,0.0,0.0,0.0,1.0
3,0.0,0.0,0.0,-0.20735867321491241,-0.04092605412006378,-9.527839574730024e-05,-0.3628776967525482,-0.17734624445438385,-0.0001656176900723949,-0.38743332028388977,-0.32195162773132324,-0.00024174730060622096,-0.37106290459632874,-0.4938410520553589,-0.0003081254253629595,-0.37924811244010925,-0.5647795796394348,-7.179100794019178e-05,-0.4638286232948303,-0.7857802510261536,-0.00019173971668351442,-0.42835938930511475,-0.7257553935050964,-0.0002800382790155709,-0.3519640862941742,-0.5866068005561829,-0.00032272859243676066,-0.22918590903282166,-0.6384464502334595,-8.635164704173803e-05,-0.32195162773132324,-0.9467560648918152,-0.00019640508980955929,-0.28648239374160767,-0.8321630954742432,-0.0002700913173612207,-0.23191431164741516,-0.6766440868377686,-0.00030303100356832147,-0.06821009516716003,-0.6602736711502075,-0.00011832013842649758,-0.13369178771972656,-0.9631264805793762,-0.0002084020379697904,-0.12550656497478485,-0.859447181224823,-0.00024826268781907856,-0.08458051085472107,-0.6984713673591614,-0.0002589018258731812,0.11459295451641083,-0.6384464502334595,-0.0001603909768164158,0.09549412876367569,-0.9031016230583191,-0.00021850841585546732,0.06548168510198593,-0.8676323890686035,-0.00023642985615879297,0.06002487987279892,-0.7366690039634705,-0.0002401006204308942,-0.9746104303666348,0.9858877574999539,-0.9994997287480942,-0.9986285362898104,0.9999683773433389,-0.9993048572459444,-0.9939563293647851,0.9910145752415974,-0.9855544346508358,-0.9690024118943694,0.7149126905102491,-0.7896153958451397,-0.8652203455538423,-0.7759864068640326,-0.9655732024708974,0.6177109102758354,0.6840952666509186,0.7152843146013977,0.7035738607803045,0.7391104694581236,0.2587356087072114,0.2545968331433104,0.21294848114726178,0.20002763541206198,0.2925098874242056,0.0,0.0,0.0,0.0,1.0
3,0.0,0.0,0.0,-0.20646077394485474,-0.051615193486213684,-8.634271944174543e-05,-0.355873167514801,-0.1983110010623932,-0.00015108517254702747,-0.3776058852672577,-0.3477233946323395,-0.00022210177849046886,-0.36673951148986816,-0.5161519050598145,-0.00028211643802933395,-0.3721727132797241,-0.5677671432495117,-5.611465167021379e-05,-0.46182015538215637,-0.7823776602745056,-0.000168337719514966,-0.41835471987724304,-0.71446293592453,-0.0002501171547919512,-0.3477233946323395,-0.5786334872245789,-0.00028972819563932717,-0.22547689080238342,-0.6411150097846985,-7.187246228568256e-05,-0.3259906768798828,-0.945372998714447,-0.00017415195179637522,-0.2798086702823639,-0.825843095779419,-0.00024041434517130256,-0.23091007769107819,-0.6791472434997559,-0.0002692081034183502,-0.06791472434997559,-0.6601311564445496,-0.00010433280112920329,-0.1331128627061844,-0.9643891453742981,-0.00018996810831595212,-0.1140967383980751,-0.8530089855194092,-0.00021850205666851252,-0.0814976692199707,-0.6981633901596069,-0.000222106566070579,0.10866356641054153,-0.6302486658096313,-0.0001462819054722786,0.10051379352807999,-0.8828914761543274,-0.00019993320165667683,0.07878108322620392,-0.8557255864143372,-0.0002120553544955328,0.06248154863715172,-0.7497785687446594,-0.00021229931735433638,-0.9830199581625899,0.9849641472153711,-0.9959709799559753,-0.9998173850636825,0.9987685572441348,-0.9988983036107744,-0.9941117462544201,0.9991182812600945,-0.9992629783263973,-0.9794697360002275,0.760321752174204,-0.8667779967236655,-0.8621768368841359,-0.7960047377629242,-0.9782661335755678,0.6331751668540981,0.6750765304959259,0.7173287426780471,0.702903992933287,0.7523775335894782,0.25587911725777707,0.24912774924277814,0.21548571009315476,0.20054983819266575,0.3044519919069389,0.0,0.0,0.0,0.0,1.0
3,0.0,0.0,0.0,-0.21388567984104156,-0.056855686008930206,-8.365284884348512e-05,-0.36820825934410095,-0.20847085118293762,-0.00014688499504700303,-0.3925749659538269,-0.36820825934410095,-0.00021578681480605155,-0.36008599400520325,-0.5441901087760925,-0.0002741439384408295,-0.37633049488067627,-0.5658494234085083,-5.283275822876021e-05,-0.46296772360801697,-0.790564775466919,-0.00016790349036455154,-0.41694170236587524,-0.7228794097900391,-0.00025283527793362737,-0.3438415229320526,-0.5875087380409241,-0.0002947110333479941,-0.22742274403572083,-0.6362422108650208,-7.007123349467292e-05,-0.31947481632232666,-0.9475947618484497,-0.0001742084714351222,-0.27344876527786255,-0.8365908265113831,-0.00024443224538117647,-0.2301301509141922,-0.6958053112030029,-0.00027649072580970824,-0.07310016453266144,-0.6524866819381714,-0.00010390068928245455,-0.13266326487064362,-0.9530096054077148,-0.00018911721417680383,-0.10829654335975647,-0.858250081539154,-0.00021968589862808585,-0.07851499319076538,-0.7201719880104065,-0.0002253991406178102,0.10017430037260056,-0.6199977397918701,-0.0001469584967708215,0.08392982184886932,-0.8663723468780518,-0.00019815843552350998,0.07851499319076538,-0.858250081539154,-0.0002094738301821053,0.07039275020360947,-0.7743203043937683,-0.0002101375866914168,-0.9761331531734728,0.9738483760880692,-0.9947978243017875,-0.9984418794274311,0.9944296660123779,-0.9955324916893716,-0.9964661234815394,0.9984307100263159,-0.9992294902211047,-0.9745647032403482,0.7937524181868546,-0.8816117604086969,-0.8694370916008356,-0.8003772939931213,-0.9447598291147559,0.6525372831210344,0.6807301853481069,0.7328744192379715,0.7244393651062243,0.7775134461818924,0.2496612634618804,0.24655324883021357,0.23137552193394995,0.22824643825728758,0.33550308004650725,0.0,0.0,0.0,0.0,1.0
3,0.0,0.0,0.0,-0.21244890987873077,-0.06809259951114655,-7.887482934165746e-05,-0.3622526228427887,-0.21517261862754822,-0.00014164515596348792,-0.38404226303100586,-0.3758711516857147,-0.00021028767514508218,-0.35952892899513245,-0.5529118776321411,-0.00026845576940104365,-0.37042373418807983,-0.5747015476226807,-4.4991731556365266e-05,-0.46030595898628235,-0.7925978302955627,-0.00016036993474699557,-0.405831903219223,-0.7326763868331909,-0.0002481692936271429,-0.3322918713092804,-0.6073859930038452,-0.000292247801553458,-0.22334372997283936,-0.642794132232666,-6.203863449627534e-05,-0.3105022609233856,-0.950572669506073,-0.00016641707043163478,-0.25875186920166016,-0.8579667806625366,-0.00023815032909624279,-0.21517261862754822,-0.7190578579902649,-0.000271438155323267,-0.06809259951114655,-0.6536889672279358,-9.545696957502514e-05,-0.12801408767700195,-0.9478489756584167,-0.00018017903494182974,-0.0953296422958374,-0.8743090033531189,-0.00021004554582759738,-0.06809259951114655,-0.7435711622238159,-0.00021513563115149736,0.10350075364112854,-0.615557074546814,-0.00013767242489848286,0.08988223224878311,-0.8470719456672668,-0.00018968981748912483,0.1007770448923111,-0.8634141683578491,-0.00020279650925658643,0.0953296422958374,-0.8143875002861023,-0.00020413307356648147,-0.9836102950679476,0.9405388927505131,-0.9786430234157888,-0.9982923696528303,0.9728315672904998,-0.978940347098678,-0.9952834958333224,0.9764893389515166,-0.9774372132479623,-0.9747183039940089,-0.7980413079388295,0.8882174572623628,-0.8933474670516837,-0.7901142315468257,-0.9631391688877402,0.6595245770063128,0.6923407712085339,0.7505621463000084,0.7466824806852084,0.8199480228708678,0.254008793853313,0.24653907644092485,0.24467843702215902,0.25004968548733253,0.37863366946296284,0.0,0.0,0.0,0.0,1.0
3,0.0,0.0,0.0,-0.2176102250814438,-0.06610943377017975,-8.799526403890923e-05,-0.37186557054519653,-0.20934653282165527,-0.00015409456682391465,-0.3911474943161011,-0.37462010979652405,-0.00022450217511504889,-0.352583646774292,-0.5619301795959473,-0.0002851803437806666,-0.38012924790382385,-0.575702965259552,-5.072916246717796e-05,-0.45725691318511963,-0.7795404195785522,-0.00016533603775314987,-0.4104293882846832,-0.7409765720367432,-0.0002540460554882884,-0.33881083130836487,-0.6115122437477112,-0.0002981143188662827,-0.23138301074504852,-0.6473215222358704,-6.429624772863463e-05,-0.3112652599811554,-0.9503231048583984,-0.00016442748892586678,-0.2699468433856964,-0.8731954097747803,-0.00023856735788285732,-0.2258739024400711,-0.7354674339294434,-0.0002747084363363683,-0.07161854952573776,-0.663848876953125,-9.47144944802858e-05,-0.11844606697559357,-0.9365503191947937,-0.0001806329528335482,-0.09916415065526962,-0.8649317622184753,-0.00021611810370814055,-0.06886399537324905,-0.7299582958221436,-0.00022414870909415185,0.10467326641082764,-0.6280395984649658,-0.00013420192408375442,0.07712767273187637,-0.8649317622184753,-0.00018556752183940262,0.07712767273187637,-0.8704409003257751,-0.00019583370885811746,0.07161854952573776,-0.793313205242157,-0.00019436610455159098,-0.9754933051733828,0.8677464733232363,-0.9299264519627177,-0.9963451692625106,0.9727371588000332,-0.9834642599272531,-0.9980418759462544,0.9956841898055175,-0.9991110593366526,-0.960804094990311,-0.9933061337611286,0.9974570893897403,-0.8989450629664651,-0.7607836011455172,-0.9494908460438906,0.6633858757529477,0.6990994889673023,0.7693707720769959,0.7331994385970575,0.7965394330422081,0.24411625607183376,0.24811483558385436,0.2572729816763944,0.2317559385106413,0.34550965911650994,0.0,0.0,0.0,0.0,1.0
3,0.0,0.0,0.0,-0.2244766652584076,-0.0665116012096405,-8.232484833570197e-05,-0.3741277754306793,-0.2217053472995758,-0.00014268596714828163,-0.39075568318367004,-0.39352697134017944,-0.00020853406749665737,-0.34918591380119324,-0.5736625790596008,-0.00026434235041961074,-0.38521304726600647,-0.5764338970184326,-4.241616989020258e-05,-0.4683525264263153,-0.7759687304496765,-0.00015164661454036832,-0.4212401509284973,-0.7510268688201904,-0.00023825948301237077,-0.34364327788352966,-0.6346315741539001,-0.0002827238931786269,-0.23833324015140533,-0.6568020582199097,-5.638440416078083e-05,-0.32701537013053894,-0.945019006729126,-0.00015503482427448034,-0.27990299463272095,-0.8757361173629761,-0.00023239875736180693,-0.22724798321723938,-0.7343989610671997,-0.00027236973983235657,-0.08313950151205063,-0.678972601890564,-8.608565258327872e-05,-0.14133715629577637,-0.9588755965232849,-0.00017053457850124687,-0.11362399160861969,-0.8951353430747986,-0.00020821070938836783,-0.07759687304496765,-0.7510268688201904,-0.00021845783339813352,0.09145345538854599,-0.6512594223022461,-0.00012472260277718306,0.07205423712730408,-0.9006779789924622,-0.00017918113735504448,0.08036819100379944,-0.9173058867454529,-0.0001953932223841548,0.08313950151205063,-0.8424803018569946,-0.0001979234511964023,-0.9811790621017717,0.7718128903519307,-0.8795427657751373,-0.9987704034451078,0.9557256392374979,-0.971205231986597,-0.9965443871846301,0.9790347424844715,-0.9863938275488051,-0.9765186646277813,-0.8570553691944803,0.8772618318995155,-0.8700352657293616,-0.7833591539057505,-0.9482009655380221,0.6715799296717468,0.7216979863467315,0.7687545532461061,0.7550249146184425,0.8465726690044014,0.2342141801298412,0.25205522978637823,0.24497193500463718,0.24262818143667675,0.38893695034380127,0.0,0.0,0.0,0.0,1.0
3,0.0,0.0,0.0,-0.22094304859638214,-0.07180649042129517,-8.161697769537568e-05,-0.3673178255558014,-0.2292284071445465,-0.00014141167048364878,-0.3811267614364624,-0.4059828519821167,-0.0002060245897155255,-0.339699923992157,-0.585499107837677,-0.0002607248316053301,-0.37560316920280457,-0.5827372670173645,-4.063252708874643e-05,-0.458456814289093,-0.7788242697715759,-0.00014721434854436666,-0.41703000664711,-0.7567299604415894,-0.00023036608763504773,-0.3424617350101471,-0.6462584137916565,-0.00027313409373164177,-0.23199020326137543,-0.6573055982589722,-5.4743031796533614e-05,-0.3203674256801605,-0.9472933411598206,-0.0001534492039354518,-0.27065524458885193,-0.8727250695228577,-0.000226334945182316,-0.22370482981204987,-0.7346356511116028,-0.00026186055038124323,-0.07733006775379181,-0.6766380667686462,-8.468177111353725e-05,-0.12980404496192932,-0.9555786848068237,-0.0001702100271359086,-0.1021861582994461,-0.8865339756011963,-0.0002042491250904277,-0.06904470175504684,-0.7484445571899414,-0.00021141523029655218,0.09666258096694946,-0.6462584137916565,-0.00012336387590039521,0.08009185642004013,-0.8810104131698608,-0.0001781797327566892,0.08285364508628845,-0.8948193192481995,-0.00019283624715171754,0.08561543375253677,-0.8285364508628845,-0.0001941199880093336,-0.9851151120369566,0.7769049122314557,-0.8836981434213722,-0.9990550979124865,0.9576166716880412,-0.9663218681717687,-0.9973980365502824,0.9811323714242254,-0.9895113747902639,-0.976127399023154,-0.9643373160708473,0.9715656183222838,-0.8739553748568484,-0.783148071711907,-0.9539173226500466,0.6769086346924177,0.7313891360958575,0.7679410240917297,0.7516225547264815,0.8329481455909369,0.23371204111126573,0.26154773073273946,0.24607403072135278,0.24081337559062424,0.375687634078584,0.0,0.0,0.0,0.0,1.0
3,0.0,0.0,0.0,-0.2195240706205368,-0.0694696456193924,-8.182686724467203e-05,-0.3640209436416626,-0.2223028540611267,-0.00013718139962293208,-0.3723572790622711,-0.40014514327049255,-0.0001969399891095236,-0.3390118479728699,-0.5835450291633606,-0.0002470533363521099,-0.3834724426269531,-0.5779874324798584,-3.682588430820033e-05,-0.45849964022636414,-0.769723653793335,-0.00013533719175029546,-0.4251542091369629,-0.7558297514915466,-0.00021445626043714583,-0.3501270115375519,-0.6502358913421631,-0.00025639100931584835,-0.23341800272464752,-0.6613510251045227,-5.092841456644237e-05,-0.31956034898757935,-0.9475659132003784,-0.00013820722233504057,-0.2778785824775696,-0.8780962824821472,-0.00020991398196201771,-0.23063921928405762,-0.7419357895851135,-0.0002480914117768407,-0.0778060033917427,-0.6891388893127441,-8.049461030168459e-05,-0.13060292601585388,-0.9531235098838806,-0.00015500345034524798,-0.11670900136232376,-0.8892114162445068,-0.00019139907089993358,-0.08336357027292252,-0.7502721548080444,-0.00020433307508938015,0.09725750237703323,-0.6641297936439514,-0.00011933149653486907,0.0694696456193924,-0.9058841466903687,-0.00016556528862565756,0.05279693007469177,-0.9003266096115112,-0.00017770765407476574,0.04446057230234146,-0.7975115180015564,-0.00017979400581680238,-0.9774447983810323,0.6945360923945793,-0.848182275871745,-0.9988981800790652,0.9693868420307248,-0.9787595714748863,-0.996392258391442,0.9998608159334602,-0.9997690269017028,-0.9664284177150438,0.20582830445542086,-0.3918619873776751,-0.8742324218034265,-0.7580180699650413,-0.9744146738679149,0.6748732488532039,0.7385090366081786,0.7769576688864106,0.7548892696113304,0.7987498686631953,0.22895178771121694,0.26559965353372117,0.2495368761098967,0.23454930084722944,0.32359626926304935,0.0,0.0,0.0,0.0,1.0
3,0.0,0.0,0.0,-0.21847368776798248,-0.07562550902366638,-7.548132998635992e-05,-0.3529190421104431,-0.2296774685382843,-0.00012769651948474348,-0.36412280797958374,-0.40613698959350586,-0.00018488553178030998,-0.33331242203712463,-0.5909993052482605,-0.00023190485080704093,-0.3865303695201874,-0.5853974223136902,-2.3808599507901818e-05,-0.4537530541419983,-0.7702597975730896,-0.00011589533824007958,-0.42014169692993164,-0.7618569731712341,-0.00019332655938342214,-0.34451618790626526,-0.6526201367378235,-0.00023760111071169376,-0.23247841000556946,-0.6722267270088196,-4.0450824599247426e-05,-0.31370580196380615,-0.9495202302932739,-0.00012373956269584596,-0.2660897374153137,-0.8850985169410706,-0.00020034733461216092,-0.2296774685382843,-0.7478522062301636,-0.00024563970509916544,-0.07562550902366638,-0.6946342587471008,-7.1385657065548e-05,-0.12604251503944397,-0.9523211717605591,-0.00013667675375472754,-0.10643590241670609,-0.8907003998756409,-0.00016608656733296812,-0.07842645049095154,-0.7562550902366638,-0.00017874568584375083,0.10643590241670609,-0.6666248440742493,-0.00011185809853486717,0.06442172825336456,-0.8907003998756409,-0.00014776848547626287,0.058819837868213654,-0.8850985169410706,-0.00015401716518681496,0.04761606082320213,-0.795468270778656,-0.00015546874783467501,-0.9725603905380573,0.5594703769906518,-0.7516245471549853,-0.9988482028892959,0.9388391388528516,-0.9297081051514087,-0.9964093556266113,0.993412706029151,-0.9947352588189391,-0.9415225248218602,0.5646836020482415,-0.7893519357471567,-0.8678139201384352,-0.7935749932743019,-0.9739945903279569,0.6785112031804672,0.7379731957934542,0.7823264731500627,0.7603108323766915,0.7968921891013778,0.22590630238201678,0.2609092428268958,0.25052419413432536,0.23576239153904083,0.31800285240248877,0.0,0.0,0.0,0.0,1.0
3,0.0,0.0,0.0,-0.21681541204452515,-0.07602618634700775,-8.334747690241784e-05,-0.3547888398170471,-0.23371011018753052,-0.00013813631085213274,-0.36886778473854065,-0.4111045300960541,-0.00019607295689638704,-0.33789414167404175,-0.5969462990760803,-0.0002432485925965011,-0.38857826590538025,-0.5884989500045776,-3.149614713038318e-05,-0.45897287130355835,-0.7743407487869263,-0.00012833980144932866,-0.4251834750175476,-0.7743407487869263,-0.0002121504512615502,-0.34634149074554443,-0.6645251512527466,-0.0002603610046207905,-0.22807854413986206,-0.6757882833480835,-4.406134394230321e-05,-0.30692052841186523,-0.9517351984977722,-0.00012935050472151488,-0.2703153192996979,-0.8982352614402771,-0.00021215793094597757,-0.2308943271636963,-0.7630776166915894,-0.00026260496815666556,-0.07602618634700775,-0.6954987645149231,-7.142192043829709e-05,-0.11826295405626297,-0.9517351984977722,-0.00013895175652578473,-0.10699981451034546,-0.9038668274879456,-0.00017422527889721096,-0.08447353541851044,-0.7658933997154236,-0.00019094820891041309,0.10418403148651123,-0.6617093682289124,-0.00010907238902291283,0.0703946128487587,-0.8813405632972717,-0.00014888183795847,0.059131477028131485,-0.8897879123687744,-0.00016032459097914398,0.047868337482213974,-0.7996827960014343,-0.0001646984601393342,-0.9755720468429238,0.3542246760367592,-0.5832058152898771,-0.9988863818645303,0.9486820382467871,-0.95040599791725,-0.9985158949148935,0.9977071257355387,-0.9976027385513875,-0.9526946956359587,-0.7146686682774892,0.49613867555513647,-0.8704339670825167,-0.802316125323342,-0.9702953500011876,0.6859427490368433,0.7493638103971951,0.7972450373601883,0.7705377918192728,0.8011142491175324,0.2318689615264907,0.2682171412603008,0.264250311972223,0.24386839885079417,0.3213238062862596,0.0,0.0,0.0,0.0,1.0
3,0.0,0.0,0.0,-0.22345110774040222,-0.0707123801112175,-8.203718607546762e-05,-0.3705328702926636,-0.22910811007022858,-0.00013714916713070124,-0.3818468451499939,-0.4129602909088135,-0.00019690583576448262,-0.34790489077568054,-0.599640965461731,-0.00024751044111326337,-0.38750383257865906,-0.5883269906044006,-2.9123402782715857e-05,-0.4667016863822937,-0.7750076651573181,-0.00013210996985435486,-0.43275976181030273,-0.7636936902999878,-0.0002200282906414941,-0.3507333993911743,-0.6562108397483826,-0.0002676254080142826,-0.23759359121322632,-0.6731818318367004,-4.2285169911338016e-05,-0.31961995363235474,-0.9475458860397339,-0.00012988984235562384,-0.28284952044487,-0.8909759521484375,-0.00020913324260618538,-0.23193660378456116,-0.7608652114868164,-0.0002541873254813254,-0.08202635496854782,-0.6986383199691772,-7.163906411733478e-05,-0.13293926417827606,-0.9588598608970642,-0.00014571439533028752,-0.12162528932094574,-0.905118465423584,-0.00018583705241326243,-0.09051184356212616,-0.7693506479263306,-0.00020208233036100864,0.09334033727645874,-0.670353353023529,-0.0001106012350646779,0.05939839780330658,-0.905118465423584,-0.00015558702580165118,0.04525592178106308,-0.9107754230499268,-0.00016904613585211337,0.03959893062710762,-0.8202635645866394,-0.00017242120520677418,-0.9836269414085778,0.6616182588497634,-0.8269248226435507,-0.9988103489160455,0.9594171693425577,-0.979387689425859,-0.9970876411476566,0.9998974574691432,-0.9998417539760147,-0.9605190352868903,-0.5004251078501677,0.3127504831407739,-0.869832403992717,-0.7732047114189643,-0.9710246782820713,0.6932583878803542,0.744060898273356,0.7954310412319975,0.7746566043090873,0.8212188752674913,0.23685435572106903,0.26249229712422806,0.25891103714739083,0.24537849033388898,0.3359933772747923,0.0,0.0,0.0,0.0,1.0
3,0.0,0.0,0.0,-0.22201329469680786,-0.07115810364484787,-8.52315642987378e-05,-0.367175817489624,-0.2277059406042099,-0.00014275398280005902,-0.3814074397087097,-0.4098706841468811,-0.00020500253594946116,-0.34440523386001587,-0.6005744338035583,-0.0002577462582848966,-0.38425377011299133,-0.5863428115844727,-3.0706883990205824e-05,-0.46395084261894226,-0.7770465016365051,-0.00013410185056272894,-0.4269486367702484,-0.7599685788154602,-0.00022178731160238385,-0.3472515642642975,-0.6518082618713379,-0.0002693972201086581,-0.23624490201473236,-0.671732485294342,-4.278228880139068e-05,-0.3187883198261261,-0.9478259682655334,-0.00012988191156182438,-0.27893978357315063,-0.8823605179786682,-0.00020850492001045495,-0.23055225610733032,-0.7514296174049377,-0.00025342253502458334,-0.08254340291023254,-0.6973494291305542,-7.148356962716207e-05,-0.13377723097801208,-0.9620575904846191,-0.00014492958143819124,-0.12239193916320801,-0.9022848010063171,-0.00018361596448812634,-0.08538972586393356,-0.7599685788154602,-0.00019940965285059065,0.09677502512931824,-0.674578845500946,-0.00011024827108485624,0.06261913478374481,-0.9051311016082764,-0.00015476610860787332,0.04838751256465912,-0.9051311016082764,-0.00016752832743804902,0.04269486293196678,-0.8055097460746765,-0.00017085453146137297,-0.9830702379375656,0.7367519526037289,-0.8759645061658755,-0.99886380299549,0.9673392926472909,-0.9814730117524146,-0.997309903903479,0.9999951167166362,-0.9978129551681876,-0.9583679397470792,-0.14654877501216018,-0.05704979909586909,-0.8713015296386328,-0.783999504158747,-0.9638735148442572,0.6923183296746671,0.7385375689083554,0.7860031173365187,0.764750713839487,0.8066404444879918,0.23528290211104694,0.25865571637935886,0.25052843058158547,0.23670063528066104,0.3240437347859593,0.0,0.0,0.0,0.0,1.0
3,0.0,0.0,0.0,-0.22281622886657715,-0.07427207380533218,-8.888687443686649e-05,-0.3627905249595642,-0.23138608038425446,-0.00014431678573600948,-0.3713603913784027,-0.41420966386795044,-0.00020300554751884192,-0.33993756771087646,-0.6027464866638184,-0.00025177234783768654,-0.38564348220825195,-0.5884633660316467,-3.0646475352114066e-05,-0.4627721607685089,-0.7741435766220093,-0.00012643553782254457,-0.4370625913143158,-0.7712869644165039,-0.00020905521523673087,-0.35707730054855347,-0.6684486865997314,-0.0002554624225012958,-0.23424270749092102,-0.6770185232162476,-3.948109224438667e-05,-0.3170846402645111,-0.9483972787857056,-0.0001222388818860054,-0.28566181659698486,-0.894121527671814,-0.0002023930719587952,-0.24281255900859833,-0.7655736804008484,-0.00025047670351341367,-0.07998531311750412,-0.7084413170814514,-6.454822869272903e-05,-0.13140444457530975,-0.9683936238288879,-0.00013533997116610408,-0.1285478174686432,-0.9198310971260071,-0.00017902556282933801,-0.09426840394735336,-0.77985680103302,-0.00019978279306087643,0.09712502360343933,-0.6827317476272583,-9.995021537179127e-05,0.06570222228765488,-0.9198310971260071,-0.00014493353955913335,0.04284927621483803,-0.9284009337425232,-0.00016298808623105288,0.028566183522343636,-0.8312759399414062,-0.0001707999617792666,-0.9826735996938238,0.48323917306923947,-0.6973524572860604,-0.9993220876537904,0.9740021314107828,-0.97945669521159,-0.9965694601210505,0.9906940807136992,-0.9835890417533987,-0.9629465282621499,-0.47109599656815365,0.21115677701289784,-0.867184435568399,-0.7769883068603078,-0.9776142919996375,0.6919977811691597,0.7578442365406882,0.8031569607492207,0.7855336797285236,0.8317666451106827,0.23071935207210312,0.2733985659022923,0.26423091602354687,0.24991153706603472,0.3349662616013068,0.0,0.0,0.0,0.0,1.0
3,0.0,0.0,0.0,-0.21709589660167694,-0.07426964491605759,-9.875150863081217e-05,-0.3599221408367157,-0.2370915710926056,-0.0001610886974958703,-0.3684917092323303,-0.41705262660980225,-0.00022501935018226504,-0.33706992864608765,-0.6055833101272583,-0.0002800154034048319,-0.37706127762794495,-0.5884441137313843,-4.397665907163173e-05,-0.45418745279312134,-0.7798312902450562,-0.00014910522440914065,-0.4313352704048157,-0.7826878428459167,-0.0002395148330833763,-0.3570656180381775,-0.6827094554901123,-0.0002904579450841993,-0.22566546499729156,-0.6712833642959595,-5.093041545478627e-05,-0.30850470066070557,-0.9512227773666382,-0.000146458885865286,-0.2742263972759247,-0.8998053669929504,-0.00023546251759398729,-0.23137852549552917,-0.7655487060546875,-0.0002873274206649512,-0.06855659931898117,-0.6941355466842651,-7.481990178348497e-05,-0.11711752414703369,-0.9683619737625122,-0.00015622230421286076,-0.10854794830083847,-0.9283705949783325,-0.00020983762806281447,-0.07712617516517639,-0.7826878428459167,-0.0002357483172090724,0.10854794830083847,-0.6627137660980225,-0.00010920066415565088,0.08283922076225281,-0.8969488143920898,-0.00016380404122173786,0.06570007652044296,-0.9112314581871033,-0.00019050182891078293,0.05713049694895744,-0.8226791620254517,-0.00020400434732437134,-0.9826058472689276,0.25584137938710494,-0.4921487651726532,-0.9993304574833083,0.9552479096883252,-0.9613111295878677,-0.9970507302198833,0.9993570715071117,-0.9999985279371831,-0.9633240919958098,-0.7201763119296672,0.563208648176237,-0.8672714895550034,-0.7822744923427745,-0.9774577306273716,0.6930709395053612,0.7704467356348432,0.7997505248106118,0.7864786853360144,0.824660558833839,0.23912033015318865,0.2918831820090537,0.26981088685736143,0.26177993983409525,0.3441063600481934,0.0,0.0,0.0,0.0,1.0
3,0.0,0.0,0.0,-0.22225937247276306,-0.06470842659473419,-8.732951391721144e-05,-0.3713700771331787,-0.2306995987892151,-0.00014668048243038356,-0.3713700771331787,-0.41357123851776123,-0.0002107059262925759,-0.3404225707054138,-0.5992562770843506,-0.00026530350442044437,-0.3713700771331787,-0.5851892232894897,-4.154607086093165e-05,-0.45577237010002136,-0.7793145179748535,-0.00015124090714380145,-0.41075780987739563,-0.7455536127090454,-0.0002377714408794418,-0.3319823443889618,-0.6330171823501587,-0.000282404973404482,-0.22788618505001068,-0.6611512899398804,-5.471955591929145e-05,-0.31791529059410095,-0.9481191039085388,-0.0001536665513413027,-0.2672739326953888,-0.8721570372581482,-0.0002280798798892647,-0.21381914615631104,-0.7342999577522278,-0.0002650067035574466,-0.07033524662256241,-0.6864719986915588,-8.521410200046375e-05,-0.12660343945026398,-0.9649995565414429,-0.00017290626419708133,-0.1012827530503273,-0.8918508887290955,-0.00021159356401767582,-0.067521832883358,-0.7483670115470886,-0.00022204560809768736,0.10690957307815552,-0.6583378911018372,-0.00012512433750089258,0.08721569925546646,-0.9002911448478699,-0.00018347908917348832,0.07877547293901443,-0.8918508887290955,-0.00019978660566266626,0.07314865291118622,-0.7933815717697144,-0.00020209755166433752,-0.9879563191989165,0.8692210453729949,-0.9503083731679713,-0.9996099977205669,0.9599412082616643,-0.9763108130511783,-0.9952764099588899,0.9910474890659597,-0.9947868082309773,-0.9708116644397891,0.6474095263076768,-0.7462947824372757,-0.8495785744806064,-0.7439208256731732,-0.9863940168680804,0.6891993158455122,0.7147888693446433,0.7647973822101459,0.7514069839153635,0.7967465141683188,0.24186235739662407,0.24765430416575765,0.238630280369916,0.23449802040460452,0.33194468019744355,0.0,0.0,0.0,0.0,1.0
3,0.0,0.0,0.0,-0.2298804521560669,-0.05887182056903839,-8.871500904206187e-05,-0.3728548586368561,-0.2298804521560669,-0.00014624022878706455,-0.3672480285167694,-0.40369248390197754,-0.00020816926553379744,-0.3336069881916046,-0.5803079605102539,-0.0002608151116874069,-0.3756583034992218,-0.5775045156478882,-4.809924939763732e-05,-0.44854721426963806,-0.7737439274787903,-0.00015871855430305004,-0.4064958989620209,-0.7429063320159912,-0.00024310614389833063,-0.3336069881916046,-0.6167524456977844,-0.0002853054611478001,-0.22427360713481903,-0.6588037014007568,-6.052884054952301e-05,-0.31958988308906555,-0.9475560188293457,-0.00016170224989764392,-0.2635214924812317,-0.8634533882141113,-0.00023680279264226556,-0.21025650203227997,-0.7176755666732788,-0.00027333138859830797,-0.06447866559028625,-0.684034526348114,-8.97143836482428e-05,-0.1289573311805725,-0.9671799540519714,-0.00018135207938030362,-0.09811970591545105,-0.8858807682991028,-0.00022109237033873796,-0.05887182056903839,-0.7316926717758179,-0.0002307869290234521,0.11213680356740952,-0.6560003161430359,-0.0001278835698030889,0.09531628340482712,-0.9055047035217285,-0.00019041213090531528,0.08970944583415985,-0.8914875984191895,-0.00020883014076389372,0.08970944583415985,-0.7849576473236084,-0.00021165369253139943,-0.9756609687951969,0.8351364934110757,-0.9154666814279963,-0.9999568408460798,0.9639920597917729,-0.9718846921889936,-0.9915723202986274,0.9904045995384031,-0.9935892242570582,-0.972136479003003,0.9013920394035401,-0.9284759324380719,-0.8117005130802919,-0.7461103296477766,-0.987860640506506,0.6693661248842888,0.7011970230772258,0.7478408840081515,0.734057259307803,0.7900673135658908,0.23243719510838784,0.24514468395647718,0.2256745472931699,0.2224864140896499,0.33585403445072026,0.0,0.0,0.0,0.0,1.0
3,0.0,0.0,0.0,-0.21571913361549377,-0.06914074718952179,-7.778820145176724e-05,-0.35400062799453735,-0.23231291770935059,-0.00013644223508890718,-0.3512350022792816,-0.3899538218975067,-0.00020195191609673202,-0.3180474638938904,-0.5531259775161743,-0.00025897935847751796,-0.35400062799453735,-0.5807822942733765,-4.774739863933064e-05,-0.42314139008522034,-0.7937358021736145,-0.0001652946521062404,-0.3733600378036499,-0.7356575727462769,-0.0002575270482338965,-0.3097505569458008,-0.6056729555130005,-0.000304743240121752,-0.20465661585330963,-0.6471574306488037,-6.878576095914468e-05,-0.29039114713668823,-0.9569079875946045,-0.00017580451094545424,-0.23507854342460632,-0.8684078454971313,-0.00025563433882780373,-0.19082847237586975,-0.7245950698852539,-0.00029445215477608144,-0.0470157116651535,-0.6582199335098267,-0.00010549577564233914,-0.09679704904556274,-0.9458454847335815,-0.00019761973817367107,-0.06360948830842972,-0.8656421899795532,-0.0002400529629085213,-0.03595319017767906,-0.7218294143676758,-0.00025180954253301024,0.1244533509016037,-0.6167354583740234,-0.00015026051551103592,0.11339083313941956,-0.8518140316009521,-0.00020770655828528106,0.11615645885467529,-0.8518140316009521,-0.00022463705681730062,0.10785956680774689,-0.7688451409339905,-0.00022796730627305806,-0.9728728925907385,0.9231151175684763,-0.9680338711631402,-0.9993425154373502,0.9586502140800184,-0.9663640496113507,-0.9949970552270191,0.9756869631410838,-0.9795965385640427,-0.9698592811798035,0.04700442586500411,0.09950160461924014,-0.8485211120298459,-0.751437554934319,-0.9832820030877267,0.638045938255251,0.6802831968650341,0.7493020725766872,0.7227243244703141,0.7763739846112879,0.22794305003378124,0.23797033666025366,0.2431655145318377,0.2293179946988153,0.33708301489792414,0.0,0.0,0.0,0.0,1.0
3,0.0,0.0,0.0,-0.2143043428659439,-0.06679616123437881,-8.269997488241643e-05,-0.3562461733818054,-0.211521178483963,-0.00014565532910637558,-0.3618125319480896,-0.3645957112312317,-0.00021544935589190573,-0.3256312906742096,-0.5288029313087463,-0.00027402667910791934,-0.3618125319480896,-0.5844663977622986,-4.516269837040454e-05,-0.4313918650150299,-0.7959875464439392,-0.00016407613293267787,-0.38129475712776184,-0.7236250638961792,-0.0002528007607907057,-0.30893224477767944,-0.5816832184791565,-0.00029598912806250155,-0.2143043428659439,-0.6540457010269165,-6.338486855383962e-05,-0.29779955744743347,-0.9546284675598145,-0.000170151237398386,-0.23656973242759705,-0.8377351760864258,-0.00023819514899514616,-0.18925578892230988,-0.6874437928199768,-0.0002670623071026057,-0.055663466453552246,-0.6763111352920532,-9.948281513061374e-05,-0.11411010473966599,-0.9601947665214539,-0.00018570922838989645,-0.08349519968032837,-0.8655669093132019,-0.00021326214482542127,-0.055663466453552246,-0.7208418846130371,-0.00021578163432423025,0.11689327657222748,-0.6484794020652771,-0.0001456304162275046,0.108543761074543,-0.893398642539978,-0.00019634213822428137,0.10019423812627792,-0.868350088596344,-0.0002047025627689436,0.08906154334545135,-0.765372633934021,-0.00020261216559447348,-0.9721615716794855,0.9588845585620268,-0.9910238089843857,-0.9989563905338921,0.9777028670286321,-0.9842844764076938,-0.9926973841203269,0.9939717212951822,-0.9924557089915677,-0.9775234558442657,0.9373581156143378,-0.9771763443465706,-0.8809352720099222,-0.738912029277738,-0.9681104244349723,0.6210220042092439,0.658630856752444,0.7130194805994524,0.7229878751727061,0.7705370085694185,0.2232383505791044,0.2172131812406576,0.19491838570171888,0.21349027923548689,0.3173994155234108,0.0,0.0,0.0,0.0,1.0
3,0.0,0.0,0.0,-0.20455260574817657,-0.049756038933992386,-8.817216439638287e-05,-0.3482922613620758,-0.19625993072986603,-0.0001534530456410721,-0.3621133863925934,-0.3427638113498688,-0.00022427189105655998,-0.3344711363315582,-0.5058530569076538,-0.0002844667178578675,-0.3648776113986969,-0.5666660070419312,-6.405176100088283e-05,-0.4395116865634918,-0.7767470479011536,-0.0001844657090259716,-0.3842271864414215,-0.7214625477790833,-0.00027201941702514887,-0.30406469106674194,-0.5804871320724487,-0.0003131114353891462,-0.21560950577259064,-0.6385357975959778,-8.083978900685906e-05,-0.31788578629493713,-0.9481289386749268,-0.00018981561879627407,-0.2570728659629822,-0.8513811230659485,-0.0002613146207295358,-0.20178838074207306,-0.7021129727363586,-0.0002908390888478607,-0.05528448522090912,-0.6606495976448059,-0.00011421080853324383,-0.11886164546012878,-0.9508931636810303,-0.00020677446445915848,-0.08845517784357071,-0.8652022480964661,-0.00024053413653746247,-0.049756038933992386,-0.7131698727607727,-0.00024394893262069672,0.11886164546012878,-0.6357715725898743,-0.00015714445908088237,0.11056897044181824,-0.8873159885406494,-0.00021748713334091008,0.09951207786798477,-0.8707306981086731,-0.00023172161309048533,0.08845517784357071,-0.7601616978645325,-0.00023024861002340913,-0.973501687585471,0.9030211740239559,-0.9642050597725912,-0.9999784031819268,0.9708376110102414,-0.9787630843421682,-0.991280340502006,0.9921552924696978,-0.9957959799209362,-0.9763800136581824,0.8133212050163403,-0.8831154800420757,-0.8492082357336589,-0.776431193266505,-0.9658849343094422,0.6064308201567024,0.6553019911728383,0.7305349442228656,0.7149035119686326,0.7652908812989695,0.23115530878194615,0.21610088136645544,0.22450477969212912,0.21949690070792757,0.32298120010257864,0.0,0.0,0.0,0.0,1.0
3,0.0,0.0,0.0,-0.2044561207294464,-0.04761306941509247,-9.24773485166952e-05,-0.3472953140735626,-0.19605381786823273,-0.00016164069529622793,-0.35849839448928833,-0.35009610652923584,-0.00023718574084341526,-0.31088533997535706,-0.5069391131401062,-0.0003024875186383724,-0.36129915714263916,-0.5769583582878113,-6.506886711576954e-05,-0.43411916494369507,-0.7898167967796326,-0.0001869622356025502,-0.3753030002117157,-0.7169967889785767,-0.00027438398683443666,-0.2940807044506073,-0.5797591209411621,-0.0003165423986501992,-0.2128584235906601,-0.6497783660888672,-8.156699914252385e-05,-0.305283784866333,-0.9522613883018494,-0.00019262696150690317,-0.24926841259002686,-0.8346290588378906,-0.00025998061755672097,-0.1932530403137207,-0.6861883401870728,-0.00028698163805529475,-0.0504138357937336,-0.6749852895736694,-0.00011594095849432051,-0.11483152210712433,-0.9746675491333008,-0.0002081801649183035,-0.08962459862232208,-0.871039092540741,-0.00023929787857923657,-0.061616912484169006,-0.7169967889785767,-0.0002419801166979596,0.12603458762168884,-0.652579128742218,-0.0001607001177035272,0.10922998189926147,-0.9102498292922974,-0.00021831082995049655,0.09242536872625351,-0.8794413805007935,-0.0002303055953234434,0.0812222957611084,-0.7590083479881287,-0.00022876496950630099,-0.9737011909460486,0.9394437837017032,-0.9895030387356506,-0.9997995125455251,0.9890862615549887,-0.996509006940693,-0.9906054694841552,0.9996385491210528,-0.9982742375297518,-0.9674336121581116,0.8448712216270117,-0.9184745283468789,-0.8387419905757763,-0.7689685714450134,-0.9332897946929896,0.5946739409614565,0.6500801520046121,0.7128823566868909,0.7196396129968046,0.7633418791766758,0.21121452830406393,0.20622352216669823,0.19872293133680552,0.2096263390897758,0.3071042540179638,0.0,0.0,0.0,0.0,1.0
3,0.0,0.0,0.0,-0.20002159476280212,-0.04444924369454384,-8.913070632843301e-05,-0.3472597301006317,-0.19168737530708313,-0.00015603828069288284,-0.3555939495563507,-0.3500378131866455,-0.00022911120322532952,-0.30558857321739197,-0.5056101679801941,-0.0002915943623520434,-0.3472597301006317,-0.5722840428352356,-6.094915443100035e-05,-0.4222678244113922,-0.7889741063117981,-0.00018083966278936714,-0.3667062819004059,-0.7111878991127014,-0.00027000333648175,-0.283363938331604,-0.5806182622909546,-0.00031503444188274443,-0.20002159476280212,-0.6472921371459961,-7.723260205239058e-05,-0.2944762408733368,-0.9556587934494019,-0.0001850549306254834,-0.24447084963321686,-0.8389794826507568,-0.00025019500753842294,-0.18890929222106934,-0.6917413473129272,-0.0002774081367533654,-0.038893088698387146,-0.6695167422294617,-0.00011119281407445669,-0.10001079738140106,-0.983439564704895,-0.00019848442752845585,-0.08056425303220749,-0.8889849185943604,-0.00022669951431453228,-0.05000539869070053,-0.7389686703681946,-0.00022923803771845996,0.1361258178949356,-0.6445140242576599,-0.00015581476327497512,0.12779158353805542,-0.9000971913337708,-0.00021201747586019337,0.10556695610284805,-0.8806506395339966,-0.000225261042942293,0.08612041175365448,-0.7695275545120239,-0.0002253174752695486,-0.9775788082037887,0.9590948855603004,-0.9986404735982426,-0.9999969644931933,0.9942098960446862,-0.9990296665477935,-0.9910008698753301,0.999941961674969,-0.9999977660996388,-0.9711607398401135,0.633627114342721,-0.7783764689048199,-0.8436615072921934,-0.7432941485706559,-0.9346291504799841,0.5907842982988173,0.6460748968691179,0.7170724275608242,0.7406587049009572,0.774331622525287,0.2155817371905162,0.2069942864923258,0.20979406803068976,0.23566754578088758,0.3163683830532506,0.0,0.0,0.0,0.0,1.0
3,0.0,0.0,0.0,-0.20367157459259033,-0.04185032472014427,-9.693252650322393e-05,-0.3487527072429657,-0.18414142727851868,-0.0001699764543445781,-0.35991278290748596,-0.33759260177612305,-0.00024817869416438043,-0.30690237879753113,-0.49662384390830994,-0.00031480781035497785,-0.3487527072429657,-0.5775344967842102,-7.007374370004982e-05,-0.4212932586669922,-0.7951561808586121,-0.0001933610183186829,-0.36828285455703735,-0.7086654901504517,-0.0002836752391885966,-0.2845821976661682,-0.5719544291496277,-0.00032922191894613206,-0.1980915367603302,-0.6528650522232056,-8.38573178043589e-05,-0.29016223549842834,-0.9569774270057678,-0.00019511854043230414,-0.23994185030460358,-0.8258463740348816,-0.00026086746947839856,-0.18693144619464874,-0.6779752373695374,-0.00028814669349230826,-0.03627027943730354,-0.6751852035522461,-0.00011591467045946047,-0.0948607325553894,-0.9876676201820374,-0.00020625011529773474,-0.07533058524131775,-0.8816468119621277,-0.00023303308989852667,-0.04464034363627434,-0.7309856414794922,-0.00023434079776052386,0.13950107991695404,-0.647284984588623,-0.00015923667524475604,0.13671106100082397,-0.903967022895813,-0.00021669240959454328,0.111600860953331,-0.8732767701148987,-0.00022881175391376019,0.09207071363925934,-0.7588858604431152,-0.0002281089691678062,-0.9755676650758335,0.9740962048092443,-0.9999996489126635,-0.9999997895661117,0.9974255096914821,-0.9997682361396979,-0.9913426526231375,0.9999947876216965,-0.999823547617277,-0.9752075658821907,0.7670289068910703,-0.8694894768443107,-0.8402615020508025,-0.750150272991607,-0.9232465509759398,0.5838016717651314,0.6388419315858916,0.7032736945784622,0.7323474598610847,0.7644506736308221,0.21862536944286076,0.20525250001873183,0.19408298389947748,0.22477675484933135,0.30715642495107587,0.0,0.0,0.0,0.0,1.0
3,0.0,0.0,0.0,-0.19947834312915802,-0.039333757013082504,-9.33926785364747e-05,-0.35681337118148804,-0.17138279974460602,-0.00016458507161587477,-0.37086114287376404,-0.32028916478157043,-0.00024100227165035903,-0.30624139308929443,-0.47481462359428406,-0.0003056448476854712,-0.35962292551994324,-0.5787681341171265,-6.69841974740848e-05,-0.41300442814826965,-0.7754369378089905,-0.0001904874516185373,-0.36243247985839844,-0.6855311989784241,-0.0002793668245431036,-0.28376495838165283,-0.5450534820556641,-0.0003236334305256605,-0.20228788256645203,-0.6546260714530945,-8.323143265442923e-05,-0.28657451272010803,-0.9580579400062561,-0.0001940094807650894,-0.23600253462791443,-0.8203897476196289,-0.00025434899725951254,-0.18543057143688202,-0.6686738729476929,-0.00027625428629107773,-0.033714648336172104,-0.6742929816246033,-0.0001174618155346252,-0.08709617704153061,-0.9721056818962097,-0.00020981772104278207,-0.06461974233388901,-0.8512948751449585,-0.000227942960918881,-0.036524202674627304,-0.6995789408683777,-0.00022148717835079879,0.14609681069850922,-0.6405783295631409,-0.00016233096539508551,0.14890636503696442,-0.8962477445602417,-0.000218892892007716,0.12923948466777802,-0.8512948751449585,-0.0002221622853539884,0.10957260429859161,-0.7332935929298401,-0.00021394446957856417,-0.957976271221182,0.9695643154032557,-0.9999980269099475,-0.9995865151128257,0.9967130982509467,-0.9995411930455861,-0.9918951807324836,0.9999783334245992,-0.9999996946620937,-0.9773491535379986,0.920506418290288,-0.9695862564645751,-0.8758725675880331,-0.7119717693995525,-0.8822657685222445,0.565006905134081,0.614496485956817,0.6939087002974605,0.7005317900678046,0.7414349457659528,0.21912300724483907,0.1970650543626583,0.18550636063722895,0.19728510808611907,0.29967761036317997,0.0,0.0,0.0,0.0,1.0
3,0.0,0.0,0.0,-0.19856742024421692,-0.03356068953871727,-8.86054549482651e-05,-0.3551839590072632,-0.17060017585754395,-0.0001562723919050768,-0.36916759610176086,-0.316029816865921,-0.0002303374494658783,-0.3020462095737457,-0.4642561972141266,-0.00029290272505022585,-0.3579806983470917,-0.5677350163459778,-6.474986003013328e-05,-0.40832170844078064,-0.7746925950050354,-0.00018909104983322322,-0.3551839590072632,-0.6712138056755066,-0.0002777338377200067,-0.27967241406440735,-0.5285808444023132,-0.00032192919752560556,-0.20136412978172302,-0.6460433006286621,-8.416590571869165e-05,-0.28246912360191345,-0.9592763781547546,-0.00019802211318165064,-0.2321280986070633,-0.808253288269043,-0.0002579026040621102,-0.17899034917354584,-0.6572301983833313,-0.0002784589596558362,-0.03356068953871727,-0.6656203269958496,-0.00012121401960030198,-0.08390172570943832,-0.9648697972297668,-0.00021528807701542974,-0.05593448132276535,-0.8362205028533936,-0.00023175214300863445,-0.027967240661382675,-0.6851974129676819,-0.00022344189346767962,0.14822638034820557,-0.632059633731842,-0.00016851109103299677,0.15381982922554016,-0.8893582820892334,-0.0002239443565485999,0.13424275815486908,-0.8418139815330505,-0.00022561852529179305,0.1118689626455307,-0.7271482944488525,-0.00021663153893314302,-0.947980565675055,0.972329062354705,-0.9999217789929928,-0.998810401810576,0.9976622476303677,-0.9998626613653845,-0.9932464121747272,0.9988769331940078,-0.9995211125276958,-0.9783187250997015,0.9327348766978797,-0.9804803590384568,-0.8517929382445921,-0.7275124003807869,-0.8672899304418722,0.5538644645422954,0.5980087593932181,0.6811674752796575,0.6857679703906392,0.7357032543241129,0.2164781230676397,0.1925399637180351,0.17920888075984728,0.192799702813922,0.30146824175857,0.0,0.0,0.0,0.0,1.0
3,0.0,0.0,0.0,-0.20008783042430878,0.046687159687280655,-0.00010663015564205125,-0.3601580858230591,-0.10337871313095093,-0.00016362086171284318,-0.38350167870521545,-0.2634489834308624,-0.00021310127340257168,-0.32347533106803894,-0.42351922392845154,-0.00024102505994960666,-0.4101800322532654,-0.5402371287345886,-7.087095582392067e-05,-0.4535323977470398,-0.7469945549964905,-0.00020166336616966873,-0.38350167870521545,-0.6569550037384033,-0.00028425082564353943,-0.2967969477176666,-0.47687599062919617,-0.0003180243365932256,-0.20342262089252472,-0.6502854228019714,-6.610294076381251e-05,-0.26678377389907837,-0.9637563824653625,-0.0001828296371968463,-0.20342262089252472,-0.830364465713501,-0.00023182336008176208,-0.16340506076812744,-0.6736290454864502,-0.00023759089526720345,-0.010004390962421894,-0.6936377882957458,-8.204355253838003e-05,-0.040017563849687576,-0.9770955443382263,-0.000187289624591358,-0.013339188881218433,-0.8670472502708435,-0.00019120605429634452,0.023343579843640327,-0.7136465907096863,-0.00016614441119600087,0.20675742626190186,-0.6769638061523438,-0.00010894098522840068,0.23343579471111298,-0.9170691967010498,-0.00019332933879923075,0.22009660303592682,-0.8903908133506775,-0.00020631388179026544,0.19675302505493164,-0.7936817407608032,-0.00019412410620134324,-0.9035907750290536,0.8985412925127128,-0.9775445627701106,-0.9946241638996792,0.9703772908599598,-0.9813428908443406,-0.9958560845354483,0.9912549084311081,-0.9999951348306437,-0.9827955559977435,0.9383427398321116,-0.9743910762635083,-0.5550417150090601,-0.7820595217322384,-0.8758591720088845,0.5329210972630504,0.5616931870628027,0.6931647243027106,0.7140283235897105,0.8177056274192621,0.25596738171916894,0.21633468466841066,0.18015822171292026,0.22794414051985099,0.39709810672307433,0.0,0.0,0.0,0.0,1.0
3,0.0,0.0,0.0,-0.2012009620666504,-0.031171981245279312,-9.421889262739569e-05,-0.3627285063266754,-0.16152752935886383,-0.00016869591490831226,-0.37689757347106934,-0.29188308119773865,-0.0002491144696250558,-0.3202212452888489,-0.43924152851104736,-0.00031832174863666296,-0.35706087946891785,-0.5667632818222046,-7.695284875808284e-05,-0.4137372076511383,-0.7849671244621277,-0.0002092818613164127,-0.35706087946891785,-0.6829497814178467,-0.00030866105225868523,-0.2805478274822235,-0.529923677444458,-0.00035896923509426415,-0.1983671486377716,-0.6404424905776978,-9.448063065065071e-05,-0.2777140140533447,-0.9606637358665466,-0.00021371498587541282,-0.22387149930000305,-0.8331420421600342,-0.00028806240879930556,-0.17569661140441895,-0.6716144680976868,-0.00032000752980820835,-0.02833816409111023,-0.6574454307556152,-0.00012946859351359308,-0.0821806788444519,-0.9691652059555054,-0.00022675239597447217,-0.04534106329083443,-0.8643140196800232,-0.00025917470338754356,-0.017002899199724197,-0.7027864456176758,-0.00026236558915115893,0.15302608907222748,-0.623439610004425,-0.00017484342970419675,0.1671951711177826,-0.8813169002532959,-0.00023749763204250485,0.15585990250110626,-0.861480176448822,-0.0002519027912057936,0.13602319359779358,-0.7481275200843811,-0.0002515267115086317,-0.952923009411109,0.9681714094591387,-0.99905607535564,-0.9983491295854072,0.9877597483993502,-0.9939923085427516,-0.9918239359160914,0.9861144275350044,-0.9865481807599554,-0.9827875399791732,0.8941544903529717,-0.9407704477136962,-0.8651747202870499,-0.7084333724701126,-0.8890894411701891,0.5435760241213401,0.5996051267792969,0.6942157040370728,0.7029921635048414,0.7603928149678225,0.24124286908344184,0.19706590863000353,0.1956878521136657,0.21650669083528312,0.33483590838353205,0.0,0.0,0.0,0.0,1.0
3,0.0,0.0,0.0,-0.1926998496055603,-0.017256703227758408,-0.00010132843453902751,-0.365266889333725,-0.13805362582206726,-0.00018113879195880145,-0.40553250908851624,-0.2530983090400696,-0.00026601788704283535,-0.34225794672966003,-0.3997803032398224,-0.000340089900419116,-0.35663852095603943,-0.5464622378349304,-9.127704106504098e-05,-0.419913113117218,-0.7707993984222412,-0.0002285646041855216,-0.37389522790908813,-0.6471263766288757,-0.0003273582551628351,-0.29911619424819946,-0.48893991112709045,-0.00037726815207861364,-0.20132820308208466,-0.6241174340248108,-0.00010762752208393067,-0.287611722946167,-0.9577470421791077,-0.0002342188818147406,-0.25022220611572266,-0.8110650181770325,-0.00030949857318773866,-0.19557596743106842,-0.6442502737045288,-0.00034026984940283,-0.02876117266714573,-0.6413741111755371,-0.00014161455328576267,-0.08628351241350174,-0.9634992480278015,-0.0002455492503941059,-0.06902681291103363,-0.842702329158783,-0.00028114678571000695,-0.03738952428102493,-0.6816397905349731,-0.0002851233584806323,0.15531033277511597,-0.6097368597984314,-0.00018579352763481438,0.16681480407714844,-0.8685873746871948,-0.0002527523320168257,0.14092974364757538,-0.8283217549324036,-0.0002698794996831566,0.12079691886901855,-0.7046487331390381,-0.0002712335262913257,-0.9543520982035105,0.9966952939191165,-0.99635787640913,-0.9982619575749858,0.9999935730907779,-0.9977574988993229,-0.9913143474453613,0.9993939632195423,-0.9986450300315168,-0.9790615052363054,0.8643587310226334,-0.9171357542482015,-0.8671167501904784,-0.8119007985959293,-0.7358125608298731,0.5262745435015358,0.5731778637281494,0.6732818473716372,0.6826645126215447,0.7149277925010651,0.269579307298832,0.2128825921357224,0.19369242257927535,0.20326967864340797,0.30235583471384264,0.0,0.0,0.0,0.0,1.0
3,0.0,0.0,0.0,-0.1975928395986557,-0.023593174293637276,-0.00010351347737014294,-0.3774907886981964,-0.13566075265407562,-0.00018126098439097404,-0.44237202405929565,-0.2418300360441208,-0.00026422104565426707,-0.3951856791973114,-0.38928738236427307,-0.00033419032115489244,-0.3774907886981964,-0.5396938920021057,-8.22769507067278e-05,-0.4453211724758148,-0.752032458782196,-0.00021820682741235942,-0.4040331244468689,-0.6134225130081177,-0.0003103002964053303,-0.327355295419693,-0.4541686177253723,-0.0003534194838721305,-0.2152877151966095,-0.6222699880599976,-9.656779002398252e-05,-0.29491469264030457,-0.9555235505104065,-0.0002273281425004825,-0.27132150530815125,-0.7844730615615845,-0.0002953790535684675,-0.224135160446167,-0.619320809841156,-0.00031549183768220246,-0.04128805547952652,-0.6458631753921509,-0.00012978525774087757,-0.09732184559106827,-0.9496252536773682,-0.00023955287178978324,-0.09732184559106827,-0.8051170706748962,-0.00026546508888714015,-0.06783037632703781,-0.6399648785591125,-0.0002564835303928703,0.15040649473667145,-0.6222699880599976,-0.00017307978123426437,0.14450819790363312,-0.878845751285553,-0.0002342850057175383,0.10911843180656433,-0.8287102580070496,-0.00024046339967753738,0.08847440779209137,-0.7018969655036926,-0.00023138134565670043,-0.9549928254408455,0.999805238934007,-0.9873512222164196,-0.9951487813329567,0.9952528483204741,-0.9900430771640938,-0.9929782514180262,0.9834082492545395,-0.9844276408136751,-0.9663534597849281,0.8034984254035178,-0.899012146447288,-0.9054813580801223,-0.893766608624152,-0.6537609815416403,0.554721982970045,0.5598488796248046,0.6586311235432243,0.6435495963013264,0.7074511228052175,0.31373833251882594,0.23281247609353245,0.18439334047939837,0.15663507412917457,0.284437260879074,0.0,0.0,0.0,0.0,1.0
3,0.0,0.0,0.0,-0.20052717626094818,-0.02324952743947506,-0.00010146950808120891,-0.37780481576919556,-0.13368478417396545,-0.0001797311706468463,-0.441741019487381,-0.2324952781200409,-0.0002634005795698613,-0.40396052598953247,-0.37489864230155945,-0.0003349925100337714,-0.37199243903160095,-0.540551483631134,-8.470435568597168e-05,-0.4475533962249756,-0.7643281817436218,-0.00022121974325273186,-0.41267910599708557,-0.6248310208320618,-0.00031538965413346887,-0.34583672881126404,-0.4562719762325287,-0.0003593475266825408,-0.2150581330060959,-0.616112470626831,-9.985826181946322e-05,-0.3022438585758209,-0.953230619430542,-0.00022581042139790952,-0.2848066985607147,-0.7933900952339172,-0.00029236936825327575,-0.2412138432264328,-0.6277372241020203,-0.0003129424585495144,-0.040686674416065216,-0.6364558339118958,-0.00013380844029597938,-0.10462287068367004,-0.9619491696357727,-0.00023971169139258564,-0.10752906650304794,-0.8253582119941711,-0.00026513636112213135,-0.07846715301275253,-0.6597053408622742,-0.0002574485260993242,0.15112192928791046,-0.6103000640869141,-0.00017794717859942466,0.14240334928035736,-0.8718572854995728,-0.00024398080131504685,0.10462287068367004,-0.8224520087242126,-0.00025325315073132515,0.09009192138910294,-0.6974858045578003,-0.00024543626932427287,-0.961852250781439,0.9967478479732169,-0.9912278541059456,-0.99657746809519,0.9895900222767184,-0.9889700674376058,-0.9915464567466529,0.9769266508886433,-0.9810584747134116,-0.9621374989079639,0.7736797501617138,-0.8592025144754731,-0.904027304641414,-0.9050210283287098,-0.6721878793959577,0.5511199318151986,0.5725271036359315,0.6724866166928598,0.6643555259134174,0.7032802405979829,0.32626327687925044,0.25170047378148935,0.2071444377237203,0.17981314588425612,0.2852748367218791,0.0,0.0,0.0,0.0,1.0
3,0.0,0.0,0.0,-0.19781403243541718,-0.008727089501917362,-0.00011009957961505279,-0.38399195671081543,-0.1105431392788887,-0.0001941273221746087,-0.4596267342567444,-0.20654112100601196,-0.00028231486794538796,-0.4421725571155548,-0.3578106760978699,-0.0003580106422305107,-0.3898100256919861,-0.523625373840332,-0.00010350922821089625,-0.4712628424167633,-0.7621658444404602,-0.00023688461806159467,-0.4508996307849884,-0.6254414319992065,-0.00032276727142743766,-0.3898100256919861,-0.4596267342567444,-0.0003627019177656621,-0.2298133671283722,-0.6079872846603394,-0.00011648609506664798,-0.32581135630607605,-0.9454347491264343,-0.000239112094277516,-0.31417524814605713,-0.7621658444404602,-0.00029793530120514333,-0.270539790391922,-0.6050782203674316,-0.00031660174136050045,-0.05818060040473938,-0.6370775699615479,-0.00014823615492787212,-0.130906343460083,-0.9716160297393799,-0.0002539639244787395,-0.13672441244125366,-0.8145284056663513,-0.00027363788103684783,-0.10472507774829865,-0.6458046436309814,-0.00026575601077638566,0.13381537795066833,-0.6196233630180359,-0.00019086631073150784,0.12217925488948822,-0.8901631832122803,-0.00025777064729481936,0.08145283907651901,-0.820346474647522,-0.00026525763678364456,0.07272575050592422,-0.6836220622062683,-0.0002592724049463868,-0.9520627945531093,0.9836273141660731,-0.9790321656428933,-0.9964548573252279,0.9772412365798636,-0.978540816384416,-0.9924463502346511,0.9686443324085741,-0.9749167799164906,-0.9674915924146129,0.8413292001609914,-0.8941213295617463,-0.8976661503177727,-0.9198692907220155,-0.7093768439591038,0.5688103036903701,0.6026679927515723,0.662805804139757,0.6542408202384964,0.687479603587851,0.354264461433514,0.2815905357451673,0.20590100384970628,0.16819128922724985,0.2745360404380732,0.0,0.0,0.0,0.0,1.0
3,0.0,0.0,0.0,-0.2001389116048813,-0.025732144713401794,-9.779204992810264e-05,-0.38026392459869385,-0.1400972306728363,-0.00017225361079908907,-0.44888296723365784,-0.254462331533432,-0.00025200736126862466,-0.44888296723365784,-0.40599608421325684,-0.0003182032087352127,-0.40599608421325684,-0.5375159382820129,-7.810446550138295e-05,-0.4889107644557953,-0.7691052556037903,-0.00020867348939646035,-0.46031948924064636,-0.6175714731216431,-0.0002972617803607136,-0.4031369388103485,-0.4574603736400604,-0.000339170393999666,-0.24302580952644348,-0.6147123575210571,-9.38506200327538e-05,-0.323081374168396,-0.9463711380958557,-0.0002155000256607309,-0.3145039975643158,-0.7633869647979736,-0.00027868043980561197,-0.2801944613456726,-0.6032758355140686,-0.00029946007998660207,-0.06575992703437805,-0.6375854015350342,-0.00012829212937504053,-0.1229424700140953,-0.966385006904602,-0.00022848710068501532,-0.13723811507225037,-0.8177103996276855,-0.0002509341575205326,-0.12008334696292877,-0.6604583859443665,-0.0002453597553540021,0.12866072356700897,-0.6061349511146545,-0.00017285101057495922,0.13437898457050323,-0.8663155436515808,-0.00023409753339365125,0.09149207174777985,-0.8119921684265137,-0.00024338244111277163,0.06861905753612518,-0.697627067565918,-0.00023874938779044896,-0.9544184313429965,0.9876502429383855,-0.9877730808919953,-0.9902659320076436,0.9820025174039182,-0.9865408799246304,-0.9975917349240476,0.9642891001800687,-0.979158518415004,-0.9825320981825607,0.798308495374391,-0.8911630895852066,-0.9056732410337102,-0.8939672215774263,-0.8574930081930145,0.6052510548964998,0.6097454462325623,0.6651697432299901,0.6712863542288349,0.7009936880717295,0.3396393501697956,0.2867373377518576,0.2048334153517543,0.18129134731834665,0.2867972155618611,0.0,0.0,0.0,0.0,1.0
3,0.0,0.0,0.0,-0.2041073739528656,-0.0419398732483387,-8.762403740547597e-05,-0.3802548348903656,-0.1509835422039032,-0.00015725869161542505,-0.4445626437664032,-0.2628231942653656,-0.00023347686510533094,-0.4641346037387848,-0.4166027307510376,-0.00029759580502286553,-0.402622789144516,-0.542422354221344,-6.494204717455432e-05,-0.4892985224723816,-0.7688976526260376,-0.0001911748549900949,-0.4781145453453064,-0.6318941116333008,-0.0002772799925878644,-0.4166027307510376,-0.4697265625,-0.0003157799073960632,-0.2432512640953064,-0.615118145942688,-8.349030395038426e-05,-0.3187430202960968,-0.9478411078453064,-0.00020264876366127282,-0.3271310031414032,-0.7856736183166504,-0.0002641073369886726,-0.2935791015625,-0.6318941116333008,-0.00028101811767555773,-0.0698997899889946,-0.6318941116333008,-0.00012003192387055606,-0.1230236291885376,-0.9562290906906128,-0.00021888420451432467,-0.1453915536403656,-0.8192254900932312,-0.00024252847651951015,-0.1258196234703064,-0.6682419776916504,-0.00023525556025560945,0.1202276349067688,-0.5983421802520752,-0.00016560724179726094,0.117431640625,-0.8555734157562256,-0.0002243022754555568,0.0782877653837204,-0.8108375668525696,-0.00023174399393610656,0.064307801425457,-0.718569815158844,-0.00022400158923119307,-0.962962013559116,0.9599230681533177,-0.960752874090595,-0.9882467980590474,0.9624815357275893,-0.9647002973041325,-0.998638962905744,0.9479092846261445,-0.9580296696817535,-0.9782050668115324,0.7453750022009953,-0.842731732294437,-0.9388061596336154,-0.8801328273231438,-0.9229034909351466,0.6236817102239105,0.6278542804447408,0.6967631671122864,0.679983804956383,0.7214417513856021,0.35036810020107284,0.29759664016840115,0.23293829116691775,0.1908047477587826,0.3028692659796999,0.0,0.0,0.0,0.0,1.0
3,0.0,0.0,0.0,-0.19041591882705688,-0.05306673049926758,-7.491167343687266e-05,-0.3527376651763916,-0.17168647050857544,-0.00011948690371355042,-0.46199271082878113,-0.27157679200172424,-0.00016277554095722735,-0.5743693113327026,-0.35898080468177795,-0.00020303341443650424,-0.3621023893356323,-0.5369104146957397,-3.586530147003941e-05,-0.4651142656803131,-0.6805027723312378,-0.00010028456745203584,-0.5275457501411438,-0.7772715091705322,-0.00016407320799771696,-0.5618830323219299,-0.8272166848182678,-0.00020731928816530854,-0.22163163125514984,-0.6055850386619568,-4.5468124881153926e-05,-0.2871846556663513,-0.8365814089775085,-0.00012148246605647728,-0.32152193784713745,-0.9052559733390808,-0.00018654379528015852,-0.3246435225009918,-0.8521892428398132,-0.00021868168551009148,-0.07803931087255478,-0.6055850386619568,-6.689300789730623e-05,-0.10613346099853516,-0.8334597945213318,-0.00013582719839178026,-0.149835467338562,-0.8896481394767761,-0.00017904241394717246,-0.17168647050857544,-0.8272166848182678,-0.00019475565932225436,0.07179616391658783,-0.5462751388549805,-9.571112605044618e-05,0.07179616391658783,-0.7210832238197327,-0.0001557644864078611,0.0374588668346405,-0.8022440671920776,-0.00018711521988734603,0.006243144627660513,-0.8022440671920776,-0.00019764808530453593,-0.9995807695991361,-0.9987832367886423,-0.999570209663813,-0.9972391039974442,-0.9825414078277344,0.8666215610600466,-0.9999849312151164,-0.8585433128842171,0.5422209018094636,-0.9914735965529945,-0.9209672735890433,-0.38964009013194906,-0.9361476472537759,-0.9940029490411013,-0.9968328374272111,0.6773237032776319,1.0,0.9119319930107569,0.8448453379420219,0.8022683793906875,0.4671779549624026,0.5768142757824555,0.44430015830776637,0.37223806866430276,0.36515780192076536,1.0,1.0,1.0,1.0,1.0
3,0.0,0.0,0.0,-0.2014990895986557,-0.050374772399663925,-7.487391849281266e-05,-0.3746623694896698,-0.16056959331035614,-0.00012287877325434238,-0.47226351499557495,-0.2644675672054291,-0.00017055368516594172,-0.5730130672454834,-0.3652171194553375,-0.00021382283011917025,-0.3683655261993408,-0.5446772575378418,-4.0462022298015654e-05,-0.47856035828590393,-0.6863563060760498,-0.00011528879258548841,-0.5383803844451904,-0.7808089852333069,-0.00018446036847308278,-0.5698646306991577,-0.8217384815216064,-0.0002270782133564353,-0.2266864776611328,-0.6202393770217896,-5.2118153689661995e-05,-0.2928033769130707,-0.8563711643218994,-0.0001359069865429774,-0.32743602991104126,-0.9193395972251892,-0.00019631623581517488,-0.33373287320137024,-0.850074291229248,-0.00022002625337336212,-0.07871058583259583,-0.6202393770217896,-7.664435543119907e-05,-0.10389797389507294,-0.8563711643218994,-0.00015098488074727356,-0.15112432837486267,-0.8941522240638733,-0.0001839505712268874,-0.1731632798910141,-0.8122932314872742,-0.00018734709010459483,0.07871058583259583,-0.5604193806648254,-0.00010935939644696191,0.0850074291229248,-0.7461763620376587,-0.00017127541650552303,0.04407792538404465,-0.8154416680335999,-0.00019359304860699922,0.0031484232749789953,-0.7902542352676392,-0.00019309314666315913,-0.9977962575896775,-0.9953499753886934,-0.9958509011683409,-0.9970066881424313,-0.973703991119563,0.8289859980322601,-0.9998008143577529,-0.7039941719902146,0.4002101117692947,-0.994423991357657,-0.8431971235050388,0.01794582896698061,-0.9486832168714764,-0.9689350187091484,-0.9995120757155261,0.6795053378016707,1.0,0.9132382035731261,0.8305454906723827,0.7902605549000077,0.46573946969704977,0.5723747757560256,0.43730507912902206,0.347424500725373,0.3435886568747959,1.0,1.0,0.0,1.0,1.0
3,0.0,0.0,0.0,-0.20081648230552673,-0.05647963657975197,-7.711928628850728e-05,-0.37025538086891174,-0.169438898563385,-0.0001264393504243344,-0.4675258696079254,-0.27926042675971985,-0.0001751728414092213,-0.5585208535194397,-0.3890819251537323,-0.00021999748423695564,-0.36397987604141235,-0.5365565419197083,-4.251709833624773e-05,-0.4675258696079254,-0.6840311288833618,-0.00011402002564864233,-0.5302810072898865,-0.7813016176223755,-0.0001844631478888914,-0.5647963285446167,-0.8252302408218384,-0.0002321255306014791,-0.22278077900409698,-0.6055871844291687,-5.373993917601183e-05,-0.28553593158721924,-0.8440567851066589,-0.00013765347830485553,-0.32632678747177124,-0.9193629622459412,-0.00021113156981300563,-0.3357400596141815,-0.8691588044166565,-0.0002503741707187146,-0.07530617713928223,-0.6087249517440796,-7.70764090702869e-05,-0.10982151329517365,-0.8471945524215698,-0.0001482375228079036,-0.16002562642097473,-0.8911231160163879,-0.00019514947780407965,-0.18198993802070618,-0.8189547061920166,-0.0002144559402950108,0.08158169686794281,-0.5553830862045288,-0.00010833940905285999,0.07844393700361252,-0.7373729944229126,-0.00016782392049208283,0.0439286045730114,-0.8252302408218384,-0.00020182225853204727,0.009413272142410278,-0.8252302408218384,-0.00021555012790486217,-0.9998703845278014,-0.9992323019205513,-0.9956783563567674,-0.995473207848041,-0.9715517179941353,0.7764568434418476,-0.9997867477339168,-0.7595160038223758,0.4108524314330469,-0.9867304965476902,-0.9369166834134757,-0.36565246683485136,-0.9511566774255569,-0.966920702651808,-0.9994574145967207,0.6806837166683887,1.0,0.9317502315159052,0.8389321512608244,0.8252839403370275,0.44827124097983295,0.5777650697918353,0.4632843687527692,0.36372285810562294,0.3850119557102006,1.0,1.0,0.0,1.0,1.0
3,0.0,0.0,0.0,-0.20816533267498016,-0.0581638440489769,-6.048991781426594e-05,-0.35816681385040283,-0.202042818069458,-9.961472824215889e-05,-0.4224531650543213,-0.34286054968833923,-0.00014053171616978943,-0.45918822288513184,-0.48367828130722046,-0.00017268634110223502,-0.35510557889938354,-0.5602096319198608,-1.0162633770960383e-05,-0.4530657231807709,-0.7347011566162109,-0.00010830763494595885,-0.4806170165538788,-0.7714362144470215,-0.00019168249855283648,-0.47143325209617615,-0.7163336277008057,-0.00023241480812430382,-0.20816533267498016,-0.6275572776794434,-2.4040455173235387e-05,-0.26939043402671814,-0.8449063301086426,-9.138079622061923e-05,-0.3153092563152313,-0.9489890336990356,-0.0001456776517443359,-0.34286054968833923,-0.936743974685669,-0.0001731858355924487,-0.0581638440489769,-0.62143474817276,-5.667795994668268e-05,-0.09183764457702637,-0.8326613306999207,-0.00011422903480706736,-0.13469521701335907,-0.939805269241333,-0.00013927042891737074,-0.18061403930187225,-0.9642952680587769,-0.00014588334306608886,0.09489890187978745,-0.5602096319198608,-9.760492685018107e-05,0.09489890187978745,-0.7316399216651917,-0.00014829555584583431,0.06122509762644768,-0.8418450951576233,-0.0001670566271059215,0.012245019897818565,-0.9030702114105225,-0.0001680297136772424,-0.9985742367655944,-0.9913070175015207,0.8877514401060405,-0.9989553758162509,-0.9900876745611445,0.0027317933406954256,-0.9979033804948616,-0.9753672746921311,-0.7646278573534993,-0.9859536211681623,-0.9563515879283987,-0.929332602496223,-0.881340413641118,-0.9294177668660162,-0.9850587725669168,0.6669321878041765,0.8575449591451206,0.9975182422970922,0.9810641840557087,0.9031532476272892,0.35401657046216,0.4391252815391326,0.5202620825819473,0.4961613799264152,0.44499536486322494,0.0,1.0,1.0,1.0,1.0
3,0.0,0.0,0.0,-0.2031504213809967,-0.0706610158085823,-5.1242397603346035e-05,-0.35330507159233093,-0.22375987470149994,-8.58744460856542e-05,-0.41513344645500183,-0.37391453981399536,-0.00012578665337059647,-0.43574291467666626,-0.5270134210586548,-0.00015635520685464144,-0.34741663932800293,-0.5652881264686584,1.4919987734174356e-05,-0.4475197494029999,-0.7331080436706543,-7.37705995561555e-05,-0.4651850163936615,-0.7331080436706543,-0.0001505882100900635,-0.44163134694099426,-0.644781768321991,-0.00018696709594223648,-0.21492725610733032,-0.6300607323646545,-1.2354739737929776e-06,-0.2826440632343292,-0.8479321599006653,-5.849286390002817e-05,-0.3268072009086609,-0.9450910687446594,-0.00010833702253876254,-0.35330507159233093,-0.9333142042160034,-0.0001341912429779768,-0.07654943317174911,-0.6271165013313293,-3.6669352994067594e-05,-0.11482414603233337,-0.8390995264053345,-8.421114034717903e-05,-0.16487570106983185,-0.9450910687446594,-0.00010704114538384601,-0.21492725610733032,-0.9715889692306519,-0.00011464265844551846,0.0677168071269989,-0.5711765289306641,-8.02862414275296e-05,0.055939968675374985,-0.7419406175613403,-0.0001182606429210864,0.017665253952145576,-0.8508763909339905,-0.000131145105115138,-0.03238629922270775,-0.9127047657966614,-0.00013151280290912837,-0.9999122502120676,-0.5122754312725412,0.2576584342157494,-0.9996246814321886,-0.9921624265419146,-0.008403477060675651,-0.9983664291168026,-0.9657317550263905,-0.8004698531518417,-0.982591937989724,-0.964031371098244,-0.9418699753190136,-0.8958881782528264,-0.9267673482653774,-0.9672087136601574,0.6838238326559383,0.7815252867454443,0.997947823133622,0.9950772913242066,0.9132791746726873,0.3251132448519247,0.36709935492102397,0.5136172357698741,0.5030411571977363,0.4416273834430478,0.0,1.0,1.0,1.0,1.0
3,0.0,0.0,0.0,-0.2009628266096115,-0.07177244126796722,-5.0924380047945306e-05,-0.34450769424438477,-0.2239300161600113,-8.435593190370128e-05,-0.401925653219223,-0.3732166886329651,-0.000122821016702801,-0.4277637302875519,-0.5282451510429382,-0.0001525807601865381,-0.3387659192085266,-0.5655668377876282,1.8326236386201344e-05,-0.4363764226436615,-0.7234662175178528,-6.808245234424248e-05,-0.45360180735588074,-0.7177243828773499,-0.00014497435768134892,-0.4335055351257324,-0.6344683766365051,-0.00018252740846946836,-0.20957551896572113,-0.6287265419960022,2.5979670681408606e-06,-0.2669934630393982,-0.8440439105033875,-5.0969352741958573e-05,-0.31292784214019775,-0.9387835264205933,-0.00010036100138677284,-0.34450769424438477,-0.9387835264205933,-0.00012795945804100484,-0.0746433362364769,-0.6258556842803955,-3.2351981644751504e-05,-0.10909410566091537,-0.8354312181472778,-7.699203706579283e-05,-0.15789936482906342,-0.9359126091003418,-9.925336780725047e-05,-0.2124464213848114,-0.9703633785247803,-0.00010810271487571299,0.0631597489118576,-0.5713086128234863,-7.57497109589167e-05,0.04880525916814804,-0.7435624599456787,-0.00011055061622755602,0.01722538471221924,-0.8497856855392456,-0.00012186761159682646,-0.025838078930974007,-0.9244289994239807,-0.0001227254542754963,-0.9999017416301289,-0.22985691395760446,-0.08480092018245129,-0.9981309677916456,-0.9818431853072738,-0.4362737581780283,-0.9990224079533623,-0.958464511033384,-0.8497285263425529,-0.9813858694727969,-0.9788908791508726,-0.9726764295527764,-0.890891487258073,-0.9252485096510061,-0.9796623301848825,0.6797240756231989,0.7684251556792571,1.0,0.9933471189218154,0.9247900708717793,0.31972521196174614,0.3574626252381755,0.5158768923935583,0.5022262422887558,0.4543748683617065,0.0,1.0,1.0,1.0,1.0
3,0.0,0.0,0.0,-0.2000800371170044,-0.07717373222112656,-5.128155316924676e-05,-0.3401360809803009,-0.22866290807724,-8.349173731403425e-05,-0.3973017930984497,-0.37729379534721375,-0.00011931694461964071,-0.43445950746536255,-0.5316412448883057,-0.00014622417802456766,-0.33156120777130127,-0.5630823969841003,1.9853085177601315e-05,-0.4258846640586853,-0.7117133140563965,-5.700881592929363e-05,-0.4430343806743622,-0.7059966921806335,-0.00012666283873841166,-0.4287429451942444,-0.6316812634468079,-0.0001617706730030477,-0.20293833315372467,-0.6259647011756897,6.077287252992392e-06,-0.26296234130859375,-0.8346195816993713,-3.777102756430395e-05,-0.3029783368110657,-0.9260847568511963,-8.356894250027835e-05,-0.3401360809803009,-0.9403761625289917,-0.00011314194853184745,-0.06574058532714844,-0.6259647011756897,-2.6529820388532244e-05,-0.09718173742294312,-0.8260447382926941,-6.802460848120973e-05,-0.14577260613441467,-0.9260847568511963,-9.46429354371503e-05,-0.2000800371170044,-0.9689590334892273,-0.00010959753126371652,0.0714571550488472,-0.5716572403907776,-6.701044185319915e-05,0.05716572701931,-0.7431544065475464,-0.00010052212019218132,0.02286629006266594,-0.8489110469818115,-0.00011436129716457799,-0.02286629006266594,-0.9232264757156372,-0.00011965300654992461,-0.9994449888419722,-0.2413271424225977,-0.13138213718412936,-0.9994422435664562,-0.9912607861914848,-0.7029838717789778,-0.9986880672567553,-0.9564275114705897,-0.9002934607348279,-0.9785498019883524,-0.9735569401055478,-0.9718033586251886,-0.897617132531141,-0.9290245288611291,-0.9914410340990623,0.686583953611465,0.7634406970143259,1.0,0.9894006670497719,0.9235096140929704,0.33315900822490024,0.3579711584189127,0.5189816796828252,0.5005919726536808,0.45353178221058715,0.0,1.0,1.0,1.0,1.0
3,0.0,0.0,0.0,-0.19635501503944397,-0.07968029379844666,-5.145990144228563e-05,-0.335795521736145,-0.23050370812416077,-8.409120346186683e-05,-0.39271003007888794,-0.378481388092041,-0.00012040195724694058,-0.4297044277191162,-0.5349962711334229,-0.0001479334750911221,-0.3272583484649658,-0.5662992596626282,2.030582800216507e-05,-0.41832154989242554,-0.7114312052726746,-5.593796231551096e-05,-0.4382416009902954,-0.7171226143836975,-0.00012427647016011178,-0.4297044277191162,-0.6516709923744202,-0.00015832571079954505,-0.19920073449611664,-0.628905177116394,6.289866178121883e-06,-0.2532694935798645,-0.8394888043403625,-4.00613498641178e-05,-0.2959553897380829,-0.9305520057678223,-8.645764319226146e-05,-0.335795521736145,-0.9419348835945129,-0.00011464100680314004,-0.06545166671276093,-0.628905177116394,-2.6324130885768682e-05,-0.09106319397687912,-0.8309516310691833,-6.878464773762971e-05,-0.14513196051120758,-0.9333977103233337,-9.438126289751381e-05,-0.20489218831062317,-0.9703921675682068,-0.00010732623195508495,0.07114312052726746,-0.5748364329338074,-6.688698340440169e-05,0.056914497166872025,-0.7455798983573914,-0.00010107796697411686,0.02276579849421978,-0.8537174463272095,-0.0001148904484580271,-0.025611523538827896,-0.9277063012123108,-0.00011904384155059233,-0.9993390382603142,-0.7437451290108494,0.3967723731620932,-0.9984648431323359,-0.9825646961892466,-0.6568521652062452,-0.9997494415850381,-0.9360609887439215,-0.8623686709075394,-0.9788000811382997,-0.9752963466585953,-0.9629136498595853,-0.9051346973399789,-0.9290245288611291,-0.9908919808899014,0.6861974445620803,0.7805901735129616,1.0,0.9917871035206204,0.9280597338194779,0.330198842934282,0.36813963261422217,0.5169494226438857,0.5008388322628141,0.4547510828873789,0.0,1.0,1.0,1.0,1.0
3,0.0,0.0,0.0,-0.19455192983150482,-0.07438749819993973,-5.7471159379929304e-05,-0.34046587347984314,-0.22602355480194092,-9.327402949566022e-05,-0.39768701791763306,-0.3776596188545227,-0.00013242533896118402,-0.42915865778923035,-0.5350177884101868,-0.0001620422408450395,-0.3290216326713562,-0.5664893984794617,1.3433107596938498e-05,-0.4262976050376892,-0.7152644395828247,-6.949508679099381e-05,-0.4406028985977173,-0.7124033570289612,-0.00014174819807522,-0.42057546973228455,-0.6351547837257385,-0.0001770334638422355,-0.2002740353345871,-0.6322937607765198,1.2819444918932277e-06,-0.25463414192199707,-0.8468731045722961,-5.056804002379067e-05,-0.30041104555130005,-0.9384269118309021,-9.983077325159684e-05,-0.337604820728302,-0.9412879943847656,-0.00012881575094070286,-0.06294327229261398,-0.6322937607765198,-3.0307290217024274e-05,-0.09155384451150894,-0.8382899165153503,-7.619598909514025e-05,-0.14591394364833832,-0.9441490173339844,-0.00010329140786780044,-0.20599615573883057,-0.975620687007904,-0.00011621022713370621,0.07438749819993973,-0.577933669090271,-7.044546509860083e-05,0.06008221209049225,-0.7524581551551819,-0.00010696012759581208,0.02574951946735382,-0.8611783981323242,-0.00012256504851393402,-0.022888461127877235,-0.9298437237739563,-0.0001272494118893519,-0.9986018010033307,-0.37247664201771497,0.05624594893241588,-0.998281633459675,-0.9768622439443052,-0.5144958628852655,-0.9992479251693027,-0.943951114423622,-0.8174173611574802,-0.9780738492052207,-0.9749957028391474,-0.9522059328517446,-0.9049964335030356,-0.9189711865399088,-0.9866732242197384,0.6858725758870496,0.7617777429303682,1.0,0.9971309095427119,0.9301254236077598,0.3299086221756245,0.3521496175666568,0.5156543547528195,0.5043290872948275,0.45524816977611404,0.0,1.0,1.0,1.0,1.0
3,0.0,0.0,0.0,-0.1965186595916748,-0.07224950194358826,-6.30115027888678e-05,-0.3410176634788513,-0.22252847254276276,-0.00010310493235010654,-0.401707261800766,-0.37569743394851685,-0.00014617831038776785,-0.42482709884643555,-0.5346463322639465,-0.0001792056136764586,-0.3352377116680145,-0.5664361119270325,4.24876907345606e-06,-0.4392769932746887,-0.7253850102424622,-8.869302837410942e-05,-0.4479469358921051,-0.7196050882339478,-0.00016822745965328068,-0.42193710803985596,-0.6271256804466248,-0.00020661181770265102,-0.2022986114025116,-0.6329056620597839,-6.523653610202018e-06,-0.2572082281112671,-0.8554341197013855,-6.581326306331903e-05,-0.300557941198349,-0.9479135274887085,-0.00011986523895757273,-0.3352377116680145,-0.9421335458755493,-0.00015125681238714606,-0.06068958342075348,-0.6329056620597839,-3.750225005205721e-05,-0.08669940382242203,-0.8438742160797119,-8.6802858277224e-05,-0.13871905207633972,-0.9508034586906433,-0.00011550853378139436,-0.1994086354970932,-0.9768133163452148,-0.00012886387412436306,0.08091944456100464,-0.577996015548706,-7.771442324155942e-05,0.06935952603816986,-0.7542848587036133,-0.00011656632705125958,0.03467976301908493,-0.8669940829277039,-0.00013422986376099288,-0.017339881509542465,-0.9363535642623901,-0.00013967296399641782,-0.99897994733514,0.008434536925626547,-0.3087027558569141,-0.9977260180047489,-0.9807723460290196,-0.26980280831808806,-0.9996335611009227,-0.9460067382268891,-0.7563205275240573,-0.9791472319404898,-0.9729737026768397,-0.9410747320916796,-0.899271695960536,-0.9254617339945301,-0.973022521890903,0.6828797954153667,0.7558555877742408,1.0,0.9969593824078453,0.9365140989722966,0.3256417347077908,0.34996321378356865,0.515168383150978,0.5039821013140555,0.4623957731217378,0.0,1.0,1.0,1.0,1.0
3,0.0,0.0,0.0,-0.1977531909942627,-0.074515700340271,-6.221222429303452e-05,-0.3381866216659546,-0.2206811010837555,-0.00010141298116650432,-0.3955063819885254,-0.3697125017642975,-0.00014344237570185214,-0.4241662919521332,-0.5302078723907471,-0.00017577783728484064,-0.3295886516571045,-0.5617337226867676,5.857612450199667e-06,-0.4298982620239258,-0.7164970636367798,-8.440410601906478e-05,-0.441362202167511,-0.7021671533584595,-0.0001623085408937186,-0.4184342920780182,-0.6161875128746033,-0.00020038044021930546,-0.1948872059583664,-0.6276514530181885,-4.940784492646344e-06,-0.2522069811820984,-0.8454665541648865,-6.047307761036791e-05,-0.3009287714958191,-0.9371781945228577,-0.00011205909686395898,-0.3410526216030121,-0.9400441646575928,-0.00014296882727649063,-0.0573197677731514,-0.6276514530181885,-3.58738107024692e-05,-0.0859796479344368,-0.8340026140213013,-8.315008017234504e-05,-0.1375674456357956,-0.9371781945228577,-0.00010978283535223454,-0.1977531909942627,-0.9715700745582581,-0.00012267382408026606,0.0831136628985405,-0.5731976628303528,-7.605322753079236e-05,0.0687837228178978,-0.74515700340271,-0.00011286646622465923,0.0343918614089489,-0.8569304943084717,-0.00012802488345187157,-0.01432994194328785,-0.9285802245140076,-0.000132455286802724,-0.9990115141020514,0.31549463184868326,-0.5935385136485933,-0.9990435545702742,-0.9734355224137264,-0.5308824652883442,-0.9988987283405515,-0.9474456601945993,-0.8320503074687985,-0.9743149507720589,-0.9768999877965628,-0.9557263611873402,-0.9025946111333418,-0.9217500808554683,-0.98191635053576,0.6789973641268483,0.744831788051204,1.0,0.9914911597185895,0.928690784362276,0.3285963724011128,0.3473488820432552,0.5212246082815414,0.503162488018659,0.4585570892585523,0.0,1.0,1.0,1.0,1.0
3,0.0,0.0,0.0,-0.19963720440864563,-0.07233232259750366,-6.287058931775391e-05,-0.3500884473323822,-0.216996967792511,-0.0001013956789392978,-0.41084757447242737,-0.3703414797782898,-0.0001426481903763488,-0.4282073378562927,-0.5236859917640686,-0.00017372614820487797,-0.3471951484680176,-0.5584055185317993,7.679996997467242e-06,-0.4455671012401581,-0.7175366282463074,-8.56547339935787e-05,-0.46292686462402344,-0.7175366282463074,-0.00016527004481758922,-0.44267380237579346,-0.6336311101913452,-0.00020313376444391906,-0.2083170861005783,-0.630737841129303,-2.5750316581252264e-06,-0.26618295907974243,-0.847734808921814,-6.282657705014572e-05,-0.3153689205646515,-0.9432134628295898,-0.00011524155706865713,-0.35587501525878906,-0.9345335960388184,-0.0001439294428564608,-0.06654573976993561,-0.6365244388580322,-3.3309082937194034e-05,-0.09547866135835648,-0.8419482111930847,-8.345580863533542e-05,-0.15045122802257538,-0.9490000605583191,-0.00010940317588392645,-0.2083170861005783,-0.9750397205352783,-0.00011922459088964388,0.07522561401128769,-0.5844451785087585,-7.346738857449964e-05,0.06075914949178696,-0.7580427527427673,-0.00011257282312726602,0.023146342486143112,-0.867987871170044,-0.0001280780998058617,-0.02603963576257229,-0.9374268651008606,-0.00013062197831459343,-0.9999965442616869,-0.5258188181526258,0.23463604703506105,-0.9982954903587441,-0.9769565937889052,-0.2615252937639376,-0.9993607450045604,-0.9445827898145566,-0.7816168360129037,-0.97779047041009,-0.9697764681583904,-0.9591901137239988,-0.9138271692253168,-0.909899582870963,-0.9652177484484686,0.6764677315905765,0.7729479412130357,1.0,0.9970448114273767,0.9377884639835896,0.32155153978136425,0.36616798687281377,0.5152986569074541,0.5028489681342216,0.46296482699577873,0.0,1.0,1.0,1.0,1.0
3,0.0,0.0,0.0,-0.20563475787639618,-0.07240660488605499,-6.0122867580503225e-05,-0.35334423184394836,-0.22011607885360718,-9.734443301567808e-05,-0.41416576504707336,-0.37361806631088257,-0.0001380003959638998,-0.44023215770721436,-0.524223804473877,-0.00016917806351557374,-0.33886289596557617,-0.5647715330123901,9.20650563784875e-06,-0.44312840700149536,-0.7182735204696655,-8.099174010567367e-05,-0.46340227127075195,-0.7124809622764587,-0.00015923900355119258,-0.45181721448898315,-0.6284893155097961,-0.00019708878244273365,-0.20563475787639618,-0.6342818737030029,-2.666819682417554e-06,-0.260663777589798,-0.8515016436576843,-6.016641418682411e-05,-0.3099002540111542,-0.9441820979118347,-0.00011271372204646468,-0.35334423184394836,-0.9354933500289917,-0.0001424762449460104,-0.0666140764951706,-0.6371781229972839,-3.4487144148442894e-05,-0.08978419005870819,-0.8457091450691223,-8.366294059669599e-05,-0.14770947396755219,-0.9499746561050415,-0.00011115868983324617,-0.21142728626728058,-0.9702485203742981,-0.00012244179379194975,0.07530286908149719,-0.585045337677002,-7.533944881288335e-05,0.0637178122997284,-0.7617174983024597,-0.0001142182300100103,0.026066377758979797,-0.8717755079269409,-0.00013034866424277425,-0.028962641954421997,-0.9354933500289917,-0.00013373489491641521,-0.9984188039317375,-0.3130097030994869,-0.1407650959085412,-0.997862448849007,-0.9712854718701219,-0.28685151913897433,-0.9999789138479677,-0.9224409960245931,-0.7278293993405626,-0.9813392902576259,-0.9653162075085053,-0.9276473735533597,-0.90181600578999,-0.9178569831661331,-0.978883605100837,0.6845545981773723,0.7740398634067784,1.0,0.9930174294683037,0.9359415443943437,0.33545994589833644,0.3736185669202047,0.5140248022673025,0.4970518968506397,0.4579637321751105,0.0,1.0,1.0,1.0,1.0
3,0.0,0.0,0.0,-0.20402215421199799,-0.07183878123760223,-5.458003215608187e-05,-0.35057327151298523,-0.22126345336437225,-8.92719835974276e-05,-0.41091784834861755,-0.3649410307407379,-0.0001278957788599655,-0.45114755630493164,-0.511492133140564,-0.00015796019579283893,-0.33620551228523254,-0.5660896301269531,9.66638071986381e-06,-0.4396533668041229,-0.7068936228752136,-7.58757014409639e-05,-0.4597682058811188,-0.6953994035720825,-0.00015079115109983832,-0.45114755630493164,-0.6149399876594543,-0.00018742316751740873,-0.20402215421199799,-0.6350548267364502,-4.845617240789579e-06,-0.26149317622184753,-0.8476976752281189,-5.999981294735335e-05,-0.3132171034812927,-0.9367777705192566,-0.0001116355269914493,-0.3649410307407379,-0.9310306310653687,-0.00014115347585175186,-0.0632181316614151,-0.6379284262657166,-3.8077952922321856e-05,-0.09482719749212265,-0.8476976752281189,-8.644385525258258e-05,-0.15517176687717438,-0.9453983902931213,-0.00011642691970337182,-0.22413700819015503,-0.965513288974762,-0.00012975237041246146,0.07471233606338501,-0.586204469203949,-7.952432497404516e-05,0.05747102573513985,-0.7643646597862244,-0.00011777810868807137,0.017241308465600014,-0.8706860542297363,-0.00013474069419316947,-0.037356168031692505,-0.9310306310653687,-0.00013924037921242416,-0.9952306210805917,-0.11423793176058378,-0.4008181681446148,-0.9989009144141958,-0.9658471948202246,-0.4035645313684455,-0.9987107824864072,-0.9196002909494876,-0.7426966557214435,-0.9751849367802337,-0.9650254977211861,-0.9309790778280659,-0.897578262895208,-0.9293817981452593,-0.9915984573640318,0.6820252030309443,0.762683048809245,1.0,0.9911878225543441,0.9317798137751395,0.34641118706663354,0.3690146660035844,0.5158251844573913,0.4948292649389287,0.4511886065371715,0.0,1.0,1.0,1.0,1.0
3,0.0,0.0,0.0,-0.2034776657819748,-0.07164706289768219,-5.939433322055265e-05,-0.34677180647850037,-0.21780706942081451,-9.573495481163263e-05,-0.40408945083618164,-0.36396709084510803,-0.00013453737483359873,-0.44994357228279114,-0.5129929780960083,-0.0001649487967370078,-0.3295764923095703,-0.5617129802703857,1.0741255209723022e-05,-0.42415061593055725,-0.6964094638824463,-7.015946903266013e-05,-0.4528094530105591,-0.6906777024269104,-0.0001424919319106266,-0.44994357228279114,-0.6247624158859253,-0.0001795007410692051,-0.1977459043264389,-0.6276282668113708,-4.945794671584736e-07,-0.26079532504081726,-0.8339718580245972,-5.043926284997724e-05,-0.31238120794296265,-0.9199483394622803,-9.98559407889843e-05,-0.36396709084510803,-0.931411862373352,-0.00013048732944298536,-0.060183532536029816,-0.6333600282669067,-3.0874627555022016e-05,-0.09457412362098694,-0.8339718580245972,-7.729345088591799e-05,-0.15475766360759735,-0.931411862373352,-0.0001048687263391912,-0.22067296504974365,-0.9658024311065674,-0.000118391246360261,0.07737883180379868,-0.5846400260925293,-6.99674928910099e-05,0.05445176735520363,-0.7565929889678955,-0.00010702495637815446,0.014329412952065468,-0.8654965162277222,-0.0001222276914631948,-0.03725647181272507,-0.9342777132987976,-0.00012690489529632032,-0.9966770118758942,-0.4029674352878051,-0.15333821210958296,-0.9999622630954224,-0.970409912379395,-0.6882605496532621,-0.9971857746675428,-0.927354802654061,-0.8594443319519756,-0.965317389224899,-0.9758015429162261,-0.9580976552627829,-0.8974935919223707,-0.9203700098372518,-0.9971717352058664,0.6823569977675887,0.7699203897208502,1.0,0.990692091229313,0.935020257875208,0.3493435486374857,0.3762715889039757,0.5206367947734026,0.49865504325980153,0.45741818682724283,0.0,1.0,1.0,1.0,1.0
3,0.0,0.0,0.0,-0.2002846896648407,-0.07153024524450302,-5.6296448747161776e-05,-0.34048396348953247,-0.21745194494724274,-9.017035336000845e-05,-0.3977081775665283,-0.36337363719940186,-0.00012740891543217003,-0.4434875249862671,-0.5121565461158752,-0.00015656821778975427,-0.3261779248714447,-0.5522134900093079,1.623368007130921e-05,-0.4205978512763977,-0.683829128742218,-6.623697117902339e-05,-0.4520711600780487,-0.692412793636322,-0.00013960870273876935,-0.44920995831489563,-0.6380497813224792,-0.0001764142361935228,-0.19742347300052643,-0.6237437725067139,4.483366410568124e-06,-0.2603701055049896,-0.8240284323692322,-4.516306216828525e-05,-0.31187188625335693,-0.9184483885765076,-9.243468230124563e-05,-0.3605124354362488,-0.932754397392273,-0.00012043909373460338,-0.06008540838956833,-0.6323273777961731,-2.6774623620440252e-05,-0.094419926404953,-0.8297508358955383,-7.378238660749048e-05,-0.1487829089164734,-0.932754397392273,-9.9328433861956e-05,-0.2117295265197754,-0.9642277359962463,-0.00010964844841510057,0.08011387288570404,-0.5865480303764343,-6.668786954833195e-05,0.06008540838956833,-0.7639430165290833,-0.00010492530418559909,0.02002846822142601,-0.869807779788971,-0.00011969832848990336,-0.034334518015384674,-0.935615599155426,-0.00012249288556631655,-0.9960624957755313,-0.7761604648798552,0.3134582018911765,-0.9999979045669132,-0.981079408750698,-0.707106861979622,-0.9970020263474374,-0.9512813498263292,-0.8129905209065015,-0.969362840230315,-0.9690847577489514,-0.9464572325676716,-0.8949971464913453,-0.9242713578088024,-0.9971717352058664,0.6774847286591973,0.7803185820246378,1.0,0.9872003470334594,0.9362454374582733,0.3443760479154853,0.38308812627603167,0.5228942192349652,0.4977979040031267,0.461448541619479,0.0,1.0,1.0,1.0,1.0
3,0.0,0.0,0.0,-0.19889435172080994,-0.06918064504861832,-5.980504647595808e-05,-0.3430207073688507,-0.21618951857089996,-9.48661399888806e-05,-0.4035537540912628,-0.3631983697414398,-0.00013209129974711686,-0.4467916488647461,-0.5159723162651062,-0.00016032184066716582,-0.33149057626724243,-0.5534451603889465,1.1318710676277988e-05,-0.42949649691581726,-0.6889238953590393,-7.023658690741286e-05,-0.4554392397403717,-0.6975715160369873,-0.0001411726261721924,-0.44967418909072876,-0.6399209499359131,-0.00017636854317970574,-0.2017768770456314,-0.6255083084106445,1.2773163007295807e-06,-0.26807498931884766,-0.8272851705551147,-4.821634865947999e-05,-0.3141954243183136,-0.9224085807800293,-9.509408846497536e-05,-0.3574333190917969,-0.9339386820793152,-0.00012303255789447576,-0.0605330616235733,-0.6312733888626099,-2.8187851057737134e-05,-0.09800591319799423,-0.8330502510070801,-7.59128452045843e-05,-0.152773916721344,-0.9368212223052979,-0.00010193234629696235,-0.21042445302009583,-0.9685289859771729,-0.00011268244270468131,0.0807107537984848,-0.5880354642868042,-6.629835843341425e-05,0.0605330616235733,-0.76386958360672,-0.00010596243373584002,0.0201776884496212,-0.8705230951309204,-0.00012167418753961101,-0.03459032252430916,-0.9368212223052979,-0.0001250570494448766,-0.9962517617757215,-0.8122559513426746,0.40905290037807823,-0.9999852354635305,-0.9910361150128074,-0.6533913115900565,-0.9961283255550687,-0.9547436514600554,-0.8351830015501132,-0.9687496330298699,-0.9695340079906779,-0.9464572325676716,-0.8958028428774083,-0.9268395608264989,-0.9934175998957027,0.6825322199432714,0.7821161413409309,1.0,0.9911240552704814,0.9374596008164814,0.3460848726807746,0.38227488792030545,0.5208713134040664,0.5006221958084429,0.46220241833866943,0.0,1.0,1.0,1.0,1.0
3,0.0,0.0,0.0,-0.20190021395683289,-0.0721072182059288,-6.457301788032055e-05,-0.34323036670684814,-0.21920594573020935,-0.00010205138096353039,-0.40380042791366577,-0.36918896436691284,-0.0001413038553437218,-0.4528333246707916,-0.5278248190879822,-0.00017126953753177077,-0.33169320225715637,-0.5566677451133728,1.0547699275775813e-05,-0.4326432943344116,-0.7037664651870728,-7.710968930041417e-05,-0.46148619055747986,-0.7008821368217468,-0.0001535147603135556,-0.4528333246707916,-0.6287749409675598,-0.00019041108316741884,-0.196131631731987,-0.6287749409675598,2.882260787373525e-06,-0.2624702751636505,-0.8364437222480774,-5.002263787901029e-05,-0.3143874704837799,-0.9258566498756409,-9.939974552253261e-05,-0.36342036724090576,-0.931625247001648,-0.00012780181714333594,-0.05768577381968498,-0.6345435380935669,-2.5301798814325593e-05,-0.09518152475357056,-0.8364437222480774,-7.258236291818321e-05,-0.1499830186367035,-0.9402781128883362,-9.775460057426244e-05,-0.20766878128051758,-0.972005307674408,-0.0001076265107258223,0.08364437520503998,-0.5912792086601257,-6.297411891864613e-05,0.05768577381968498,-0.7643365263938904,-0.00010050392302218825,0.02019002102315426,-0.8710551857948303,-0.00011431998427724466,-0.031727176159620285,-0.9402781128883362,-0.0001160905376309529,-0.9979468796576162,-0.4809917191836613,0.019757576997406066,-0.9999765765698171,-0.9765761747144068,-0.5997393861346851,-0.9956820026559083,-0.9547436514600554,-0.8351829358600088,-0.9584092686166282,-0.9821948329111135,-0.9536597317453936,-0.8949972393734549,-0.9280762861354767,-0.996470602339475,0.6954546134711633,0.7748651950644582,1.0,0.9939419198898675,0.9408131954799197,0.3553940678786641,0.3817024855512699,0.5207006335787959,0.5013676781511259,0.46314059851102823,0.0,1.0,1.0,1.0,1.0
3,0.0,0.0,0.0,-0.20409204065799713,-0.06997441500425339,-6.729940650984645e-05,-0.35278767347335815,-0.21283884346485138,-0.00010701971768867224,-0.4169308841228485,-0.364450067281723,-0.00014897713845130056,-0.4548336863517761,-0.5160613059997559,-0.00018081626330967993,-0.3411252498626709,-0.5539640784263611,5.807811248814687e-06,-0.44025567173957825,-0.6968285441398621,-9.135898289969191e-05,-0.46358048915863037,-0.693912923336029,-0.0001742213498800993,-0.4519180953502655,-0.6093605160713196,-0.00021355894568841904,-0.20409204065799713,-0.6326853036880493,-2.307218210262363e-06,-0.2653196454048157,-0.8455241322517395,-6.41631122562103e-05,-0.31780046224594116,-0.938823401927948,-0.00011779787018895149,-0.36736565828323364,-0.9300765991210938,-0.00014654795813839883,-0.06122761219739914,-0.6443477272987366,-3.1584990210831165e-05,-0.09621481597423553,-0.8484397530555725,-8.451793109998107e-05,-0.15452682971954346,-0.9534013867378235,-0.0001100408990168944,-0.215754434466362,-0.970894992351532,-0.0001171864932985045,0.08455241471529007,-0.5976980924606323,-7.08334700902924e-05,0.058312010020017624,-0.7755497694015503,-0.00011297080345684662,0.017493603751063347,-0.8863425850868225,-0.000128323255921714,-0.03790280595421791,-0.9475701451301575,-0.00012860882270615548,-0.9985065233180724,-0.46377281982122537,0.012709132194964877,-0.9994900624767287,-0.973143742099636,-0.331334334909614,-0.9971857746675428,-0.9436449609047363,-0.7071067373958227,-0.959093114876004,-0.9787531887904085,-0.9277533296952303,-0.9068265883181851,-0.9190414634160655,-0.9879711065161322,0.687890247855408,0.7586503282230541,1.0,0.9945788052533128,0.9483279029146306,0.35176458429780766,0.36887135971461854,0.516331384765222,0.49777592922977626,0.46659080185332114,0.0,1.0,1.0,1.0,1.0
3,0.0,0.0,0.0,-0.20310427248477936,-0.06963575631380081,-6.951967225177214e-05,-0.34817877411842346,-0.21471023559570312,-0.00011035986244678497,-0.4178145229816437,-0.3626862168312073,-0.00015327773871831596,-0.4671398401260376,-0.5135636925697327,-0.00018705478578340262,-0.33947429060935974,-0.551283061504364,2.5083188575081294e-06,-0.4410264194011688,-0.6963575482368469,-9.737984510138631e-05,-0.4729428291320801,-0.6963575482368469,-0.0001834852300817147,-0.4671398401260376,-0.6209188103675842,-0.00022519515187013894,-0.2060057669878006,-0.629623293876648,-5.306074854161125e-06,-0.26403555274009705,-0.8472349643707275,-7.138570072129369e-05,-0.3220653533935547,-0.9400826692581177,-0.0001293062960030511,-0.3713906705379486,-0.9284766912460327,-0.0001606169098522514,-0.06383277475833893,-0.6412292122840881,-3.428464333410375e-05,-0.10155213624238968,-0.8501364588737488,-8.996627002488822e-05,-0.16248342394828796,-0.9516886472702026,-0.0001187220768770203,-0.2263161987066269,-0.9661960601806641,-0.00012793089263141155,0.07834022492170334,-0.5977068543434143,-7.32795670046471e-05,0.0551283024251461,-0.7775992155075073,-0.00011778595944633707,0.011605958454310894,-0.8878558278083801,-0.00013621164544019848,-0.04352234676480293,-0.9458856582641602,-0.00013887128443457186,-0.9982729743718248,-0.5734616745702239,0.07669472253795626,-0.998454242049507,-0.9559265171696356,-0.32168532906460096,-0.9968486442354775,-0.9352653263175997,-0.6917403026410283,-0.9667365652070361,-0.9694941459639034,-0.9272476918462013,-0.8982167892280858,-0.9408874624025514,-0.9923376200540726,0.6942386551425248,0.777019879295266,1.0,0.9923476396928537,0.9468863928828498,0.36215670435114544,0.38605313016530113,0.5176066623757063,0.49696347698487686,0.4661494492101613,0.0,1.0,1.0,1.0,1.0
3,0.0,0.0,0.0,-0.20074346661567688,-0.06691449135541916,-6.995812145760283e-05,-0.3433004319667816,-0.20365279912948608,-0.00011230714153498411,-0.40439626574516296,-0.3433004319667816,-0.00015722945681773126,-0.4654920995235443,-0.48876672983169556,-0.00019341892038937658,-0.3374817669391632,-0.5498625636100769,-2.6983279894920997e-06,-0.44512683153152466,-0.6982381939888,-0.00010767125786514953,-0.4742200970649719,-0.6807821989059448,-0.00019826048810500652,-0.4684014320373535,-0.5905930995941162,-0.00024162382760550827,-0.20365279912948608,-0.6284143328666687,-1.188609439850552e-05,-0.2589299976825714,-0.84952312707901,-8.145785250235349e-05,-0.32002583146095276,-0.9426215291023254,-0.00014252212713472545,-0.3723936975002289,-0.9280748963356018,-0.00017519354878459126,-0.05818651244044304,-0.6400516629219055,-4.2310166463721544e-05,-0.09309842437505722,-0.8524324297904968,-9.917091665556654e-05,-0.15419426560401917,-0.9571681618690491,-0.000130683823954314,-0.22110874950885773,-0.9717147946357727,-0.0001413257559761405,0.0872797742486,-0.5964117646217346,-8.282504859380424e-05,0.06400516629219055,-0.7767899632453918,-0.00012833374785259366,0.02036527916789055,-0.8902536630630493,-0.0001481372892158106,-0.032002583146095276,-0.9513494968414307,-0.00015122532204259187,-0.9970247931322371,-0.08710062215669835,-0.45822057409543737,-0.997660547168994,-0.9441542733433297,-0.30487741492926385,-0.9973898826271042,-0.9340709466033499,-0.6758631165647582,-0.9627954702038789,-0.9716105519226674,-0.9422692793650269,-0.9035481522263787,-0.9234507647667549,-0.9998907026025198,0.674963604573558,0.7537905891020502,1.0,0.9965534328009957,0.9518876301363454,0.3631304674711409,0.3814950531785635,0.5206054448108428,0.502973872802768,0.4736632688131526,0.0,1.0,1.0,1.0,1.0
3,0.0,0.0,0.0,-0.20135819911956787,-0.06616055220365524,-5.891950786462985e-05,-0.3451854884624481,-0.19848164916038513,-9.534302080282941e-05,-0.40846946835517883,-0.3365558385848999,-0.00013604902778752148,-0.4631238579750061,-0.4775065779685974,-0.00016813143156468868,-0.35381510853767395,-0.5436671376228333,2.334597638764535e-06,-0.4631238579750061,-0.6874943971633911,-0.00010274141823174432,-0.48613622784614563,-0.6759881973266602,-0.000192801802768372,-0.47175347805023193,-0.5839387774467468,-0.0002356542827328667,-0.21861746907234192,-0.6270869374275208,-1.1211877790628932e-05,-0.281901478767395,-0.8428278565406799,-8.130772039294243e-05,-0.33943238854408264,-0.9406304359436035,-0.00013975401816423982,-0.3797040283679962,-0.9233711361885071,-0.00016989924188237637,-0.07191364467144012,-0.6385931372642517,-4.511667066253722e-05,-0.10930873453617096,-0.8457044363021851,-0.00010061672946903855,-0.16396309435367584,-0.9492600560188293,-0.00012729626905638725,-0.21861746907234192,-0.9636427760124207,-0.00013451339327730238,0.07766672968864441,-0.5954449772834778,-8.852180326357484e-05,0.0632840022444725,-0.7680376768112183,-0.00013538010534830391,0.020135819911956787,-0.8802229762077332,-0.000154603534610942,-0.03451854735612869,-0.9377538561820984,-0.00015642395010218024,-0.9973410400332601,-0.18514924000591482,-0.30377322558412145,-0.9987442181203454,-0.9697981023022001,-0.1264928220725833,-0.9977902781308916,-0.9532472496724698,-0.6764603608205855,-0.9774341934111173,-0.9599332030242184,-0.9239217103547491,-0.9105032256195358,-0.9221173929001785,-0.9982090878052098,0.6652039456641174,0.7506902770246539,0.998393442936675,0.9881300355240394,0.9383890062723408,0.3498049324927373,0.3729183603724937,0.516411619917094,0.4940327566986477,0.463545305637803,0.0,1.0,1.0,1.0,1.0
3,0.0,0.0,0.0,-0.2044423520565033,-0.06246849521994591,-5.2286210120655596e-05,-0.3464162051677704,-0.19024495780467987,-8.891904872143641e-05,-0.3918478488922119,-0.3180214464664459,-0.00013183105329517275,-0.4457978904247284,-0.44295841455459595,-0.0001666615135036409,-0.3606135845184326,-0.542340099811554,1.0337514595448738e-06,-0.47419267892837524,-0.6985113620758057,-0.000106122373836115,-0.48555058240890503,-0.6559191942214966,-0.00019805715419352055,-0.459995299577713,-0.5366611480712891,-0.0002402467798674479,-0.22147920727729797,-0.6218454837799072,-1.7828373529482633e-05,-0.2896266579627991,-0.8461641669273376,-8.883162081474438e-05,-0.34925568103790283,-0.9370274543762207,-0.00014802395890001208,-0.38900837302207947,-0.9143116474151611,-0.00017776548338588327,-0.07382640242576599,-0.630363941192627,-5.6358356232522056e-05,-0.1050606518983841,-0.8376457691192627,-0.00011040116078220308,-0.15617123246192932,-0.9455458521842957,-0.00013947980187367648,-0.21296077966690063,-0.9654222130775452,-0.00014905916759744287,0.07382640242576599,-0.5792533159255981,-0.0001036802859744057,0.07098692655563354,-0.7553008794784546,-0.0001458510960219428,0.028394771739840508,-0.8632010221481323,-0.00016119754582177848,-0.028394771739840508,-0.9228300452232361,-0.0001612540945643559,-0.9991178935485345,0.6298765486085396,-0.8907977951255767,-0.9988853760292332,-0.9594308926926451,-0.061571598210832,-0.9994563529451781,-0.9574352968034726,-0.7026030952894718,-0.9898078712241349,-0.9359555384425619,-0.9267789463258647,-0.9063343963255588,-0.8793191688019778,-0.9978217060884409,0.6284488602534126,0.7068245542325132,0.9936263410025846,0.9886315198767296,0.9232667885772399,0.3309110806416518,0.34910843469752956,0.5172139832114877,0.5000692365170548,0.4566338071947573,0.0,1.0,1.0,1.0,1.0
3,0.0,0.0,0.0,-0.20356294512748718,-0.054474592208862305,-5.795727338409051e-05,-0.3497842252254486,-0.17775918543338776,-9.99844996840693e-05,-0.4013917148113251,-0.2953096330165863,-0.00014843618555460125,-0.4386638104915619,-0.4214613139629364,-0.00018826274026650935,-0.36411961913108826,-0.544745922088623,-5.56474242330296e-06,-0.49600547552108765,-0.6938342452049255,-0.00012013898958684877,-0.5103409290313721,-0.6221571564674377,-0.00021825614385306835,-0.4759359061717987,-0.4931384027004242,-0.0002640655147843063,-0.22363252937793732,-0.6278913021087646,-2.3239565052790567e-05,-0.29244253039360046,-0.8515238761901855,-9.924480400513858e-05,-0.3555183708667755,-0.9346693158149719,-0.00015878395061008632,-0.4013917148113251,-0.9145997166633606,-0.00018787221051752567,-0.07454417645931244,-0.6336255073547363,-6.167971878312528e-05,-0.10034792870283127,-0.8457896709442139,-0.00011970472405664623,-0.15195544064044952,-0.9461376070976257,-0.000147716433275491,-0.21216419339179993,-0.971941351890564,-0.0001552319445181638,0.07741125673055649,-0.5820180177688599,-0.00010943111556116492,0.07741125673055649,-0.7626442909240723,-0.00015261596126947552,0.03440500423312187,-0.8715934753417969,-0.00016532758309040219,-0.028670836240053177,-0.9318022131919861,-0.00016272049106191844,-0.9908966036853981,0.604508717433755,-0.896939050970255,-0.9990472222064528,-0.9392023274387487,-0.23438449274191994,-0.9999923466871605,-0.9379994007090258,-0.7706767768661072,-0.9912705551100136,-0.9301551541243422,-0.9078415518881594,-0.9051696706099926,-0.8975520495559577,-0.9920210719384183,0.6083219624403985,0.6853470131117807,0.9988033110406959,0.9948284347716145,0.9322431858857725,0.32655825710569614,0.359292713689301,0.5213553462737668,0.5033671696691803,0.4626517024403198,0.0,1.0,1.0,1.0,1.0
3,0.0,0.0,0.0,-0.20634354650974274,-0.05731765180826187,-5.597027120529674e-05,-0.3496376872062683,-0.17195294797420502,-9.830345516093075e-05,-0.4069553315639496,-0.28085649013519287,-0.00014774437295272946,-0.43848004937171936,-0.40408945083618164,-0.00018834763613995165,-0.3696988523006439,-0.5445176959037781,-5.531653641810408e-06,-0.5043953061103821,-0.6849459409713745,-0.0001191360570373945,-0.5187247395515442,-0.6047012209892273,-0.0002164086326956749,-0.48433417081832886,-0.46427297592163086,-0.0002617888094391674,-0.23213648796081543,-0.6304941773414612,-2.3354792574536987e-05,-0.3037835657596588,-0.8540329933166504,-9.898691496346146e-05,-0.36396709084510803,-0.931411862373352,-0.00015956477727741003,-0.4012235701084137,-0.9027529954910278,-0.00019020629406441003,-0.08024471253156662,-0.6362259387969971,-6.135973671916872e-05,-0.10603765398263931,-0.845435380935669,-0.00011822769010905176,-0.15475766360759735,-0.9457412362098694,-0.00014738984464202076,-0.21494118869304657,-0.9572047591209412,-0.00015627556422259659,0.07164706289768219,-0.5875059366226196,-0.00010843727068277076,0.08024471253156662,-0.7709224224090576,-0.0001501432852819562,0.04012235626578331,-0.8769600987434387,-0.0001636427768971771,-0.025792943313717842,-0.9285459518432617,-0.0001619960239622742,-0.9859024660657647,0.5887553661351483,-0.9143564457457425,-0.9990923185876609,-0.9390723233520331,-0.005347917332572461,-0.9999960837360201,-0.9462089940371544,-0.5974964623347245,-0.9972253865228096,-0.9176899048328345,-0.8551164480119418,-0.9195769283403905,-0.916490979060485,-0.9727386690279808,0.5962826962980455,0.6709165567952982,0.9878984504310675,0.981040640380625,0.9289041068933624,0.3253139915994866,0.36257811799638356,0.5068038473564184,0.4864013573760312,0.459011354467993,0.0,1.0,1.0,1.0,1.0
3,0.0,0.0,0.0,-0.19828754663467407,-0.05665358528494835,-6.32471710559912e-05,-0.34275418519973755,-0.16996075212955475,-0.00010844313510460779,-0.4050731360912323,-0.2804352343082428,-0.00015951477689668536,-0.44473063945770264,-0.4107384979724884,-0.00020145626331213862,-0.36824831366539,-0.5438744425773621,-9.80578079179395e-06,-0.5013841986656189,-0.6855083703994751,-0.0001243127480847761,-0.5268783569335938,-0.6005280017852783,-0.00022321556753013283,-0.49855154752731323,-0.4588940441608429,-0.00027007106109522283,-0.22944702208042145,-0.6288548111915588,-2.3987271561054513e-05,-0.30026400089263916,-0.852636456489563,-0.00010036041203420609,-0.3625829517841339,-0.9319514632225037,-0.0001627210294827819,-0.4050731360912323,-0.9007920026779175,-0.0001947376294992864,-0.08214769512414932,-0.6345201730728149,-5.8927689678967e-05,-0.10480913519859314,-0.8441383838653564,-0.00011618688586167991,-0.15296468138694763,-0.9404495358467102,-0.00014556907990481704,-0.21245093643665314,-0.948947548866272,-0.0001545198174426332,0.06798430532217026,-0.58353191614151,-0.00010370132804382592,0.07648234069347382,-0.7648233771324158,-0.00014636422565672547,0.03682482987642288,-0.8696325421333313,-0.0001606950827408582,-0.025494113564491272,-0.9206207394599915,-0.00015948296640999615,-0.9873383242263797,0.5010902385516448,-0.8828722221475509,-0.9990596152330835,-0.9360781429817621,-0.03321465649089286,-0.9997782193174656,-0.9373131210944484,-0.5692099764175013,-0.9976108012284611,-0.9176899048328345,-0.866155968372524,-0.9261198431186947,-0.9241133307189664,-0.976296182953129,0.6053853841600775,0.6775968337063932,0.9876793840720749,0.972438605040333,0.9209737127401495,0.3293332804280693,0.37667264271389483,0.508469380689423,0.47933154717554616,0.45294608408980513,0.0,1.0,1.0,1.0,1.0
3,0.0,0.0,0.0,-0.20225836336612701,-0.053373731672763824,-6.15151584497653e-05,-0.34833383560180664,-0.16854862868785858,-0.00010702421423047781,-0.4157532751560211,-0.278105229139328,-0.00015884627646300942,-0.4550813138484955,-0.4073258638381958,-0.00020210912043694407,-0.3708069920539856,-0.5365464687347412,-1.1137966794194654e-05,-0.5028367638587952,-0.6854311227798462,-0.00012813594366889447,-0.5281190276145935,-0.6123933792114258,-0.0002299511688761413,-0.5028367638587952,-0.4719361662864685,-0.0002783347445074469,-0.23315894603729248,-0.6236299276351929,-2.6079220333485864e-05,-0.30057838559150696,-0.8483614325523376,-0.0001015835878206417,-0.3679978549480438,-0.9298266172409058,-0.0001639613910811022,-0.4073258638381958,-0.8933077454566956,-0.00019621678802650422,-0.08427431434392929,-0.6320573687553406,-6.15100288996473e-05,-0.10955660790205002,-0.8427431583404541,-0.00011605361214606091,-0.16012120246887207,-0.9410631656646729,-0.0001443631190340966,-0.21911321580410004,-0.943872332572937,-0.0001529049186501652,0.0646103098988533,-0.5843019485473633,-0.00010700301208999008,0.07303774356842041,-0.7640871405601501,-0.00014700264728162438,0.028091438114643097,-0.8708345890045166,-0.000160566225531511,-0.033709727227687836,-0.9185900092124939,-0.00015886382607277483,-0.9927192798408081,0.48999193775693906,-0.8720905174550212,-0.9978012510017332,-0.9211076598835815,0.057009815220553144,-0.9999138853108082,-0.9374441735440225,-0.49912947608402985,-0.9979979797694541,-0.9024542843750731,-0.8705953052591583,-0.9172569898707237,-0.9388656347248429,-0.9673562964712301,0.6107481900191036,0.6896148520450135,0.9817908017684712,0.9689714253970333,0.9192083954720387,0.33727744084663863,0.3781258240629643,0.5045663161294991,0.4779772655494788,0.45253032980350055,0.0,1.0,1.0,1.0,1.0
3,0.0,0.0,0.0,-0.20514902472496033,-0.054136548191308975,-5.934327782597393e-05,-0.3590107858181,-0.16525892913341522,-0.00010466906678630039,-0.42169520258903503,-0.27353203296661377,-0.000155663161422126,-0.4701331853866577,-0.3989008665084839,-0.00019801026792265475,-0.37040793895721436,-0.5470640659332275,-1.5347708540502936e-05,-0.5071739554405212,-0.6980765461921692,-0.0001297376147704199,-0.5328176021575928,-0.6097484827041626,-0.00022824104235041887,-0.51572185754776,-0.46443459391593933,-0.00027331215096637607,-0.23364193737506866,-0.6268442273139954,-3.070450111408718e-05,-0.3048742413520813,-0.8547875881195068,-0.00010184618440689519,-0.37040793895721436,-0.9288691878318787,-0.00015810370678082108,-0.41599661111831665,-0.8918283581733704,-0.00018545251805335283,-0.08262946456670761,-0.6325427889823914,-6.599826883757487e-05,-0.10827309638261795,-0.8433904051780701,-0.00011742393689928576,-0.16525892913341522,-0.9431156516075134,-0.00014234877016860992,-0.22509406507015228,-0.9516634941101074,-0.00014827624545432627,0.07123229652643204,-0.5841048359870911,-0.00011095469380961731,0.06838300824165344,-0.7664595246315002,-0.00014856932102702558,0.019945044070482254,-0.8718833327293396,-0.00015829098992981017,-0.0427393801510334,-0.9231705665588379,-0.00015338696539402008,-0.9901103140016885,0.5246522818208306,-0.921191617161021,-0.9985481509558446,-0.9125313858621695,-0.04192141090375924,-0.999960679178161,-0.921791918464503,-0.6139405963038799,-0.9906335414577316,-0.9150885403778545,-0.8985357843862569,-0.9332363691040799,-0.9128785042671685,-0.9878411988676229,0.616560718187131,0.6940234518778954,0.9840788160343279,0.9779216394280512,0.9241594271364972,0.3559685875301218,0.3928706051206388,0.5069088460480639,0.48441384783017566,0.4522544039986084,0.0,1.0,1.0,1.0,1.0
3,0.0,0.0,0.0,-0.2085293084383011,-0.056359272450208664,-5.4432119213743135e-05,-0.36351731419563293,-0.1690778136253357,-9.43068225751631e-05,-0.42551252245903015,-0.2789784073829651,-0.00014020116941537708,-0.487507700920105,-0.40578675270080566,-0.0001772670220816508,-0.36633527278900146,-0.5438669919967651,-8.713992428965867e-06,-0.4987795650959015,-0.6932190656661987,-0.00011639372678473592,-0.532595157623291,-0.6199520230293274,-0.00020943825074937195,-0.5213232636451721,-0.48468974232673645,-0.0002519387344364077,-0.23389098048210144,-0.6227699518203735,-2.526714524719864e-05,-0.3015221059322357,-0.8510250449180603,-9.275665070163086e-05,-0.37478917837142944,-0.9271100163459778,-0.00014528879546560347,-0.42551252245903015,-0.8904765248298645,-0.00017023262626025826,-0.08453890681266785,-0.6312238574028015,-6.121872866060585e-05,-0.10708262026309967,-0.8453890681266785,-0.00011344886297592893,-0.17189578711986542,-0.9468358159065247,-0.0001381238835165277,-0.2395269125699997,-0.9440178275108337,-0.0001424960937583819,0.06481316685676575,-0.5861364603042603,-0.00010632928751874715,0.0704490914940834,-0.774940013885498,-0.00014619537978433073,0.01690778136253357,-0.8792046904563904,-0.00015694432659074664,-0.056359272450208664,-0.9158381819725037,-0.00015161116607487202,-0.991208171632719,0.4012833248510106,-0.8700218623059606,-0.9974655998685056,-0.8876972081265458,-0.140580402259043,-0.999600687469765,-0.8944271502159375,-0.5028405780891728,-0.9967787162595806,-0.8755410098904248,-0.806404957948143,-0.9341835348488866,-0.9096340502362763,-0.9982666560186174,0.6342922906317414,0.7118301499236128,0.9869191035112319,0.9739316002272052,0.9175706931091553,0.37038850627200726,0.39741126248091396,0.5119026027550996,0.4812916899397201,0.44421725357760045,0.0,1.0,1.0,1.0,1.0
3,0.0,0.0,0.0,-0.2072276473045349,-0.056007470935583115,-4.7514175093965605e-05,-0.364048570394516,-0.17362315952777863,-8.379820792470127e-05,-0.4312575161457062,-0.2800373435020447,-0.0001272776280529797,-0.49566611647605896,-0.4004534184932709,-0.0001621899427846074,-0.3584478199481964,-0.548873245716095,1.836232286223094e-06,-0.4844646155834198,-0.6916922926902771,-9.9019511253573e-05,-0.5152687430381775,-0.6216829419136047,-0.00018689254648052156,-0.5068675875663757,-0.49286574125289917,-0.00022591245942749083,-0.23243100941181183,-0.6244832873344421,-1.692173464107327e-05,-0.2996399700641632,-0.8485131859779358,-7.930790889076889e-05,-0.37525007128715515,-0.9269236326217651,-0.0001279613352380693,-0.43405789136886597,-0.8877184391021729,-0.00014968772302381694,-0.08401120454072952,-0.6300840377807617,-5.4496642405865714e-05,-0.11761569231748581,-0.8457128405570984,-0.00010292333899997175,-0.18482466042041779,-0.946526288986206,-0.00012455385876819491,-0.25763437151908875,-0.9409255385398865,-0.00012626552779693156,0.06440859287977219,-0.5880784392356873,-0.0001007501341518946,0.056007470935583115,-0.7813042402267456,-0.00013896278687752783,0.0,-0.8821176886558533,-0.0001483719825046137,-0.07280971109867096,-0.9129217863082886,-0.00014158546400722116,-0.9895843101554687,0.41987629373671065,-0.8871645482679941,-0.9978976697754536,-0.8889442142263602,-0.1782580355832789,-0.9997568709864261,-0.9075422438980999,-0.4892509917312888,-0.9883884095190552,-0.8944271601592275,-0.7878678868270825,-0.9288360501130324,-0.9344877590274459,-0.9973981901194131,0.6372188602014682,0.706987627695257,0.988154987276623,0.9755594593966344,0.9158206065379425,0.38159555146711954,0.3850469212982904,0.5147236682158968,0.4820679264929286,0.43740368588231593,0.0,1.0,1.0,1.0,1.0
3,0.0,0.0,0.0,-0.2028208076953888,-0.05556734651327133,-5.0341335736447945e-05,-0.3584093749523163,-0.17503714561462402,-8.751974382903427e-05,-0.4306469261646271,-0.2833934724330902,-0.00013155357737559825,-0.5084412097930908,-0.4056416153907776,-0.0001670610799919814,-0.355631023645401,-0.5445600152015686,2.1123335045558633e-06,-0.4778791666030884,-0.6918134689331055,-9.98087489278987e-05,-0.5167763233184814,-0.6306893825531006,-0.00018833077047020197,-0.5139979720115662,-0.5084412097930908,-0.00022814833209849894,-0.23060448467731476,-0.62235426902771,-1.5530831660726108e-05,-0.305620402097702,-0.847402036190033,-8.022726979106665e-05,-0.38619306683540344,-0.922417938709259,-0.0001299684663536027,-0.44731712341308594,-0.883520781993866,-0.00015190425619948655,-0.08612938970327377,-0.6306893825531006,-5.247209992376156e-05,-0.1194697916507721,-0.8501803874969482,-0.00010405977081973106,-0.19170734286308289,-0.9474232196807861,-0.00012810819316655397,-0.26950162649154663,-0.9418665170669556,-0.00013123330427333713,0.061124078929424286,-0.586235523223877,-9.806597518036142e-05,0.05556734651327133,-0.7779428362846375,-0.00013777674757875502,0.0,-0.8779640793800354,-0.0001490016729803756,-0.07779428362846375,-0.9085261225700378,-0.00014393824676517397,-0.9934683967705281,0.3061884431214287,-0.8312447894848769,-0.9994521605268414,-0.8778955828117592,-0.25163396795938625,-0.9998871251568093,-0.8831937524544907,-0.5376154238330562,-0.9911862389230326,-0.8878609917800404,-0.7716505836511504,-0.9258863596671493,-0.9467009497738045,-0.9997736913250057,0.6504288163356602,0.7229843673597125,0.990303779632604,0.9796650442848922,0.9118506844637734,0.3926882340028304,0.39302815326840135,0.520689755457383,0.48785282521748174,0.434040739608022,0.0,1.0,1.0,1.0,1.0
3,0.0,0.0,0.0,-0.20126619935035706,-0.057898495346307755,-5.2511662943288684e-05,-0.3584192395210266,-0.1792096197605133,-9.023171151056886e-05,-0.4301030933856964,-0.29224953055381775,-0.00013419480819720775,-0.518329381942749,-0.4135606586933136,-0.00017025269335135818,-0.3501480221748352,-0.5376288890838623,3.5723957125810557e-07,-0.48248744010925293,-0.6782395243644714,-0.00010009563266066834,-0.5266005992889404,-0.6313692927360535,-0.00018788040324579924,-0.5321147441864014,-0.52384352684021,-0.00022783706663176417,-0.22607983648777008,-0.6175839304924011,-1.7303256754530594e-05,-0.30052074790000916,-0.8409066796302795,-8.406239794567227e-05,-0.38323289155960083,-0.9236188530921936,-0.00013538206985685974,-0.45491674542427063,-0.890533983707428,-0.00015772251936141402,-0.08546920865774155,-0.6258551478385925,-5.4024800192564726e-05,-0.11855405569076538,-0.84366375207901,-0.00010693929652916268,-0.19299498200416565,-0.9429183006286621,-0.00013059665798209608,-0.2784641981124878,-0.9429183006286621,-0.00013315978867467493,0.060655564069747925,-0.5844990611076355,-9.956400754163042e-05,0.057898495346307755,-0.7719799280166626,-0.00013944263628218323,0.0,-0.8739915490150452,-0.00014990819909144193,-0.08271213620901108,-0.9098334908485413,-0.0001442747307009995,-0.984230073440565,0.060549686111935216,-0.7623448925542896,-0.9995744999884651,-0.8944271920868769,-0.3457054303886543,-0.9998871251568093,-0.8810331257551809,-0.5999999995698925,-0.9930333515856399,-0.8768500013381503,-0.7987041439623437,-0.9296697866182543,-0.9399687699991409,-0.9979752214618253,0.6630971059840088,0.7466982121107176,1.0,0.9831771374453138,0.9135854074471211,0.4025506021164694,0.4150187175917091,0.5350418036872461,0.49574348535928586,0.4383267721636782,0.0,1.0,1.0,1.0,1.0
3,0.0,0.0,0.0,-0.2037670761346817,-0.05782578885555267,-5.327286635292694e-05,-0.36347639560699463,-0.17898458242416382,-9.190600394504145e-05,-0.4433310627937317,-0.29463616013526917,-0.00013706961181014776,-0.534200131893158,-0.413041353225708,-0.0001743777102092281,-0.35796916484832764,-0.534200131893158,2.122571686413721e-06,-0.4901424050331116,-0.6773878335952759,-9.9397380836308e-05,-0.534200131893158,-0.6278228759765625,-0.00018893979722633958,-0.539707362651825,-0.5149248838424683,-0.00022969546262174845,-0.2313031554222107,-0.6168084144592285,-1.4917622138455044e-05,-0.30289700627326965,-0.842604398727417,-8.166376210283488e-05,-0.3855052590370178,-0.9224590063095093,-0.0001334465341642499,-0.4570991098880768,-0.8894157409667969,-0.00015597318997606635,-0.09086909890174866,-0.625069260597229,-5.1456365326885134e-05,-0.12666600942611694,-0.8453579545021057,-0.00010375925921835005,-0.2037670761346817,-0.9444879293441772,-0.00012782994599547237,-0.29463616013526917,-0.9417343139648438,-0.0001307536440435797,0.052318572998046875,-0.5837650895118713,-9.693480387795717e-05,0.04956496134400368,-0.7737641334533691,-0.00013566664711106569,-0.008260827511548996,-0.8756476640701294,-0.00014589117199648172,-0.09362270683050156,-0.9086909890174866,-0.00014031710452400148,-0.9880049839671494,0.09857336448099174,-0.7788908919026716,-0.9986625813478017,-0.8798262270062109,-0.3615576302087984,-0.9998600678112042,-0.8776059841213895,-0.5897501373883687,-0.9946098213307595,-0.87674754205913,-0.7742722677298997,-0.9314271153893384,-0.9500203321470773,-0.9987369785953739,0.6752577453867931,0.7459435148801022,1.0,0.9867491808206357,0.9135012305442538,0.4128626181185089,0.416364755384004,0.5330828463383126,0.4992644969726519,0.43788896471509836,0.0,1.0,1.0,1.0,1.0
3,0.0,0.0,0.0,-0.20320700109004974,-0.05492081120610237,-5.178997525945306e-05,-0.3597313165664673,-0.18123868107795715,-8.922076085582376e-05,-0.4338744282722473,-0.2938263416290283,-0.00013337623386178166,-0.5272397994995117,-0.41465213894844055,-0.00016980721557047218,-0.34600111842155457,-0.5382239818572998,1.7686480759948608e-06,-0.4778110682964325,-0.678272008895874,-9.856494580162689e-05,-0.5272397994995117,-0.6315893530845642,-0.00018724823894444853,-0.5409700274467468,-0.5162556171417236,-0.0002280715125380084,-0.2224292904138565,-0.6178591251373291,-1.6446492736577056e-05,-0.2938263416290283,-0.8430344462394714,-8.411941234953701e-05,-0.37895360589027405,-0.9254156947135925,-0.0001361951435683295,-0.4558427333831787,-0.889717161655426,-0.00015869674098212272,-0.08512725681066513,-0.6288433074951172,-5.366659752326086e-05,-0.11807974427938461,-0.8457804918289185,-0.00010567707067821175,-0.19222284853458405,-0.9446379542350769,-0.0001290682121179998,-0.2828421890735626,-0.9473839998245239,-0.00013166347343940288,0.057666853070259094,-0.5876526832580566,-9.986400982597843e-05,0.057666853070259094,-0.7743834257125854,-0.00013799601583741605,0.0,-0.8759869337081909,-0.00014756554446648806,-0.0823812186717987,-0.9116854667663574,-0.00014159975398797542,-0.983162185600762,0.0017294190748830247,-0.7677512330081491,-0.9992585791978528,-0.8800901249461373,-0.3589288395984145,-0.9998688426391629,-0.8810331257551809,-0.6239560172434192,-0.99521973905528,-0.8696859610819332,-0.7987041439623437,-0.9150995942759559,-0.9525047854113591,-0.9971485157684098,0.6707594275517675,0.7477756509632218,0.9996945398559284,0.9887042598575005,0.9153999428634496,0.41242931153641255,0.4238520543807887,0.5345420532301802,0.5003901006778199,0.4387156025270479,0.0,1.0,1.0,1.0,1.0
3,0.0,0.0,0.0,-0.199536994099617,-0.060134436935186386,-5.333959052222781e-05,-0.35260647535324097,-0.18040330708026886,-9.105722710955888e-05,-0.42914119362831116,-0.29520541429519653,-0.0001357799774268642,-0.5166094899177551,-0.4154742658138275,-0.000173214401002042,-0.3444063067436218,-0.5384765267372131,2.1250928057270357e-06,-0.47834208607673645,-0.6778790950775146,-0.00010047777323052287,-0.5330097675323486,-0.6286782026290894,-0.0001925426913658157,-0.5494100451469421,-0.5166094899177551,-0.00023647169291507453,-0.2214040607213974,-0.6204780340194702,-1.5619541954947636e-05,-0.2979387938976288,-0.8446154594421387,-8.627371425973251e-05,-0.3826736807823181,-0.9238836169242859,-0.00014165860193315893,-0.4537416398525238,-0.8856162428855896,-0.00016650692850816995,-0.08473488688468933,-0.6286782026290894,-5.271247209748253e-05,-0.11753548681735992,-0.8473488688468933,-0.00010698025289457291,-0.19133684039115906,-0.9484840631484985,-0.00013255220255814493,-0.2760717272758484,-0.9484840631484985,-0.00013664121797773987,0.06286782026290894,-0.5849440693855286,-9.901711746351793e-05,0.06286782026290894,-0.7735475301742554,-0.00013996697089169174,0.005466766655445099,-0.8774160742759705,-0.0001522462844150141,-0.07380135357379913,-0.9129500389099121,-0.00014828871644567698,-0.9807800157769649,-0.032580593219662606,-0.7695426875139422,-0.9999061966470835,-0.8824884071426617,-0.3190982884589508,-0.9998887886518347,-0.8862960156122163,-0.5894691011554479,-0.9942739955363931,-0.8752414921568444,-0.7993907629196808,-0.9311449972625057,-0.9502295988418352,-0.9991679985949955,0.6629511682152753,0.7541463920014501,0.995086699922498,0.9878449188622725,0.9159281896264729,0.403417797005407,0.4339211981775553,0.5310729672733892,0.499779989661391,0.440610555174297,0.0,1.0,1.0,1.0,1.0
3,0.0,0.0,0.0,-0.20523756742477417,-0.06481186300516129,-4.3231990275671706e-05,-0.35646525025367737,-0.18633410334587097,-7.595408533234149e-05,-0.42127710580825806,-0.2916533946990967,-0.00011722376802936196,-0.5049924254417419,-0.4077746272087097,-0.00015163951320573688,-0.34566327929496765,-0.545499861240387,1.3209343705966603e-05,-0.46988600492477417,-0.6886260509490967,-7.862946222303435e-05,-0.5211954116821289,-0.6319156885147095,-0.00016326505283359438,-0.5346978902816772,-0.5211954116821289,-0.00020392680016811937,-0.2268415242433548,-0.6184132099151611,-7.6052724580222275e-06,-0.30785635113716125,-0.8371531963348389,-6.564053910551593e-05,-0.3888711631298065,-0.9154675602912903,-0.00011602161248447374,-0.4536830484867096,-0.8911631107330322,-0.0001411113771609962,-0.08911631256341934,-0.6238141655921936,-4.656790042645298e-05,-0.12692323327064514,-0.8398537039756775,-9.180026245303452e-05,-0.19443558156490326,-0.9343709945678711,-0.00011616339907050133,-0.27004942297935486,-0.9343709945678711,-0.00012232313747517765,0.0567103810608387,-0.5806062817573547,-9.39809760893695e-05,0.05130939185619354,-0.7669403553009033,-0.00012796770897693932,-0.0027004943694919348,-0.8695591688156128,-0.00013745726027991623,-0.08101482689380646,-0.9046655893325806,-0.00013366498751565814,-0.9887704784180178,0.12025560677301116,-0.8172992565311656,-0.9999950868044803,-0.9014711123687191,-0.42917135873874396,-0.9995086091794693,-0.9017463223848001,-0.5812381815871132,-0.9920293997772563,-0.8980409808421823,-0.7869789981893173,-0.9319520908290747,-0.9420098137993513,-0.9973381961665347,0.6490743628995206,0.7466903740087316,1.0,0.9726129103372115,0.9082858808767871,0.38962248873523525,0.4164369348302199,0.5338475326714233,0.48422055245249435,0.43284807453390556,0.0,1.0,1.0,1.0,1.0
3,0.0,0.0,0.0,-0.2032107263803482,-0.07219328731298447,-4.208134487271309e-05,-0.34759730100631714,-0.1898415982723236,-7.686471508350223e-05,-0.4037476181983948,-0.28877314925193787,-0.00012195856106700376,-0.45722413063049316,-0.4117691218852997,-0.00015963501937221736,-0.3449234664440155,-0.5508080124855042,1.0074786587210838e-05,-0.47059327363967896,-0.7032160758972168,-8.91607633093372e-05,-0.5160483121871948,-0.6336966156959534,-0.0001788667868822813,-0.5160483121871948,-0.5080268383026123,-0.00022118291235528886,-0.22460132837295532,-0.6230013370513916,-1.2654473721340764e-05,-0.29412078857421875,-0.8529502749443054,-7.519329665228724e-05,-0.3663140833377838,-0.9304912090301514,-0.0001273602683795616,-0.4197905957698822,-0.9037529826164246,-0.00015229324344545603,-0.08288858830928802,-0.6256751418113708,-5.374629472498782e-05,-0.1149744912981987,-0.8529502749443054,-0.00010177551303058863,-0.17914630472660065,-0.9411865472793579,-0.00012372575292829424,-0.2513395845890045,-0.9304912090301514,-0.00012650805001612753,0.06417180597782135,-0.5775462985038757,-0.00010324350296286866,0.07219328731298447,-0.7727355360984802,-0.00013959304487798363,0.016042951494455338,-0.8743408918380737,-0.00014683816698379815,-0.06149798259139061,-0.9091006517410278,-0.0001393352576997131,-0.991553021430953,0.2976043151474167,-0.8369694204390951,-0.9986262120254281,-0.897772647716736,-0.2821664717159308,-0.9999634681505857,-0.8830159374071503,-0.46330230340781997,-0.9975801233689605,-0.8546426712770475,-0.7993907629196808,-0.9419672378812157,-0.9320173661315135,-0.9943763023936218,0.6153110855634727,0.7241527426008157,0.9964906041982029,0.9638389761128856,0.9111782922066493,0.34548723833446987,0.3997332620922504,0.5241860511798312,0.47431616434658513,0.4373143069159528,0.0,1.0,1.0,1.0,1.0
3,0.0,0.0,0.0,-0.20342840254306793,-0.06780946999788284,-4.848485696129501e-05,-0.34175971150398254,-0.1871541291475296,-8.759549382375553e-05,-0.39058253169059753,-0.29022452235221863,-0.0001358405133942142,-0.4366929531097412,-0.4122815728187561,-0.00017762531933840364,-0.34447208046913147,-0.5533252358436584,3.720574795806897e-06,-0.4719538986682892,-0.707930862903595,-0.00010227646271232516,-0.5072147846221924,-0.6319842338562012,-0.0001993541809497401,-0.4963653087615967,-0.4963653087615967,-0.0002459288516547531,-0.21427792310714722,-0.6265594959259033,-1.737932143441867e-05,-0.28208738565444946,-0.8598240613937378,-8.420679660048336e-05,-0.35260921716690063,-0.9357706308364868,-0.00014308406389318407,-0.40685680508613586,-0.9059344530105591,-0.00017334539734292775,-0.07052184641361237,-0.6292718648910522,-5.7404948165640235e-05,-0.09493325650691986,-0.8516868948936462,-0.0001047661789925769,-0.15189321339130402,-0.9466201663017273,-0.00013264562585391104,-0.21699029207229614,-0.9493325352668762,-0.0001418751198798418,0.07865898311138153,-0.5804490447044373,-0.00010654045036062598,0.08137135952711105,-0.7676031589508057,-0.00013957108603790402,0.03254854306578636,-0.8733859062194824,-0.00014815280155744404,-0.037973303347826004,-0.9194963574409485,-0.00014424197433982044,-0.9912076274007842,0.4318889181256865,-0.8705385745867317,-0.9989134197733792,-0.8936074762783719,-0.24307536059080345,-0.9999973630638649,-0.9085062602162562,-0.5497476539635431,-0.9927844283851617,-0.9017913332440705,-0.8476191480525574,-0.9248725437757306,-0.9144800735689842,-0.996707469740421,0.600563790357166,0.7019665490403082,0.993101098601107,0.9738157120461713,0.9202801709705785,0.3331018593054546,0.3866829888380088,0.5208134586561326,0.4833729812880802,0.4474306527762108,0.0,1.0,1.0,1.0,1.0
3,0.0,0.0,0.0,-0.19966980814933777,-0.06564486771821976,-5.071202031103894e-05,-0.3391651511192322,-0.18325859308242798,-9.18078949325718e-05,-0.38292840123176575,-0.2954019010066986,-0.00014094389916863292,-0.42122122645378113,-0.4294268488883972,-0.00018248365086037666,-0.3501059412956238,-0.5552461743354797,-9.76623709902924e-07,-0.4677196741104126,-0.7166231274604797,-0.00010591431055217981,-0.4923365116119385,-0.6509782671928406,-0.00019994203466922045,-0.4704548716545105,-0.5196885466575623,-0.00024486109032295644,-0.21334581077098846,-0.6290966272354126,-2.0650646547437645e-05,-0.2762554883956909,-0.8643240928649902,-8.392611925955862e-05,-0.3309595286846161,-0.9436449408531189,-0.0001410841359756887,-0.36925238370895386,-0.919028103351593,-0.00017225873307324946,-0.06564486771821976,-0.6318318247795105,-5.9332713135518134e-05,-0.08479128777980804,-0.850648045539856,-0.00010590688907541335,-0.13128973543643951,-0.9491153359413147,-0.00013443808711599559,-0.18872898817062378,-0.9545857906341553,-0.000145852129207924,0.08479128777980804,-0.5798630118370056,-0.00010695925448089838,0.10120250284671783,-0.7658568024635315,-0.00014045108400750905,0.06017446145415306,-0.869794487953186,-0.00015112588880583644,-0.0027352026663720608,-0.9162929058074951,-0.00014973621000535786,-0.997740826635945,0.5498801775844524,-0.8658647180024057,-0.9978470098288026,-0.9419436883792478,-0.03240657297930702,-0.9998679447454301,-0.9380276156853298,-0.5108138299494368,-0.9983651525300723,-0.8942836849801782,-0.8481425426240049,-0.9275996745480469,-0.8784287213571805,-0.995606922456931,0.6015270408032521,0.7010021369606378,0.9904342192831629,0.9730634947173642,0.9162970189144514,0.31630212321283824,0.3638527945386762,0.5111221117621816,0.48204079949589734,0.44978476388216826,0.0,1.0,1.0,1.0,1.0
3,0.0,0.0,0.0,-0.20713411271572113,-0.06904470175504684,-4.870755583397113e-05,-0.34798529744148254,-0.18503980338573456,-8.798070484772325e-05,-0.38941213488578796,-0.3037966787815094,-0.00013548835704568774,-0.4087446331977844,-0.42255356907844543,-0.00017468749138060957,-0.3535088896751404,-0.5578811764717102,1.856648509601655e-06,-0.4667421877384186,-0.7263502478599548,-0.00010221663251286373,-0.4722657799720764,-0.6600673794746399,-0.00019407301442697644,-0.4418860971927643,-0.5275015234947205,-0.00023708748631179333,-0.21265769004821777,-0.6324494481086731,-1.8452390577294864e-05,-0.27341702580451965,-0.8699632287025452,-8.192293898900971e-05,-0.3203674256801605,-0.9472933411598206,-0.000139603900606744,-0.35074707865715027,-0.9224372506141663,-0.00017059198580682278,-0.05799755081534386,-0.6379730701446533,-5.753775258199312e-05,-0.07733006775379181,-0.8533925414085388,-0.00010208358435193077,-0.11599510163068771,-0.9555786848068237,-0.00013175897765904665,-0.1657072901725769,-0.9638640284538269,-0.00014406174886971712,0.09666258096694946,-0.5882608890533447,-0.00010559135262155905,0.11047152429819107,-0.770538866519928,-0.00013590876187663525,0.07456827908754349,-0.8782486319541931,-0.00014701126201543957,0.013808940537273884,-0.9307225942611694,-0.00014640223525930196,-0.9996361863499214,0.7807570474229907,-0.9528144513184281,-0.9972687401288283,-0.9567404167332008,0.1396162522258438,-0.9999993548173719,-0.9631749707642234,-0.5028371594817236,-0.9961960308238101,-0.9220844063587559,-0.8594067631432311,-0.9333456294336374,-0.8544873126186966,-0.9848545530370613,0.5878977329283138,0.6881288202888264,0.9868708025443714,0.9780044749260774,0.9308249956994556,0.3092714469054075,0.3392757824272635,0.502967354548678,0.48430804894183854,0.46304439603036784,0.0,1.0,1.0,1.0,1.0
3,0.0,0.0,0.0,-0.20345492660999298,-0.07423355430364609,-4.436649032868445e-05,-0.3326762914657593,-0.19520676136016846,-8.352174336323515e-05,-0.3684183955192566,-0.3134305775165558,-0.00013093579036649317,-0.38491472601890564,-0.437153160572052,-0.00017068337183445692,-0.34642326831817627,-0.5608757734298706,1.529797941657307e-06,-0.4509001076221466,-0.7423355579376221,-9.807571768760681e-05,-0.45364949107170105,-0.6845983266830444,-0.00018881316646002233,-0.4179074168205261,-0.5526275634765625,-0.00023327433154918253,-0.20620432496070862,-0.6323599219322205,-2.081890488625504e-05,-0.2611921429634094,-0.8770557045936584,-8.192509994842112e-05,-0.2996836006641388,-0.954038679599762,-0.00014364277012646198,-0.3216787278652191,-0.9237953424453735,-0.00018016985268332064,-0.054987818002700806,-0.6351093053817749,-6.040929656592198e-05,-0.06873477250337601,-0.8550605773925781,-0.00010105082037625834,-0.09622868150472641,-0.954038679599762,-0.00013610604219138622,-0.14021894335746765,-0.9622868299484253,-0.0001560661185067147,0.10172746330499649,-0.5856202840805054,-0.00010819996532518417,0.12372259050607681,-0.7643306851387024,-0.0001349959202343598,0.09072989970445633,-0.8688075542449951,-0.00014938628009986132,0.03299269080162048,-0.9210459589958191,-0.00015460164286196232,-0.9995228613649034,0.8419063076764635,-0.9516988323630575,-0.9955694898581039,-0.9707163613073596,0.4603160963266242,-0.9997133154731583,-0.9783367194566517,-0.4406250770462625,-0.9987735688604217,-0.9096565709700546,-0.8630710341611719,-0.9200502002979618,-0.8654420705307935,-0.9870615043999521,0.5824622621593929,0.6928520114821975,0.9781999510667483,0.9724491193189351,0.9216366528179075,0.2873844128127256,0.32433734543485987,0.4930555811931189,0.4810805690353202,0.4583309700161332,0.0,1.0,1.0,1.0,1.0
3,0.0,0.0,0.0,-0.20202898979187012,-0.0737132802605629,-4.631502088159323e-05,-0.3330748379230499,-0.18837839365005493,-8.69050418259576e-05,-0.3685664236545563,-0.30850374698638916,-0.00013487727846950293,-0.37948688864707947,-0.4395495653152466,-0.00017434055916965008,-0.3439953029155731,-0.5596749186515808,-5.295255050441483e-06,-0.44773992896080017,-0.7453231811523438,-0.00010594233026495203,-0.4422796964645386,-0.6934508681297302,-0.00019509806588757783,-0.39859774708747864,-0.5624050498008728,-0.00023796941968612373,-0.20202898979187012,-0.6279279589653015,-2.619169208628591e-05,-0.25936153531074524,-0.8790991306304932,-8.830413571558893e-05,-0.2948531210422516,-0.9555425643920898,-0.0001501718652434647,-0.31123384833335876,-0.9255111813545227,-0.0001869591505965218,-0.04914218932390213,-0.6251978278160095,-6.392847717506811e-05,-0.06552291661500931,-0.8463376760482788,-0.00010434391151648015,-0.09282413125038147,-0.9473521709442139,-0.00013728901103604585,-0.13377594947814941,-0.9500823020935059,-0.00015647229156456888,0.10647474229335785,-0.573325514793396,-0.00011006840941263363,0.13377594947814941,-0.7535135746002197,-0.00013621778634842485,0.10920485854148865,-0.859988272190094,-0.00014949603064451367,0.06279279291629791,-0.9118605852127075,-0.00015425277524627745,-0.9991381687528665,0.9192122488897098,-0.97657397392039,-0.9962296915993413,-0.9779777242939953,0.5946078390088592,-0.999989950200158,-0.981999601911704,-0.32454629226581966,-0.9994471943990249,-0.9297104602269843,-0.8760916673293563,-0.9326977359671137,-0.8447572686124829,-0.9792356081686608,0.5807014282814864,0.6893327382299335,0.9764412872229845,0.9594541789822633,0.9140200839898966,0.28425645179512493,0.3126852130191338,0.49652865144592795,0.4742283540719703,0.46333373769703984,0.0,1.0,1.0,1.0,1.0
3,0.0,0.0,0.0,-0.19548846781253815,-0.07158732414245605,-4.1457162296865135e-05,-0.33040302991867065,-0.20099519193172455,-7.896933675510809e-05,-0.35518327355384827,-0.31938961148262024,-0.0001252178190043196,-0.35518327355384827,-0.44329074025154114,-0.0001634938089409843,-0.32764968276023865,-0.56443852186203,1.955167590494966e-06,-0.4185105264186859,-0.759926974773407,-9.609937114873901e-05,-0.4102504551410675,-0.7131199240684509,-0.00018153191194869578,-0.36068999767303467,-0.5726985931396484,-0.00022093020379543304,-0.18447503447532654,-0.6332725286483765,-2.1348922018660232e-05,-0.23678885400295258,-0.8893348574638367,-8.456459909211844e-05,-0.2670758068561554,-0.9636755585670471,-0.00014440632367040962,-0.2780892252922058,-0.9251285195350647,-0.00017738954920787364,-0.03579366207122803,-0.6332725286483765,-6.148742249934003e-05,-0.05231381580233574,-0.8590478897094727,-0.00010174774070037529,-0.07434068620204926,-0.9581688046455383,-0.0001353024272248149,-0.10462763160467148,-0.9719356298446655,-0.00015460878785233945,0.11564106494188309,-0.5754519701004028,-0.00010920051136054099,0.1514347344636917,-0.754420280456543,-0.00013349571963772178,0.1376679390668869,-0.8645546436309814,-0.0001459938648622483,0.10187426954507828,-0.9251285195350647,-0.00015094969421625137,-0.9958745457254098,0.9662814837798022,-0.9864794444213286,-0.9966453118402975,-0.9828719604701323,0.7868074171176591,-0.9998626462052286,-0.9894150789122358,-0.6014353906357476,-0.9999995852825299,-0.9486833371476269,-0.9173784201966825,-0.915705242283145,-0.825389563985399,-0.9787906243690492,0.5680333273366893,0.6768168340055261,0.9660209589011974,0.9775509005427313,0.9307207795312383,0.2714006880539876,0.28906857021043686,0.4834446409622101,0.4909849517284157,0.4821445511637957,0.0,1.0,1.0,1.0,1.0
3,0.0,0.0,0.0,-0.19619548320770264,-0.07460954785346985,-5.084499571239576e-05,-0.3233080506324768,-0.2100120633840561,-8.952929056249559e-05,-0.3288346827030182,-0.34541457891464233,-0.00013475473679136485,-0.3315979838371277,-0.4697638154029846,-0.0001712662779027596,-0.31501808762550354,-0.5747698545455933,3.5595718372860574e-07,-0.3896276354789734,-0.768202006816864,-9.58923774305731e-05,-0.3813377022743225,-0.7322788834571838,-0.000179166323505342,-0.33436131477355957,-0.5941130518913269,-0.00021706271218135953,-0.16303567588329315,-0.6438527703285217,-1.8050186554319225e-05,-0.21277537941932678,-0.8980779051780701,-8.153095404850319e-05,-0.23211859166622162,-0.9726874828338623,-0.00014132824435364455,-0.237645223736763,-0.9257110953330994,-0.0001730785152176395,-0.011053266935050488,-0.6438527703285217,-5.40881919732783e-05,-0.022106533870100975,-0.8621547818183899,-9.613550355425104e-05,-0.03868643194437027,-0.9616341590881348,-0.00013025981024838984,-0.06631959974765778,-0.9782140851020813,-0.00014848241698928177,0.14369246363639832,-0.585823118686676,-9.84551224973984e-05,0.17132562398910522,-0.7599120736122131,-0.0001235303789144382,0.15750904381275177,-0.8649181127548218,-0.00013595684140454978,0.12434925138950348,-0.9229477643966675,-0.00014002842362970114,-0.9911372643495426,0.9900256134764125,-0.9949079046521959,-0.9984990842801008,-0.9981724783031667,0.9320429287444076,-0.9994413980272077,-0.9934452375525863,-0.6484665465583157,-0.9965476823645889,-0.9587443382521642,-0.925546902348885,-0.8988870401296815,-0.7563793888110619,-0.9998274605258599,0.575008976899894,0.6817388773722586,0.9557281560275435,0.9804596206477636,0.9312868700126343,0.2632679971874348,0.28510201873570507,0.4674976349726864,0.48856218988795447,0.47450450801444466,0.0,1.0,1.0,1.0,1.0
3,0.0,0.0,0.0,-0.19901388883590698,-0.07007531076669693,-6.23480518697761e-05,-0.32795244455337524,-0.19621087610721588,-0.00010775375267257914,-0.32795244455337524,-0.33075547218322754,-0.00015611953858751804,-0.32795244455337524,-0.465300053358078,-0.000194237771211192,-0.30272534489631653,-0.5858296155929565,-8.019330380193423e-06,-0.37560367584228516,-0.7736314535140991,-0.00010484227095730603,-0.36439162492752075,-0.7343892455101013,-0.00018788276065606624,-0.31954342126846313,-0.6054506897926331,-0.00022632926993537694,-0.14575664699077606,-0.6559048891067505,-2.0699128072010353e-05,-0.19340786337852478,-0.8969639539718628,-8.105714368866757e-05,-0.2074229121208191,-0.9782513380050659,-0.00013624214625451714,-0.2130289375782013,-0.9642362594604492,-0.0001673357473919168,0.005606024991720915,-0.6502988934516907,-5.2694907935801893e-05,0.0028030124958604574,-0.8577218055725098,-9.619808406569064e-05,-0.008409037254750729,-0.9586302638053894,-0.00012749427696689963,-0.033636149019002914,-0.9978724122047424,-0.00014468221343122423,0.15696869790554047,-0.5858296155929565,-9.395525557920337e-05,0.18780183792114258,-0.7596163749694824,-0.00012024501484120265,0.17939279973506927,-0.8633278012275696,-0.00012994495045859367,0.15136267244815826,-0.9362061619758606,-0.0001322872849414125,-0.9943038448603104,0.9957796289558326,-0.998406318914283,-0.9997236749283922,-0.999701705096239,0.8518715208226394,-0.9997549806917239,-0.995285201302281,-0.8957502435268084,-0.9962870149154311,-0.9672847492190799,-0.95930391897324,-0.906509851266618,-0.6992940790723893,-0.9999998936021819,0.5692600177241264,0.6846010531826441,0.987488152550666,0.99843913062818,0.9483630845454515,0.2724579736327958,0.2844415617076751,0.4938968527699935,0.5028514287082944,0.48749221575531126,0.0,1.0,1.0,1.0,1.0
3,0.0,0.0,0.0,-0.19543848931789398,-0.06979946047067642,-6.20530336163938e-05,-0.32107752561569214,-0.19823047518730164,-0.0001055394095601514,-0.3182855546474457,-0.33224543929100037,-0.00015201527276076376,-0.3294534683227539,-0.4662604033946991,-0.00018841229029931128,-0.304325670003891,-0.5779395699501038,-6.0257834775256924e-06,-0.3769170939922333,-0.7650021314620972,-0.0001028802726068534,-0.3573732376098633,-0.7119545340538025,-0.00018493102106731385,-0.30711764097213745,-0.5891074538230896,-0.0002228203957201913,-0.1479748636484146,-0.6449470520019531,-1.856848393799737e-05,-0.19264651834964752,-0.8822652101516724,-7.557751814601943e-05,-0.2066064029932022,-0.9576486349105835,-0.00012848246842622757,-0.2066064029932022,-0.9632325768470764,-0.0001590527972439304,0.002791978418827057,-0.6393630504608154,-5.070828046882525e-05,-0.002791978418827057,-0.8403855562210083,-9.193967707687989e-05,-0.011167913675308228,-0.94089674949646,-0.00012054448598064482,-0.030711764469742775,-0.9995282888412476,-0.0001369947858620435,0.15076683461666107,-0.5751475691795349,-9.232657612301409e-05,0.17589464783668518,-0.7454582452774048,-0.00011694079148583114,0.17031069099903107,-0.8459694981575012,-0.000123970938147977,0.15076683461666107,-0.9297288656234741,-0.00012510691885836422,-0.9934512116189301,0.9998506007616241,-0.9993753820160178,-0.9992209021440386,-0.9999956821642684,-0.9832708403511429,-0.9994836115039958,-0.9984674986418585,-0.9716675884962929,-0.9939689181670628,-0.9796707956424537,-0.9849462933413414,-0.8989793688381236,-0.7001135317103018,-0.9945998449449452,0.5709101451201724,0.6643560079342358,0.9851412007688847,1.0,0.9418738838220659,0.2705385260316551,0.2674319088857988,0.49790392860551036,0.5128714912818835,0.48979711122926123,0.0,1.0,1.0,1.0,1.0
3,0.0,0.0,0.0,-0.19771172106266022,-0.06496242433786392,-6.67304775561206e-05,-0.32198765873908997,-0.19206281006336212,-0.00011349685519235209,-0.3191632032394409,-0.32763656973838806,-0.000162420270498842,-0.3191632032394409,-0.46603477001190186,-0.00020097038941457868,-0.3078653812408447,-0.5818373560905457,-1.2282114767003804e-05,-0.37847670912742615,-0.7682512402534485,-0.0001129535012296401,-0.3530566394329071,-0.7174111008644104,-0.00019792899547610432,-0.2993920147418976,-0.5903106927871704,-0.00023755237634759396,-0.1496960073709488,-0.649624228477478,-2.391248563071713e-05,-0.18923835456371307,-0.886878252029419,-8.436559437541291e-05,-0.19771172106266022,-0.9659629464149475,-0.0001388682285323739,-0.19488726556301117,-0.968787431716919,-0.00016974481695797294,0.005648906342685223,-0.6411508321762085,-5.560470526688732e-05,0.0028244531713426113,-0.8445114493370056,-9.959215094568208e-05,-0.0028244531713426113,-0.9433673620223999,-0.0001283243764191866,-0.016946718096733093,-0.9998564124107361,-0.0001440765627194196,0.1553449183702469,-0.5761884450912476,-9.716770000522956e-05,0.18358945846557617,-0.7456555962562561,-0.00012401411368045956,0.17794054746627808,-0.847335934638977,-0.00013141069211997092,0.16381828486919403,-0.9320695400238037,-0.00013218176900409162,-0.9922487688834547,0.9948451532346042,-0.9979435389397886,-0.9981197333819867,-0.9982943377311243,-0.6277388713632785,-0.9997424502715123,-0.9990673857204967,-0.9823991161516848,-0.9951825025288771,-0.9757560445139831,-0.9939944747993396,-0.8873756477544587,-0.7002897666417685,-0.9997829982080408,0.5648482985617941,0.661893017977444,0.9881953582361235,1.0,0.9463561641568558,0.260930598167243,0.260284735523859,0.49784274291908537,0.5118526526396758,0.495404273123098,0.0,1.0,1.0,1.0,1.0
3,0.0,0.0,0.0,-0.19153030216693878,-0.07041554898023605,-6.675248732790351e-05,-0.315461665391922,-0.19434691965579987,-0.00011560275015654042,-0.315461665391922,-0.3267281651496887,-0.0001665014133322984,-0.3126450479030609,-0.46474263072013855,-0.00020705332281067967,-0.3041951656341553,-0.5830407738685608,-1.3373485671763774e-05,-0.3746107220649719,-0.7689378261566162,-0.00011571674986043945,-0.3492611348628998,-0.7210552096366882,-0.00020219288126099855,-0.295745313167572,-0.591490626335144,-0.00024224142543971539,-0.14646434783935547,-0.6478230357170105,-2.5633042241679505e-05,-0.1887136697769165,-0.8872359395027161,-8.846592390909791e-05,-0.19716353714466095,-0.966101348400116,-0.0001451530260965228,-0.19716353714466095,-0.9604681134223938,-0.00017657353600952774,0.005633243825286627,-0.6421898007392883,-5.7739762269193307e-05,0.005633243825286627,-0.8478032350540161,-0.00010301649308530614,0.0,-0.9463849663734436,-0.00013349911023396999,-0.01408310979604721,-0.9999008178710938,-0.00014998280676081777,0.157730832695961,-0.5745908617973328,-9.957222937373444e-05,0.18308043479919434,-0.7435882091522217,-0.0001280718861380592,0.18026380240917206,-0.844986617565155,-0.000136771792313084,0.16618070006370544,-0.926668643951416,-0.0001378663000650704,-0.9929514836223792,0.9922188795108188,-0.9954710845422776,-0.9988636190850361,-0.9976930959239261,0.9942894574366687,-0.9999615115751433,-0.9983713576437152,-0.9800183207496193,-0.9929253477756168,-0.9844360589430311,-0.9897979507319382,-0.9076735100697015,-0.7071067804887523,-0.9997918396329998,0.5601184359977494,0.6613066640169148,0.9804960445405858,1.0,0.9414514302041106,0.25638684594208905,0.25918434261428386,0.4912240581189593,0.5122118803203839,0.4910254126899617,0.0,1.0,1.0,1.0,1.0
3,0.0,0.0,0.0,-0.1855841726064682,-0.07201774418354034,-7.075502071529627e-05,-0.3046904504299164,-0.19666382670402527,-0.00012296131171751767,-0.3019205331802368,-0.32407984137535095,-0.00017659322475083172,-0.3102302551269531,-0.4653454124927521,-0.0002200319286203012,-0.3019205331802368,-0.5761419534683228,-1.8888249542214908e-05,-0.3711683452129364,-0.7644960284233093,-0.00012501946184784174,-0.3462391495704651,-0.7118676900863647,-0.00021492739324457943,-0.2936107814311981,-0.5899915099143982,-0.00025788319180719554,-0.14680539071559906,-0.6398499011993408,-3.0430084734689444e-05,-0.1855841726064682,-0.8752925395965576,-9.676255285739899e-05,-0.19112400710582733,-0.9473102688789368,-0.00015615714073646814,-0.18835408985614777,-0.9556200504302979,-0.00019003362103831023,0.005539826117455959,-0.6287702918052673,-6.2278333643917e-05,0.005539826117455959,-0.8309739232063293,-0.00011047703446820378,0.0,-0.9334607124328613,-0.00014242943143472075,-0.011079652234911919,-0.9999386072158813,-0.00016075656458269805,0.15788504481315613,-0.5595224499702454,-0.00010418415331514552,0.18281427025794983,-0.7284871339797974,-0.00013403702178038657,0.18281427025794983,-0.8309739232063293,-0.0001429395779268816,0.17173461616039276,-0.9223810434341431,-0.00014515493239741772,-0.9915118666709463,0.9959448148568831,-0.9993958316221657,-0.9980604208766048,-0.9962638674080428,-0.9216313479744418,-0.9999612241742524,-0.9985423456522668,-0.9938294824789313,-0.9917497057874337,-0.9892903509090684,-0.9927338624311642,-0.9056227547611428,-0.7078048617910592,-0.9967622897968117,0.559275616328489,0.6590123951244525,0.9740056064366667,1.0,0.9382321550326315,0.253644936159623,0.26051219554666816,0.49258311979383895,0.5211142475883717,0.49728321465457154,0.0,1.0,1.0,1.0,1.0
3,0.0,0.0,0.0,-0.19439645111560822,-0.06109602749347687,-7.181647379184142e-05,-0.31936562061309814,-0.1916193664073944,-0.0001218521865666844,-0.31381142139434814,-0.33325105905532837,-0.00017255886632483453,-0.31103432178497314,-0.4748827815055847,-0.00021287529671099037,-0.31103432178497314,-0.5693039298057556,-2.015470454352908e-05,-0.3776845335960388,-0.7498149275779724,-0.00012264910037629306,-0.352690726518631,-0.7137126922607422,-0.0002092302165692672,-0.2971488833427429,-0.5970748066902161,-0.00025060444022528827,-0.15551716089248657,-0.6359541416168213,-3.135775841656141e-05,-0.19717355072498322,-0.8636757135391235,-9.613298607291654e-05,-0.20550481975078583,-0.9469884634017944,-0.00015413077198900282,-0.20272773504257202,-0.9580968022346497,-0.00018723579705692828,-0.005554184317588806,-0.6276228427886963,-6.268128345254809e-05,-0.00833127647638321,-0.8331276774406433,-0.00011262843327131122,-0.013885460793972015,-0.9358800649642944,-0.00014391206786967814,-0.022216737270355225,-0.9997532367706299,-0.00016071007121354342,0.14440879225730896,-0.5581955313682556,-0.00010388440568931401,0.16662552952766418,-0.7275981903076172,-0.00013874231080990285,0.16107134521007538,-0.8331276774406433,-0.0001501632941653952,0.14718589186668396,-0.9247717261314392,-0.0001528190477984026,-0.9893131833707168,0.9684521386527715,-0.9870459454338049,-0.9982654315504295,-0.9967003575633002,-0.9411924670903015,-0.9999890235122101,-0.9991804841086419,-0.9971360117044266,-0.9924753440977022,-0.9833045606194777,-0.9952224032848362,-0.876322050816143,-0.6946536033989421,-0.9998081379814099,0.5676760294089729,0.6669301689442981,0.9793100356357345,1.0,0.9364114693367251,0.24551769277603455,0.26032790503103886,0.4991061403841825,0.5233341260295445,0.4946358676786058,0.0,1.0,1.0,1.0,1.0
3,0.0,0.0,0.0,-0.20021803677082062,-0.07305252552032471,-6.201292853802443e-05,-0.31926658749580383,-0.21374627947807312,-0.00010309243953088298,-0.3219722509384155,-0.36255699396133423,-0.0001460590137867257,-0.32467788457870483,-0.5059564113616943,-0.0001803811319405213,-0.3111496567726135,-0.5600693821907043,-4.46823651145678e-06,-0.38690781593322754,-0.7413478493690491,-9.771942131919786e-05,-0.36255699396133423,-0.7197026610374451,-0.00017872823809739202,-0.3057383596897125,-0.6277105808258057,-0.00021780573297291994,-0.16233894228935242,-0.619593620300293,-1.566697028465569e-05,-0.20562933385372162,-0.8414568901062012,-7.193708734121174e-05,-0.21645192801952362,-0.9280376434326172,-0.00012612761929631233,-0.21915757656097412,-0.9550941586494446,-0.0001585089776199311,-0.018939543515443802,-0.6141823530197144,-4.60676419606898e-05,-0.027056491002440453,-0.8171060085296631,-9.050341759575531e-05,-0.037879087030887604,-0.9226263165473938,-0.00012144463107688352,-0.056818630546331406,-0.9983845353126526,-0.0001392791309626773,0.12445985525846481,-0.5519524216651917,-8.54136305861175e-05,0.1379881054162979,-0.7224082946777344,-0.00011610575165832415,0.1298711597919464,-0.8279286026954651,-0.00012723203690256923,0.11363726109266281,-0.9253320097923279,-0.00013115588808432221,-0.9938181458675813,0.9011796191729448,-0.9579955593865328,-0.997981492886346,-0.9976654187822994,-0.9996951968655207,-0.9999580655418647,-0.9980644274188143,-0.9898253947056876,-0.98985236334366,-0.9878610528012455,-0.9960972795578129,-0.8684724409779239,-0.7750026092438268,-0.9999997484836664,0.601171856196005,0.6982095634556378,0.9799157077347397,1.0,0.9322836337376146,0.2537662382914909,0.2811220657459192,0.5072684594619566,0.5294907743459084,0.49310116450747865,0.0,1.0,1.0,1.0,1.0
3,0.0,0.0,0.0,-0.20214581489562988,-0.06556080281734467,-5.239703750703484e-05,-0.325072318315506,-0.21853601932525635,-8.49415228003636e-05,-0.325072318315506,-0.3742429316043854,-0.00012036644329782575,-0.3387308120727539,-0.5135596394538879,-0.0001472236035624519,-0.3141455054283142,-0.5545351505279541,6.030774784449022e-06,-0.393364816904068,-0.7348273396492004,-7.903494406491518e-05,-0.3633161187171936,-0.7075103521347046,-0.00015344801067840308,-0.31141382455825806,-0.6200959086418152,-0.00018883876327890903,-0.1666337102651596,-0.617364227771759,-7.99528970674146e-06,-0.21307261288166046,-0.8359002470970154,-5.365816468838602e-05,-0.22946281731128693,-0.92331463098526,-0.00010098290658788756,-0.23492620885372162,-0.9642901420593262,-0.0001309510989813134,-0.021853601559996605,-0.6146325469017029,-4.032922879559919e-05,-0.03551210090517998,-0.8140466213226318,-7.971761078806594e-05,-0.05463400483131409,-0.9178512692451477,-0.0001058647976606153,-0.07648760080337524,-0.9970705509185791,-0.00012159948528278619,0.1229265108704567,-0.5572668313980103,-8.077274833340198e-05,0.13112160563468933,-0.7293639183044434,-0.00010829565144376829,0.12838990986347198,-0.8304368257522583,-0.00011487381561892107,0.11473140865564346,-0.9287780523300171,-0.00011615459516178817,-0.9948607410870758,0.9135010522417617,-0.9561679139193952,-0.9985291239656026,-0.9997110947455055,-0.9986066318576613,-0.999460557189619,-0.9935338111343519,-0.9962178449249542,-0.9856645041418802,-0.9972183889493772,-0.9938474698134061,-0.8363196820395958,-0.7795088956587987,-0.9952285819608001,0.6152089623907712,0.6939002756042703,0.9924947438447546,1.0,0.9358375585429821,0.26658096063010506,0.27991069121150836,0.5204100134550905,0.5283110860275471,0.4979687731858553,0.0,1.0,1.0,1.0,1.0
3,0.0,0.0,0.0,-0.1989898681640625,-0.068147212266922,-4.6569031837861985e-05,-0.3162030875682831,-0.2235228717327118,-7.410482794512063e-05,-0.3162030875682831,-0.38162440061569214,-0.00010554394975770265,-0.33255842328071594,-0.5206447243690491,-0.00012966268695890903,-0.30257365107536316,-0.5506294965744019,1.789731868484523e-05,-0.37617263197898865,-0.7196345925331116,-6.167861283756793e-05,-0.3625431954860687,-0.7250863909721375,-0.00013334938557818532,-0.31892895698547363,-0.651487410068512,-0.0001681107096374035,-0.15810154378414154,-0.6160508394241333,2.3450434127880726e-06,-0.20444165170192719,-0.8286701440811157,-3.7437919672811404e-05,-0.22079697251319885,-0.929527997970581,-8.144084858940914e-05,-0.22624875605106354,-0.9649645686149597,-0.0001109692093450576,-0.013629443012177944,-0.6187767386436462,-3.1427978683495894e-05,-0.02725888602435589,-0.8232183456420898,-6.948871305212379e-05,-0.046340107917785645,-0.929527997970581,-9.475393744651228e-05,-0.068147212266922,-0.9976752400398254,-0.00011017419456038624,0.13356854021549225,-0.5669848322868347,-7.278692646650597e-05,0.14174620807170868,-0.7414417266845703,-0.0001020379932015203,0.1308426558971405,-0.8477513790130615,-0.00011088525934610516,0.10903554409742355,-0.9377056956291199,-0.00011354601883795112,-0.995794089055259,0.03020351831594809,-0.15383551363398468,-0.9993295417761651,-0.9985514743285667,-0.999967005423163,-0.9990080413519599,-0.9938428299855565,-0.9912865803821533,-0.983024761181921,-0.9889129962405149,-0.9908165646682308,-0.828402234559788,-0.7983160895359116,-0.9931505543437464,0.6177912815153838,0.7253629762631069,0.9911332918615819,1.0,0.9440237004570489,0.26912626650918714,0.3092768059719322,0.5191365817616022,0.5271868459901203,0.4996856343638991,0.0,1.0,1.0,1.0,1.0
3,0.0,0.0,0.0,-0.19261904060840607,-0.06604081392288208,-4.9516005674377084e-05,-0.31644558906555176,-0.2063775509595871,-8.286260708700866e-05,-0.34121087193489075,-0.3494659960269928,-0.00012081243767170236,-0.36047279834747314,-0.48705101013183594,-0.00014958070823922753,-0.3136938810348511,-0.553091824054718,2.8363467663439224e-06,-0.3934932053089142,-0.7319523692131042,-8.769299165578559e-05,-0.3962448835372925,-0.7347040772438049,-0.00016147027781698853,-0.36322447657585144,-0.6383945345878601,-0.0001939160138135776,-0.16785374283790588,-0.6246360540390015,-1.3479896551871207e-05,-0.21463264524936676,-0.8502755165100098,-6.867081538075581e-05,-0.2449013590812683,-0.9575918316841125,-0.00011555034870980307,-0.26141157746315,-0.9603435397148132,-0.00014132136129774153,-0.019261904060840607,-0.6246360540390015,-4.7808473027544096e-05,-0.03852380812168121,-0.839268684387207,-9.15435521164909e-05,-0.063289113342762,-0.9520884156227112,-0.00011257097503403202,-0.08805441856384277,-0.9961156249046326,-0.0001209390684380196,0.126578226685524,-0.572353720664978,-9.025791223393753e-05,0.14033673703670502,-0.7484625577926636,-0.00012473799870349467,0.13208162784576416,-0.8667857050895691,-0.0001356935390504077,0.11281972378492355,-0.9520884156227112,-0.00013563713582698256,-0.9953691674013865,-0.9336977330746932,0.898049283297501,-0.9983126152090918,-0.9975166690370798,-0.42599251087638174,-0.9982789807561329,-0.9919992035473847,-0.9564220338208018,-0.9902600796225184,-0.9891238085495812,-0.9884054494965847,-0.8690490001730916,-0.8516870940856263,-0.9994789856543517,0.6059367387644488,0.734492796268006,0.99528672170068,1.0,0.9587495146231124,0.2858830189636246,0.33147886611928246,0.5200189834427699,0.5213394521052257,0.5127238863875464,0.0,1.0,1.0,1.0,1.0
3,0.0,0.0,0.0,-0.19695816934108734,-0.06838825345039368,-5.751042044721544e-05,-0.32826361060142517,-0.20516476035118103,-9.421960567124188e-05,-0.372032105922699,-0.3474123477935791,-0.0001342072937404737,-0.3775031566619873,-0.49239543080329895,-0.00016447791131213307,-0.32279255986213684,-0.5607836842536926,5.379782578529557e-06,-0.40212294459342957,-0.7331221103668213,-8.798572525847703e-05,-0.41032952070236206,-0.7385931611061096,-0.00016774518007878214,-0.38844528794288635,-0.6483206748962402,-0.0002048686146736145,-0.1778094619512558,-0.6319074630737305,-7.0963405960355885e-06,-0.22431348264217377,-0.8616920113563538,-6.416235555661842e-05,-0.2598753571510315,-0.9656421542167664,-0.0001161031104857102,-0.28449514508247375,-0.9547000527381897,-0.00014574764645658433,-0.030090833082795143,-0.634643018245697,-3.8973023038124666e-05,-0.049239542335271835,-0.8480143547058105,-8.592793892603368e-05,-0.08480143547058105,-0.960171103477478,-0.00011361191718606278,-0.12309885770082474,-0.9820553660392761,-0.00012582600174937397,0.11489226669073105,-0.5826679468154907,-7.963882671901956e-05,0.11762779951095581,-0.7632129192352295,-0.00011835438635898754,0.09847908467054367,-0.8781052231788635,-0.00013560138177126646,0.06565272808074951,-0.9492290019989014,-0.0001396766456309706,-0.9958719956112706,-0.8517716294413038,0.7350892103742268,-0.9972180177450297,-0.9915696029025013,0.0884834677795913,-0.9991127302306476,-0.976430909030065,-0.7353560488371566,-0.9839267565936674,-0.9837901138164367,-0.9644983065950251,-0.890840221203735,-0.8931507682397111,-0.966188946513071,0.6204530304503882,0.7557840544000521,0.9961875551240477,0.9897404259990575,0.951496681808866,0.29452651860620527,0.3476513242502399,0.5137904766516135,0.5016473037688256,0.4903547682483816,0.0,1.0,1.0,1.0,1.0
3,0.0,0.0,0.0,-0.19220946729183197,-0.08392244577407837,-5.4199554142542183e-05,-0.3275682330131531,-0.2246955782175064,-9.174663136946037e-05,-0.3817117512226105,-0.36546871066093445,-0.00013417632726486772,-0.40066197514533997,-0.5143633484840393,-0.00016801990568637848,-0.3140323758125305,-0.5657997131347656,1.016883925331058e-05,-0.39254045486450195,-0.7146943807601929,-8.032111509237438e-05,-0.40066197514533997,-0.7092800140380859,-0.00015988836821634322,-0.3817117512226105,-0.6253575682640076,-0.00019975545001216233,-0.17867359519004822,-0.633479118347168,-3.8726279854017776e-06,-0.23010993003845215,-0.8446387648582458,-5.8261077356291935e-05,-0.26801037788391113,-0.9420971274375916,-0.00011420770897530019,-0.30320367217063904,-0.9529258012771606,-0.00015085763880051672,-0.03519328311085701,-0.6416006088256836,-3.6871246265945956e-05,-0.0541435107588768,-0.8446387648582458,-8.557554974686354e-05,-0.08933679759502411,-0.9502186179161072,-0.00012118601443944499,-0.13806594908237457,-0.9718760251998901,-0.00014106159505899996,0.10557984560728073,-0.5928714275360107,-7.789066876284778e-05,0.11099419742822647,-0.7715450525283813,-0.00011708470265148208,0.08392244577407837,-0.8852463960647583,-0.00013807769573759288,0.03790045902132988,-0.9502186179161072,-0.00014748859393876046,-0.9997694347721197,0.10258695928376614,-0.3578010154836452,-0.9993529818457018,-0.9913066341198878,-0.6205080237224818,-0.9992678685065256,-0.9739649733182916,-0.6742694266681457,-0.9893695467549646,-0.965344284795517,-0.9277143891934264,-0.9236371345351811,-0.9215979456177423,-0.9711995258464853,0.6519967402856282,0.7326499686718448,1.0,0.9816339516568232,0.9509741635250387,0.3174015302878489,0.32797610451574866,0.51494353827058,0.4880781994374151,0.47934964831832577,0.0,1.0,1.0,1.0,1.0
3,0.0,0.0,0.0,-0.18978191912174225,-0.07751655578613281,-6.032081364537589e-05,-0.3207581639289856,-0.2191847562789917,-0.0001004134101094678,-0.363525927066803,-0.3608529567718506,-0.0001426012022420764,-0.39292874932289124,-0.5132130980491638,-0.00017646139895077795,-0.30739325284957886,-0.553307831287384,-1.6489690324306139e-06,-0.38490980863571167,-0.7003220319747925,-8.843474643072113e-05,-0.4036206901073456,-0.7003220319747925,-0.00016487945686094463,-0.39292874932289124,-0.6281514167785645,-0.00020465682609938085,-0.17107102274894714,-0.6201324462890625,-1.2947883988090325e-05,-0.22185774147510529,-0.8259522914886475,-6.707121065119281e-05,-0.2646254897117615,-0.9275256991386414,-0.00012338667875155807,-0.30739325284957886,-0.9515825510025024,-0.00016218815289903432,-0.029402831569314003,-0.6228054761886597,-4.2828738514799625e-05,-0.04544074088335037,-0.8232793211936951,-9.344988211523741e-05,-0.08286252617835999,-0.9301987290382385,-0.0001335456472588703,-0.1363222301006317,-0.9702934622764587,-0.00015863268345128745,0.11226536333560944,-0.5693457722663879,-8.052686462178826e-05,0.11761132627725601,-0.7457627654075623,-0.00012212559522595257,0.09088148176670074,-0.8553551435470581,-0.00014641440066043288,0.0400947704911232,-0.9275256991386414,-0.00016018304449971765,-0.9997606932528944,-0.46640736475958705,0.14654519086548087,-0.9996287574476883,-0.9877628658081413,-0.7900631394195075,-0.999466824370038,-0.967196273529414,-0.8305954099585762,-0.9865180347657803,-0.9638974446092907,-0.930882257316846,-0.9061001411039752,-0.8991313016821026,-0.9947465332473557,0.6463595795889617,0.7409232679294442,1.0,0.9798229947006086,0.9283919387908676,0.3163595510384042,0.35001580477291905,0.5301288731380448,0.500455014314026,0.4697854344028508,0.0,1.0,1.0,1.0,1.0
3,0.0,0.0,0.0,-0.19180914759635925,-0.08258449286222458,-5.691040132660419e-05,-0.31968191266059875,-0.22377733886241913,-9.28126901271753e-05,-0.362306147813797,-0.3676341772079468,-0.00013060946366749704,-0.39693835377693176,-0.5194830894470215,-0.0001597413356648758,-0.3036978244781494,-0.5514512658119202,1.2239487432452734e-06,-0.3889463245868683,-0.7033001780509949,-7.99705449026078e-05,-0.4102584421634674,-0.6953081488609314,-0.00014982299762777984,-0.4049304127693176,-0.6207156777381897,-0.00018457845726516098,-0.16783300042152405,-0.6153876781463623,-9.499516636424232e-06,-0.22377733886241913,-0.8231809139251709,-5.768237679149024e-05,-0.26640158891677856,-0.921749472618103,-0.0001066231561708264,-0.3090258538722992,-0.9510536789894104,-0.00013959963689558208,-0.029304174706339836,-0.6180517077445984,-3.824122904916294e-05,-0.0506163015961647,-0.8151888847351074,-8.415390766458586e-05,-0.08524850755929947,-0.9244135022163391,-0.0001167314694612287,-0.13586480915546417,-0.9776938557624817,-0.0001362328912364319,0.10922464728355408,-0.5647713541984558,-7.466137321898714e-05,0.11188866943120956,-0.7405964136123657,-0.0001126431452576071,0.08524850755929947,-0.8471570611000061,-0.0001308537321165204,0.037296220660209656,-0.9244135022163391,-0.0001393591082887724,-0.9999666839974468,-0.1521924307869936,-0.2835205180077406,-0.9999946478428745,-0.9894834726325181,-0.8470639122397065,-0.9981817084312882,-0.9801943265277347,-0.8992620600439015,-0.9845716687417059,-0.9663568155747139,-0.9521763263966931,-0.9096748907359913,-0.9013680731733457,-0.9979641744517938,0.6537757799104033,0.7411185175688221,1.0,0.9870888561650122,0.9251656087322616,0.3224462646095881,0.3597340927122727,0.5335746242731944,0.5110116260456006,0.4689570363213622,0.0,1.0,1.0,1.0,1.0
3,0.0,0.0,0.0,-0.18347884714603424,-0.08509163558483124,-5.617253191303462e-05,-0.30579808354377747,-0.22070643305778503,-9.17307916097343e-05,-0.3510030210018158,-0.36429858207702637,-0.00012977789447177202,-0.3882305920124054,-0.515868067741394,-0.00015928561333566904,-0.2951616048812866,-0.5557547807693481,1.1188732059963513e-05,-0.3749350309371948,-0.6966877579689026,-6.411418871721253e-05,-0.39620792865753174,-0.6993468999862671,-0.00013278232654556632,-0.3935488164424896,-0.6435055136680603,-0.0001694388483883813,-0.16486504673957825,-0.6195734739303589,6.845269240329799e-07,-0.22070643305778503,-0.8216661214828491,-4.2222753108944744e-05,-0.26059314608573914,-0.9200533628463745,-9.143986244453117e-05,-0.2978207468986511,-0.9546217918395996,-0.0001266079634660855,-0.026591137051582336,-0.6222326159477234,-2.7928779672947712e-05,-0.05318227410316467,-0.8216661214828491,-7.080374780343845e-05,-0.08775075525045395,-0.9280306696891785,-0.00010447180829942226,-0.1356147974729538,-0.9758947491645813,-0.00012566613440867513,0.11434188485145569,-0.5770276784896851,-6.457987910835072e-05,0.1170010045170784,-0.7551882863044739,-0.00010035566083388403,0.09040986746549606,-0.8642119765281677,-0.00011978425027336925,0.039886705577373505,-0.9333488941192627,-0.00013020737969782203,-0.9996393164248932,-0.5967347862723837,0.17108918612730653,-0.9999545900553182,-0.993329252115413,-0.9059149672107022,-0.9959667797434218,-0.9835414877042298,-0.8910395616089629,-0.9837184755989052,-0.9678758428986102,-0.9242049917676021,-0.9200240784270568,-0.9094217399424105,-0.9979433264186651,0.6456337033570743,0.7543076497477907,1.0,0.9852724638017519,0.9342008129091011,0.3164363543233279,0.36089142306808714,0.5291580238844694,0.504696417719104,0.4724756414945407,0.0,1.0,1.0,1.0,1.0
3,0.0,0.0,0.0,-0.19768010079860687,-0.09752218425273895,-3.724290581885725e-05,-0.3057452440261841,-0.24512332677841187,-6.262879469431937e-05,-0.3347383141517639,-0.3821815252304077,-9.328348824055865e-05,-0.3690028786659241,-0.5192397236824036,-0.0001168205781141296,-0.297838032245636,-0.5693187117576599,3.043628021259792e-05,-0.3663671314716339,-0.7116484045982361,-3.5502936952980235e-05,-0.3769100606441498,-0.7169198393821716,-0.00010018250031862408,-0.3690028786659241,-0.6562979817390442,-0.00013621215475723147,-0.16077981889247894,-0.6299406290054321,1.078641798812896e-05,-0.2108587771654129,-0.830256462097168,-2.4849467081367038e-05,-0.2424875944852829,-0.91987144947052,-7.29788516764529e-05,-0.2820236086845398,-0.9594074487686157,-0.00010896525054704398,-0.026357347145676613,-0.6299406290054321,-2.4827622837619856e-05,-0.04480748996138573,-0.8249849677085876,-6.017087434884161e-05,-0.07907204329967499,-0.9277786612510681,-8.978904224932194e-05,-0.12651526927947998,-0.9778575897216797,-0.00011059665848733857,0.11860806494951248,-0.5745901465415955,-6.723191472701728e-05,0.12387952953577042,-0.7538201212882996,-9.559523459756747e-05,0.10279365628957748,-0.8592495322227478,-0.00010871211998164654,0.05798616632819176,-0.9409573078155518,-0.00011670467938529328,-0.999446484123639,-0.7909469868651253,0.5591298970889141,-0.9999879718429135,-0.995555678517199,-0.9021342053767876,-0.9986223053271707,-0.9742475955601777,-0.9061831284187697,-0.9848724835000917,-0.9743911824322965,-0.9540843707174335,-0.8867537890570173,-0.9116524563971092,-0.9993334523863241,0.6370031885730345,0.7529210219874878,1.0,0.9860078745471339,0.9427422661157427,0.2982226928814811,0.34390438479668173,0.5221895838767807,0.4999426891781966,0.4785524806657418,0.0,1.0,1.0,1.0,1.0
